index,noise_time,correction_active,future_time,future_gap_rms,future_current_cosine,future_fallback,current_gap_rms,selected_direction_rms,selected_current_cosine,selected_current_norm_ratio,zero_current_gap
0,1.0,True,0.96875,0.16703866761658462,0.13130588418308406,0.0,0.08997550210164439,0.08997550258232702,0.13130588403427898,1.0000000136994547,0.0
1,0.9987389445304871,True,0.9674889445304871,0.17051106532134355,0.15324124986786516,0.0,0.08456095947974152,0.08456095979518947,0.1532412484708813,1.0000000110557001,0.0
2,0.9974554777145386,True,0.9662054777145386,0.17397745848903734,0.17720635066319618,0.0,0.08136211059266521,0.08136211048751589,0.17720634996470425,1.0000000016823891,0.0
3,0.996148943901062,True,0.964898943901062,0.17716538755884093,0.20596046315791505,0.0,0.08034055238409389,0.08034055274460584,0.20596046229043313,1.0000000088926284,0.0
4,0.9948186874389648,True,0.9635686874389648,0.18020953361185327,0.23811374139040709,0.0,0.08157172178729408,0.08157172232806202,0.23811373799558608,1.000000011536383,0.0
5,0.9934640526771545,True,0.9622140526771545,0.18337972068618383,0.27288014051173964,0.0,0.08500445604083999,0.0850044563713093,0.2728801399259077,1.0000000098539936,0.0
6,0.9920844435691833,True,0.9608344435691833,0.18656731823519354,0.3083812405144976,0.0,0.09060158286123507,0.09060158326681103,0.30838123958317504,1.0000000105750175,0.0
7,0.9906790852546692,True,0.9594290852546692,0.18937950094621028,0.3406384851362917,0.0,0.09757647332885573,0.09757647376447436,0.3406384849560357,1.0000000122574069,0.0
8,0.9892473220825195,True,0.9579973220825195,0.19193210572965683,0.37269090380399456,0.0,0.10511850281768749,0.10511850358377542,0.3726909010400695,1.000000013218772,0.0
9,0.9877883195877075,True,0.9565383195877075,0.1945188655367782,0.4019164606448143,0.0,0.11259211120646327,0.11259211170216722,0.4019164584817425,1.0000000136994547,0.0
10,0.9863013625144958,True,0.9550513625144958,0.19685324810204968,0.4292062361754717,0.0,0.12040271106806974,0.120402711804115,0.4292062317291575,1.0000000158625264,0.0
11,0.9847856163978577,True,0.9535356163978577,0.19882864174583265,0.4561268831453016,0.0,0.12852997143542574,0.12852997173585237,0.45612688224402165,1.0000000108153588,0.0
12,0.9832402467727661,True,0.9519902467727661,0.20083568392381554,0.4821752868893166,0.0,0.1365224892393716,0.1365224900805662,0.48217528196231974,1.0000000165835503,0.0
13,0.9816642999649048,True,0.9504142999649048,0.20250424754715735,0.5063202801130472,0.0,0.14416158616903327,0.1441615871604412,0.5063202760272449,1.000000011536383,0.0
14,0.9800570011138916,True,0.9488070011138916,0.2042500955923911,0.5313293128725021,0.0,0.15155919109501184,0.15155919208641974,0.5313293083661026,1.0000000136994547,0.0
15,0.9784172773361206,True,0.9471672773361206,0.20598305509455742,0.5543033514892862,0.0,0.15856314243208017,0.15856314312306144,0.5543033516094569,1.000000011536383,0.0
16,0.9767442345619202,True,0.9454942345619202,0.20752575062215328,0.5788782813375996,0.0,0.16549011593263957,0.16549011677383416,0.5788782824191355,1.0000000108153588,0.0
17,0.9750366806983948,True,0.9437866806983948,0.20886335191467115,0.6013166620846717,0.0,0.17194041369422788,0.1719404137543132,0.6013166616039891,1.000000006969898,0.0
18,0.9732937812805176,True,0.9420437812805176,0.2101287255964933,0.6236905002545926,0.0,0.17811422969304747,0.17811423077458335,0.6236904976108382,1.0000000105750175,0.0
19,0.9715142250061035,True,0.9402642250061035,0.21138372248218906,0.6444116286452739,0.0,0.18374790539664607,0.1837479068687366,0.6444116225165706,1.0000000161028677,0.0
20,0.9696969985961914,False,,,,,0.18870247374739377,0.18870247374739377,0.99999997981133,1.0,0.0
21,0.9678407311439514,False,,,,,0.19295988009581644,0.19295988009581644,0.9999999778885995,1.0,0.0
22,0.9659442901611328,False,,,,,0.1964714132369526,0.1964714132369526,0.999999986060204,1.0,0.0
23,0.964006245136261,False,,,,,0.19935761404133612,0.19935761404133612,0.999999979090306,1.0,0.0
24,0.9620253443717957,False,,,,,0.20183864530296095,0.20183864530296095,0.9999999814937192,1.0,0.0
25,0.9599999785423279,False,,,,,0.203811063641502,0.203811063641502,0.9999999786096234,1.0,0.0
26,0.9579287767410278,False,,,,,0.205525811641447,0.205525811641447,0.9999999788499647,1.0,0.0
27,0.9558101296424866,False,,,,,0.20713941518577836,0.20713941518577836,0.9999999819744018,1.0,0.0
28,0.9536424279212952,False,,,,,0.20855384001568442,0.20855384001568442,0.9999999814937192,1.0,0.0
29,0.9514237642288208,False,,,,,0.20988671709933587,0.20988671709933587,0.999999980532354,1.0,0.0
30,0.9491525292396545,False,,,,,0.21117404001134057,0.21117404001134057,0.9999999822147431,1.0,0.0
31,0.9468267560005188,False,,,,,0.2124455776065588,0.2124455776065588,0.999999983656791,1.0,0.0
32,0.9444444179534912,False,,,,,0.21368391781805024,0.21368391781805024,0.9999999800516713,1.0,0.0
33,0.9420035481452942,False,,,,,0.21471976350632407,0.21471976350632407,0.9999999843778149,1.0,0.0
34,0.9395017623901367,False,,,,,0.2156816904222773,0.2156816904222773,0.9999999814937192,1.0,0.0
35,0.9369369745254517,False,,,,,0.21660159420101874,0.21660159420101874,0.9999999819744018,1.0,0.0
36,0.9343065619468689,False,,,,,0.21748542280927782,0.21748542280927782,0.999999982935767,1.0,0.0
37,0.9316081404685974,False,,,,,0.2182556723635043,0.2182556723635043,0.9999999826954257,1.0,0.0
38,0.9288389086723328,False,,,,,0.21889237014036025,0.21889237014036025,0.9999999838971323,1.0,0.0
39,0.9259962439537048,False,,,,,0.21952933842136013,0.21952933842136013,0.9999999872619106,1.0,0.0
40,0.9230769276618958,False,,,,,0.220042958675373,0.220042958675373,0.9999999814937192,1.0,0.0
41,0.9200779795646667,False,,,,,0.22044045892694303,0.22044045892694303,0.9999999850988388,1.0,0.0
42,0.9169960021972656,False,,,,,0.2207006028582973,0.2207006028582973,0.9999999826954257,1.0,0.0
43,0.913827657699585,False,,,,,0.22093516293792956,0.22093516293792956,0.9999999800516713,1.0,0.0
44,0.9105690717697144,False,,,,,0.2211978320152529,0.2211978320152529,0.9999999802920126,1.0,0.0
45,0.9072164297103882,False,,,,,0.2213054004936449,0.2213054004936449,0.999999982935767,1.0,0.0
46,0.9037656784057617,False,,,,,0.2214505084820332,0.2214505084820332,0.999999982935767,1.0,0.0
47,0.9002123475074768,False,,,,,0.2215433421154176,0.2215433421154176,0.9999999870215693,1.0,0.0
48,0.8965517282485962,False,,,,,0.2214899772718068,0.2214899772718068,0.9999999831761083,1.0,0.0
49,0.8927790522575378,False,,,,,0.2214171686960805,0.2214171686960805,0.9999999858198627,1.0,0.0
50,0.8888888955116272,False,,,,,0.22122462286103156,0.22122462286103156,0.9999999814937192,1.0,0.0
51,0.8848758339881897,False,,,,,0.22109798552288162,0.22109798552288162,0.9999999831761083,1.0,0.0
52,0.8807339668273926,False,,,,,0.22091316954503137,0.22091316954503137,0.9999999870215693,1.0,0.0
53,0.8764568567276001,False,,,,,0.22068316928080975,0.22068316928080975,0.9999999812533779,1.0,0.0
54,0.8720378875732422,False,,,,,0.22037845261154637,0.22037845261154637,0.999999983656791,1.0,0.0
55,0.8674699068069458,False,,,,,0.21999160134263576,0.21999160134263576,0.9999999843778149,1.0,0.0
56,0.8627451062202454,False,,,,,0.21957428422906705,0.21957428422906705,0.9999999889442998,1.0,0.0
57,0.8578553795814514,False,,,,,0.21912247867834184,0.21912247867834184,0.999999983656791,1.0,0.0
58,0.8527919054031372,False,,,,,0.21867899933168966,0.21867899933168966,0.9999999858198627,1.0,0.0
59,0.8475452661514282,False,,,,,0.21821642282509035,0.21821642282509035,0.9999999800516713,1.0,0.0
60,0.8421052694320679,False,,,,,0.21769762640037843,0.21769762640037843,0.9999999831761083,1.0,0.0
61,0.836461067199707,False,,,,,0.21721035884993692,0.21721035884993692,0.9999999853391801,1.0,0.0
62,0.8306010961532593,False,,,,,0.21669831553534155,0.21669831553534155,0.9999999822147431,1.0,0.0
63,0.8245124816894531,False,,,,,0.21614815012341546,0.21614815012341546,0.9999999843778149,1.0,0.0
64,0.8181818127632141,False,,,,,0.21557041467918503,0.21557041467918503,0.9999999810130366,1.0,0.0
65,0.8115941882133484,False,,,,,0.21502641366133768,0.21502641366133768,0.999999983656791,1.0,0.0
66,0.8047336935997009,False,,,,,0.21442665111634038,0.21442665111634038,0.9999999817340605,1.0,0.0
67,0.7975830435752869,False,,,,,0.21373876009977633,0.21373876009977633,0.9999999865408866,1.0,0.0
68,0.790123462677002,False,,,,,0.21304071231955482,0.21304071231955482,0.9999999838971323,1.0,0.0
69,0.7823343873023987,False,,,,,0.21236387562126882,0.21236387562126882,0.999999982935767,1.0,0.0
70,0.774193525314331,False,,,,,0.21162556412239228,0.21162556412239228,0.9999999802920126,1.0,0.0
71,0.7656765580177307,False,,,,,0.210842979471049,0.210842979471049,0.9999999850988388,1.0,0.0
72,0.7567567229270935,False,,,,,0.2100613287259494,0.2100613287259494,0.9999999819744018,1.0,0.0
73,0.7474048137664795,False,,,,,0.20928480235799665,0.20928480235799665,0.9999999824550844,1.0,0.0
74,0.73758864402771,False,,,,,0.20843275456178573,0.20843275456178573,0.999999982935767,1.0,0.0
75,0.7272727489471436,False,,,,,0.20755958052412157,0.20755958052412157,0.9999999872619106,1.0,0.0
76,0.7164179682731628,False,,,,,0.2066606194862435,0.2066606194862435,0.9999999841374736,1.0,0.0
77,0.7049808502197266,False,,,,,0.20570501246519626,0.20570501246519626,0.999999986060204,1.0,0.0
78,0.6929134130477905,False,,,,,0.20462356357564848,0.20462356357564848,0.9999999843778149,1.0,0.0
79,0.6801619529724121,False,,,,,0.20360065606092254,0.20360065606092254,0.9999999824550844,1.0,0.0
80,0.6666666865348816,False,,,,,0.20239721953628526,0.20239721953628526,0.9999999826954257,1.0,0.0
81,0.6523604989051819,False,,,,,0.20116587541997433,0.20116587541997433,0.999999982935767,1.0,0.0
82,0.6371681094169617,False,,,,,0.1997928218615632,0.1997928218615632,0.9999999824550844,1.0,0.0
83,0.621004581451416,False,,,,,0.1983192675416508,0.1983192675416508,0.9999999776482582,1.0,0.0
84,0.6037735939025879,False,,,,,0.19664411787544528,0.19664411787544528,0.9999999795709887,1.0,0.0
85,0.5853658318519592,False,,,,,0.194779317525606,0.194779317525606,0.9999999843778149,1.0,0.0
86,0.5656565427780151,False,,,,,0.1926753612295274,0.1926753612295274,0.9999999812533779,1.0,0.0
87,0.5445026159286499,False,,,,,0.19031229477015235,0.19031229477015235,0.9999999824550844,1.0,0.0
88,0.52173912525177,False,,,,,0.18768022413696012,0.18768022413696012,0.9999999819744018,1.0,0.0
89,0.4971751570701599,False,,,,,0.1844838660570883,0.1844838660570883,0.9999999812533779,1.0,0.0
90,0.47058823704719543,False,,,,,0.18077460081586916,0.18077460081586916,0.9999999793306473,1.0,0.0
91,0.4417177736759186,False,,,,,0.17634060041558358,0.17634060041558358,0.9999999807726953,1.0,0.0
92,0.41025641560554504,False,,,,,0.17107875464904693,0.17107875464904693,0.9999999831761083,1.0,0.0
93,0.3758389353752136,False,,,,,0.16472299913725547,0.16472299913725547,0.9999999822147431,1.0,0.0
94,0.3380281627178192,False,,,,,0.15706512193766334,0.15706512193766334,0.9999999812533779,1.0,0.0
95,0.29629629850387573,False,,,,,0.14828081266774285,0.14828081266774285,0.999999972841432,1.0,0.0
96,0.25,False,,,,,0.13985416133918108,0.13985416133918108,0.9999999711590428,1.0,0.0
97,0.1983470916748047,False,,,,,0.1357229055175858,0.1357229055175858,0.9999999721204081,1.0,0.0
98,0.14035087823867798,False,,,,,0.14319652054579027,0.14319652054579027,0.999999973562456,1.0,0.0
99,0.07476635277271271,False,,,,,0.16155977246742095,0.16155977246742095,0.9999999846181562,1.0,0.0
