ambient_dim,hidden_dim,time,model,model_kind,seeds,first_bayes_mse_mean,second_bayes_mse_mean,first_paired_mse_mean,second_paired_mse_mean,branch_error_cosine_mean_mean,branch_error_cosine_negative_fraction_mean,oracle_gate_mean_mean,oracle_bayes_mse_mean,oracle_gain_over_best_branch_mean,learned_gate_mean_mean,learned_bayes_mse_mean,learned_gate_mae_to_oracle_mean,first_bayes_mse_std,second_bayes_mse_std,first_paired_mse_std,second_paired_mse_std,branch_error_cosine_mean_std,branch_error_cosine_negative_fraction_std,oracle_gate_mean_std,oracle_bayes_mse_std,oracle_gain_over_best_branch_std,learned_gate_mean_std,learned_bayes_mse_std,learned_gate_mae_to_oracle_std
2,128,0.01,D0_xeps,x_plus_epsilon,3,0.0007286473313191,11.671453158060709,1.0074976881345112,12.628060340881348,0.006994580229123397,0.520263671875,0.9964160323143005,0.0005607464117929,0.22270291313943938,,,,0.00034771586150201677,3.8669739763227757,0.01361221241589939,3.8945383161232705,0.25498326905874896,0.19420891832799514,0.002564874346754732,0.00026026845633455876,0.07040084102966158,0.0,0.0,0.0
2,128,0.01,D1_scaled,x_plus_epsilon,3,0.0007539523843054334,13.545221328735352,1.0074351628621419,14.499120712280273,0.010926534732182802,0.5005696614583334,0.9968451658884684,0.0005928555765421666,0.23660275311836235,0.9400825103123983,0.044374516544242626,0.05741935099164643,0.00040752260259134667,5.8342921081432,0.013521283772892303,5.836650991315811,0.1981258510474235,0.1505047913904942,0.0009591253579167378,0.00035339196007467595,0.09691864452361673,0.01457984367891925,0.043855174641745445,0.01474879862874866
2,128,0.01,D2_velocity,x_plus_epsilon,3,0.002191996880962167,16.12345250447591,1.009300947189331,17.17177931467692,0.023833349347114587,0.4785970052083333,0.9950682520866394,0.0016768866917117667,0.2827221964567477,0.9981090029080709,0.0022513175499625,0.005427733063697766,0.0012256920428139967,5.7603932140544485,0.013428233175756548,5.728149689126206,0.4645690244444625,0.2926813708248814,0.0014548701509804415,0.001071316312837311,0.16368344725038572,0.001229514138419326,0.0012760859597914834,0.0009310891593543026
2,128,0.01,D4_safe,x_plus_epsilon,3,0.0004927743866573333,14.8428742090861,1.0072092612584431,15.805421829223633,-0.04823886851469674,0.5253092447916666,0.9972813129425049,0.000321434456661,0.3535746163991396,0.9983585079511007,0.0005159904443037333,0.002875506645068467,6.492668479618938e-05,2.2183057037046106,0.012979421003025762,2.153971431327428,0.31310834718839126,0.22082871546205596,0.0015288788810926763,0.00010485598407906719,0.1707701102806791,0.0007760950722053091,0.00011036608422105277,0.000715529825858774
2,128,0.01,S0_xv,x_plus_v,3,0.0022364281273136,0.0030859334704776,1.0093887646993,1.0097015301386516,0.13660910725593567,0.4181315104166667,0.6892181038856506,0.0008271145440327,0.6427386327503659,,,,0.00037676572541932665,0.00020318422933288967,0.01432015607853248,0.013454648243965655,0.43141626555857226,0.2784483854746943,0.04290555028772632,0.00040947802328331626,0.14761006962539047,0.0,0.0,0.0
2,128,0.01,S1_xv,x_plus_v,3,0.0018660056327158999,0.0025851265139256335,1.0087200403213503,1.0095397233963013,0.16051695744196573,0.4012858072916667,0.7025827964146932,0.0006141113117336666,0.6598041476921109,,,,0.0002316567584631842,0.0011067758723431438,0.01354085791324854,0.014174234001159495,0.28329197126951855,0.19123775825299366,0.09686250842180162,0.00025111793543555657,0.07191301395231048,0.0,0.0,0.0
2,128,0.03,D0_xeps,x_plus_epsilon,3,0.0006179295402640334,0.9365193446477255,1.0506764650344849,2.001127243041992,0.1770804896950722,0.366943359375,0.9926087856292725,0.0004967890902965334,0.23842070315025551,,,,0.00043592978918602826,0.2785131823384171,0.015548794317586483,0.2946682874902871,0.31559072885035155,0.20234663088599797,0.00350899216776544,0.00041000860106463915,0.09654731148618971,0.0,0.0,0.0
2,128,0.03,D1_scaled,x_plus_epsilon,3,0.0006613539687047001,0.9983718395233154,1.0509153604507446,2.076101779937744,0.20330253491799036,0.3680013020833333,0.9919579029083252,0.0005503090069396,0.22064745844398562,0.9232934912045797,0.004531355574727033,0.072429043551286,0.0004909664067744324,0.39100791162297316,0.015795225545144533,0.4045569147186386,0.39078128134287826,0.21920433999461594,0.0027197226445091548,0.00047964410122654515,0.10713698177334531,0.012925602882972724,0.0034804160677301744,0.01361711246593225
2,128,0.03,D2_velocity,x_plus_epsilon,3,0.0016418372979387,1.1501054763793945,1.0504864851633708,2.1986780961354575,0.13536165654659268,0.4150390625,0.985301653544108,0.0012900347743803667,0.2295905949552688,0.9950863917668661,0.0017093479012448998,0.0170686825489004,0.0009532413161480602,0.44722650423709004,0.014194583262847647,0.4601400109979883,0.3170976659174775,0.20628842660538294,0.005457809487193928,0.000781533359181114,0.0755244211124683,0.002544256443329101,0.0008880692167427349,0.00295482206007188
2,128,0.03,D4_safe,x_plus_epsilon,3,0.0004710206897773667,0.908873438835144,1.0504673719406128,1.972890853881836,0.17514040817817053,0.3916015625,0.9929848114649454,0.0003673472723069667,0.257340506101867,0.9941484332084656,0.0005496698722708334,0.009658873081207234,0.00026416493946714026,0.21857726951915904,0.015304745314560829,0.2276211177619774,0.34943112315218483,0.2193616761946128,0.0036579072582674653,0.0002648104432723158,0.1253457815817909,0.002273403030068964,0.0003843833560043214,0.0006797184158939137
2,128,0.03,S0_xv,x_plus_v,3,0.0012210669616857666,0.0020023171479502666,1.0512194236119587,1.0513360897699993,0.055816357334454836,0.4571940104166667,0.6775196194648743,0.0005415035896779,0.5513729363492781,,,,7.058110925693062e-05,0.0005142825988274418,0.014228936084732443,0.01567487743608705,0.1195374603765228,0.08948389493079566,0.07688849859398092,0.00021738280797476957,0.18909856810888884,0.0,0.0,0.0
2,128,0.03,S1_xv,x_plus_v,3,0.0010455260829378334,0.0020197434544873332,1.0511420170466106,1.0522300402323406,0.0498736004034678,0.457763671875,0.67432967821757,0.0004340925176317,0.5525655119839147,,,,0.00014248443954056132,0.0011431140406640574,0.014725401284723235,0.01486021971555593,0.17841870022280834,0.12170624420208316,0.09620925820923644,0.00016807447753088836,0.19220484337270316,0.0,0.0,0.0
2,128,0.1,D0_xeps,x_plus_epsilon,3,0.0005383607737409,0.07196912914514537,1.1915367046991985,1.258008599281311,0.16549764325221372,0.380615234375,0.9649582505226135,0.00047121462800226664,0.15663626290073754,,,,0.00032059206188812995,0.029696895388452983,0.009441261223327837,0.02348299308274939,0.1743408700426661,0.11272425023834434,0.004581601536008702,0.000322065184556692,0.0898737393527839,0.0,0.0,0.0
2,128,0.1,D1_scaled,x_plus_epsilon,3,0.0005301205965224,0.07990972325205799,1.191679835319519,1.269636829694112,0.20121272901693985,0.3517252604166667,0.9629452625910441,0.00046968714256453336,0.1448171157787534,0.9113958875338236,0.0008944942674133666,0.09114829450845717,0.000332656885738606,0.03906958538456158,0.009470012340534097,0.03271916672031326,0.3196898640349012,0.19986371125323768,0.007648456506639186,0.00033608130276573475,0.08243940904241985,0.012279678372253798,0.0005544091923147735,0.018183250544395527
2,128,0.1,D2_velocity,x_plus_epsilon,3,0.0014286686200648332,0.0792751088738441,1.192773699760437,1.268933892250061,0.1518138267565519,0.4053548177083333,0.9337906241416931,0.0011478732728088666,0.19705027756806026,0.9781272411346436,0.0014959981975455666,0.07140039155880606,0.000641980005480335,0.0248242903882788,0.00823026124807601,0.023515888556946918,0.3234442082338561,0.18145156920739017,0.018104837597985375,0.0005151688725329541,0.012469070159735895,0.012089740417065677,0.0005928899729825507,0.018992493018656485
2,128,0.1,D4_safe,x_plus_epsilon,3,0.0003992408067763667,0.0796738987167676,1.1912631193796794,1.2694111267725627,0.19001794854799905,0.398681640625,0.979609747727712,0.0003613654165140333,0.12276022935210579,0.9751755396525065,0.0005167489192293,0.030730952819188403,0.00022180772698105763,0.02531659416492729,0.009582033945696056,0.02348906991989661,0.41532077751198837,0.27800242691215676,0.008960724924509353,0.0002354353313437974,0.08204713457242042,0.00926240668593708,0.0003880807571626685,0.007621347581054205
2,128,0.1,S0_xv,x_plus_v,3,0.0008561203915935667,0.0014586519488754002,1.192264159520467,1.1923586527506511,-0.0427865029002229,0.529541015625,0.6131701469421387,0.00029158516554156664,0.668255972393479,,,,0.0002107326616550315,0.0006489727221886844,0.00870777107766205,0.009742302161552419,0.15054288394094645,0.10277972362726855,0.1107478441491534,0.00014193338067209252,0.08057019268756672,0.0,0.0,0.0
2,128,0.1,S1_xv,x_plus_v,3,0.0007635614407869334,0.0013729568454436333,1.1919573942820232,1.192053000132243,-0.13627768928805983,0.5782063802083334,0.6056312719980875,0.00029779866842236666,0.5647536170652266,,,,0.0002099841924886357,0.0008842806693347833,0.008590674008191539,0.009924816234870976,0.06477130384161453,0.04429812618509202,0.11923593339478696,0.00015752813603941906,0.08970975829464502,0.0,0.0,0.0
2,128,0.3,D0_xeps,x_plus_epsilon,3,0.0009339333434278332,0.005633352557197133,1.7070221900939941,1.712830384572347,0.24939863880475358,0.3400065104166667,0.8019791841506958,0.0005573377905723668,0.435228272574429,,,,0.00048212030141770644,0.002520431089204359,0.007208907137721354,0.010496287113528175,0.14355451737138272,0.11302981480130332,0.0971766359026608,0.0004008965449787738,0.1401912701612111,0.0,0.0,0.0
2,128,0.3,D1_scaled,x_plus_epsilon,3,0.0009821537920894333,0.006500393617898167,1.707379142443339,1.7159833908081055,0.10270339002211892,0.4273274739583333,0.7962555487950643,0.0005999169952701334,0.42230052876201735,0.8642112016677856,0.0009326149593107,0.20151094595591224,0.0005357653866959139,0.002633296653882465,0.006848874550641261,0.011316959437947598,0.23202982483040813,0.14687535982561337,0.09190151036176337,0.0004243452673836547,0.11062162685561763,0.010119813865784753,0.0005198297946291399,0.0803818187665459
2,128,0.3,D2_velocity,x_plus_epsilon,3,0.0018779092545931,0.0095376021539171,1.707865794499715,1.7166091203689575,0.19168875366449353,0.3671061197916667,0.7877421577771505,0.0009436142475653999,0.4963999050290116,0.9388684431711832,0.0018202963595588333,0.21590145428975424,0.00045147331434099066,0.0010783297073145453,0.008260553379051246,0.00836136380946858,0.09623449656604804,0.048926495961180254,0.03207740068196787,0.00021290622982235205,0.017279939180909074,0.008351602273018096,0.0003970195878197163,0.02825428700667449
2,128,0.3,D4_safe,x_plus_epsilon,3,0.0007015823891075333,0.006409698631614401,1.7069748640060425,1.715260108311971,0.18364381790161133,0.385986328125,0.8351059357325236,0.00046645816958813336,0.38720550153049743,0.8793512185414633,0.0006951935841546,0.1654306501150131,0.0004445727814013821,0.0024020308181432366,0.007124584502738099,0.012079028340766814,0.309450047358702,0.2050680975506091,0.08903296925351253,0.00040075642063430353,0.14692818439863936,0.032510314928529696,0.00045527241053737715,0.08281074815134778
2,128,0.3,S0_xv,x_plus_v,3,0.0013704456699390668,0.0012803078861906667,1.7072413365046184,1.7075873215993245,0.26557569826642674,0.3527018229166667,0.525077352921168,0.0004521281710670333,0.5931080062766357,,,,0.0005509280369514363,8.387289966348391e-05,0.007926624117050623,0.007513883448705497,0.26398741936776315,0.15436684353963204,0.1111016907569967,0.0001353543203692996,0.11558282090224835,0.0,0.0,0.0
2,128,0.3,S1_xv,x_plus_v,3,0.0011897018994204334,0.0009583653106043332,1.7070012092590332,1.7070103486378987,0.4022055168946584,0.22713216145833334,0.5119485557079315,0.00044552970211946663,0.467353230301868,,,,0.0006382815728493182,0.00041516100069992665,0.007845059275172516,0.00691495264986858,0.0884684717431275,0.046120182368129405,0.18120251839705653,0.00020231314714105338,0.03911335370177015,0.0,0.0,0.0
2,128,0.5,D0_xeps,x_plus_epsilon,3,0.0013899363499755002,0.0035923029451320003,1.97219451268514,1.9744921525319417,0.14448675016562143,0.3973795572916667,0.6311156749725342,0.0008025162969715333,0.42391314766251104,,,,0.00016131795528277366,0.0013670359182226812,0.042272973983622265,0.04561677974952612,0.2356522825440133,0.14431836370112164,0.048431120487434656,0.00011788924091202055,0.01734585043361522,0.0,0.0,0.0
2,128,0.5,D1_scaled,x_plus_epsilon,3,0.0014189002492154001,0.003468050466229467,1.9722331364949544,1.974170168240865,0.11777639389038086,0.4227701822916667,0.6298801501592001,0.0007674169222202668,0.4684979281099146,0.6188827157020569,0.0012225548659140332,0.2905477285385132,0.0002882074201999134,0.0009605974167643383,0.04180946115826177,0.04528969424251964,0.3285819183179747,0.18600973654800318,0.035396786844686626,0.0002644033836042049,0.07160268699237757,0.010851347018833153,0.00038134356866692195,0.06002009238728159
2,128,0.5,D2_velocity,x_plus_epsilon,3,0.0016450742647672334,0.006294497754424766,1.9721262852350872,1.976647933324178,0.23058286805947623,0.36083984375,0.7297601302464803,0.0010033279540948,0.3937959472611481,0.6749046842257181,0.0017131675267591667,0.3055723508199056,0.00012511072082763567,0.0008394119391889747,0.041705750573364404,0.043597785790488994,0.12732957568237832,0.08497040794469474,0.0437526537964316,0.00032634998658472486,0.17011960003340498,0.0342639599324568,0.000342237261970743,0.03521991208533549
2,128,0.5,D4_safe,x_plus_epsilon,3,0.0013239319669082334,0.003891273556898,1.9729666709899902,1.9748332500457764,0.2321323435753584,0.363525390625,0.6792188286781311,0.0007136444134326667,0.46604530892837454,0.6696948210398356,0.0012246841409553667,0.30514234304428095,0.00022898251613706302,0.000834367556289698,0.04210633523207909,0.044538603877926755,0.27587386665227603,0.16854051373452456,0.05676824211668857,0.0002002062366083052,0.09290464912813669,0.05354091510745392,0.0003759956076177613,0.060519895602261765
2,128,0.5,S0_xv,x_plus_v,3,0.005626040200392366,0.0021525715710594665,1.9762529134750366,1.9745705127716064,0.11891731619834896,0.4403483072916667,0.3362475037574768,0.0010455219695964999,0.5219960799918384,,,,0.002071576550737851,0.000360156689663211,0.042488354805989635,0.04232708125263898,0.10869749880252255,0.08981001953295821,0.10226617176368653,0.00033926036447932126,0.08278110980519335,0.0,0.0,0.0
2,128,0.5,S1_xv,x_plus_v,3,0.005113265166679966,0.0016290760831907001,1.9758647680282595,1.9728591442108154,0.0647298041731119,0.4583333333333333,0.24420909086863196,0.0007823690248187001,0.5439204742779188,,,,0.0027283893038461747,0.000364763010371402,0.04215100487822191,0.042257445829141316,0.10702828704016301,0.07402428028495878,0.08729897321687513,0.00043373543062854403,0.1832952559746152,0.0,0.0,0.0
2,128,0.7,D0_xeps,x_plus_epsilon,3,0.008761769781509965,0.004942642990499666,1.590125282605489,1.5875932375590007,0.19015528758366898,0.3828938802083333,0.37339598933855694,0.002424297854304267,0.5066950809635058,,,,0.00023226427198533064,0.00038404302391013286,0.04330262428612307,0.046841220066910196,0.11165528427222758,0.06618027478754832,0.018930884885102937,0.0001817648260547164,0.06316518167649783,0.0,0.0,0.0
2,128,0.7,D1_scaled,x_plus_epsilon,3,0.0090365105619033,0.004694431088864733,1.5910371541976929,1.587449312210083,0.2303270921111106,0.3663736979166667,0.3622382779916127,0.0024547244732578,0.47356700270546787,0.209747443596522,0.0038664680129537666,0.30685678124427795,0.00042523294294947154,0.00033954286458696194,0.04301124832991197,0.04646501035488925,0.1767406870977607,0.0981546526445626,0.04139430776404685,0.00032645152126100816,0.09331793197500608,0.01525142897812148,0.0003034727310457233,0.008274137073223496
2,128,0.7,D2_velocity,x_plus_epsilon,3,0.014271545844773366,0.008411249611526667,1.596426288286845,1.5902800957361858,0.28246204058329266,0.3294270833333333,0.41640505194664,0.0045647878820697,0.453416384709555,0.16587165991465247,0.007749926609297501,0.38207923372586566,0.0018167704956675076,0.001382970418679305,0.04221058841214856,0.04569935088097427,0.040207764289116786,0.024705696321191288,0.031920588249140056,0.00045724627642818895,0.04104966584195754,0.06288903446463145,0.001415395669042547,0.03491407103560033
2,128,0.7,D4_safe,x_plus_epsilon,3,0.0079347854480147,0.0048303610334793,1.5902437766393025,1.5879577000935872,0.2153701757391293,0.3655598958333333,0.40074729919433594,0.0024167380761354663,0.49927217268512775,0.2470466991265614,0.0038393791764974,0.3152911563714345,0.001327739965052178,0.0004562302325439471,0.04375600465789118,0.04576482049163697,0.16178672257148977,0.08932388942770847,0.03353108114363359,0.0002024329117179569,0.012785479099374374,0.04138334283543807,0.00021648949222332635,0.04252039440480891
2,128,0.7,S0_xv,x_plus_v,3,0.041190836578607504,0.0174893246342738,1.6230614185333252,1.5996101299921672,0.2843477825323741,0.3375651041666667,0.2893334627151489,0.011945581684509867,0.3188460276240035,,,,0.004366058184040206,0.0016947908315797357,0.040947988256371914,0.04513934980629864,0.08652079487801811,0.04124049953911714,0.005270114202096345,0.0016854555250828158,0.038892746264084274,0.0,0.0,0.0
2,128,0.7,S1_xv,x_plus_v,3,0.0363677938779195,0.020276100685199066,1.619895100593567,1.603004773457845,0.37365050117174786,0.3015950520833333,0.31842876474062604,0.015595311298966366,0.23408251442978437,,,,0.001990097553382822,0.002497134754311057,0.04036070669531795,0.04566596823917711,0.02445555700574227,0.011722140351582587,0.04583269630659771,0.0026695706159773117,0.042105852085748754,0.0,0.0,0.0
2,128,0.9,D0_xeps,x_plus_epsilon,3,0.140945017337799,0.031321247418721464,0.8178613781929016,0.7055951158205668,0.3157809575398763,0.2972819010416667,0.1705971260865529,0.0223626488198836,0.2862927636640629,,,,0.02099983354532895,0.004796661481896434,0.029326797368467224,0.011638083112202843,0.05450479387802381,0.03848010464805389,0.04166645309946846,0.003495562025387329,0.005394982653267585,0.0,0.0,0.0
2,128,0.9,D1_scaled,x_plus_epsilon,3,0.12838864326477048,0.031946099673708234,0.7981809973716736,0.7054043610890707,0.3583891491095225,0.2757975260416667,0.18225443859895066,0.0227448965112368,0.28890683683244894,0.0109798361857732,0.03191636999448134,0.18323556582132972,0.019248290786073218,0.004696655414411567,0.03201468896064122,0.011506583257444736,0.03135197737557272,0.02823001893130604,0.035398533091138766,0.003663162310366469,0.029281562769090528,0.006907490606598954,0.004632573454235063,0.03445273414528262
2,128,0.9,D2_velocity,x_plus_epsilon,3,0.2720399598280588,0.053835332393646206,0.9431655208269755,0.7282575368881226,0.20345811545848844,0.3848470052083333,0.1495514685908953,0.04275994251171746,0.20265638144007106,0.00020019784521231915,0.05383309473594027,0.14958196381727848,0.03243988812005698,0.006446252732912068,0.02943521041656349,0.013646420038362028,0.04572868822505907,0.02288853623860279,0.02765600415180175,0.0031738521151284285,0.04528946994459998,0.00017551186660383271,0.006448930403678433,0.027637592895846625
2,128,0.9,D4_safe,x_plus_epsilon,3,0.1366920123497645,0.0293236225843429,0.8077687621116638,0.7030496597290039,0.23369732995827985,0.353271484375,0.18331604202588395,0.020834104778865898,0.29678161663017016,0.031045335034529303,0.0291410802553097,0.18585457404454545,0.010355493151146256,0.006158189474940295,0.01320088325863038,0.011843260515653384,0.12660602685308364,0.0708626312550722,0.0205785678811707,0.00573087333544038,0.055302966710547234,0.014140704947727716,0.006800155704827944,0.010002169318131898
2,128,0.9,S0_xv,x_plus_v,3,0.5476416349411011,0.2305780748526255,1.222698489824931,0.9049999515215555,0.6231398185094198,0.14412434895833334,0.17522324124972022,0.21155176063378647,0.08174874535581271,,,,0.04212283315880641,0.01906013728064185,0.047334492813935015,0.011697428301224087,0.07193829139303604,0.03968342957936909,0.03953862218373592,0.015032435438479116,0.026234937937182456,0.0,0.0,0.0
2,128,0.9,S1_xv,x_plus_v,3,0.5148523847262064,0.298581580320994,1.1886529127756755,0.9719678362210592,0.6081607242425283,0.15738932291666666,0.25597601135571796,0.26979391276836395,0.098049768763615,,,,0.02362803408380077,0.028406950269629715,0.025073824061586068,0.03545364988440148,0.1259516353846814,0.0690647607033452,0.054836805650131264,0.036546611682281877,0.0510774262871222,0.0,0.0,0.0
2,128,0.97,D0_xeps,x_plus_epsilon,3,1.5164637168248494,0.033673477669556896,2.34022847811381,0.8681319157282511,-0.19909770786762235,0.6234537760416666,0.0922613814473152,0.015698856984575568,0.5316666190612458,,,,0.2800184776297877,0.002095175037395443,0.28514116867404093,0.011035227455107436,0.05629676685895478,0.03884394220543484,0.01503417259230455,0.0008115740410307025,0.051420386689710794,0.0,0.0,0.0
2,128,0.97,D1_scaled,x_plus_epsilon,3,1.508243203163147,0.035013590008020366,2.3386195500691733,0.8700676361719767,-0.18864316741625464,0.612060546875,0.09151117255290346,0.015348601465423833,0.5614279652968612,0.015459583761791332,0.0334574940303961,0.08978414535522457,0.3466397902070848,0.001482605185015871,0.34820894164821864,0.009473138975977534,0.09883049213927635,0.07046027020439682,0.019523997070486344,0.0024961368387637494,0.07253006264810412,0.0063622990161212,0.0022351727389301784,0.01823191571867121
2,128,0.97,D2_velocity,x_plus_epsilon,3,2.1241345405578613,0.06067162752151484,2.949814796447754,0.8960715730985006,-0.10985366751750307,0.5663248697916666,0.08864614864190414,0.033354692161083166,0.450381286203929,0.00014748118822653682,0.06065344065427777,0.0886235212286313,0.23533433277931434,0.0029374843529998106,0.24688680065608062,0.01300856495423873,0.07456874480610645,0.03788928262226941,0.008273656897606294,0.002134982525321841,0.01744429579925651,0.00013662136910343176,0.0029497352122903045,0.008260810771341874
2,128,0.97,D4_safe,x_plus_epsilon,3,1.3434164921442668,0.031563516706228235,2.1515519618988037,0.8659230470657349,-0.12866858889659244,0.5757649739583334,0.08913500607013701,0.015023457196851534,0.5227787561221854,0.012592779938131501,0.0294328120847543,0.08606720964113868,0.33048612061139415,0.0011497324325286321,0.3234862156938742,0.012018955348436517,0.07641819711402839,0.04787294078943444,0.00880897925642296,0.0025074600887956024,0.08707690611382383,0.006751389630619056,0.0005091752510395861,0.007154728035231242
2,128,0.97,S0_xv,x_plus_v,3,1.8003168900807698,0.14721764624118802,2.63726806640625,0.9844449559847513,0.3282187978426615,0.2919108072916667,0.09356581916411714,0.1214151158928871,0.17592433068182267,,,,0.34437064216056085,0.010177367117310746,0.3855638754858671,0.0038154556473926093,0.024428675827042154,0.024884784965646337,0.01933940561121483,0.010974236851683817,0.029055385935152403,0.0,0.0,0.0
2,128,0.97,S1_xv,x_plus_v,3,1.8907458782196045,0.16861282289028168,2.7386911710103354,1.006369372208913,0.32150990267594654,0.30224609375,0.09184649089972173,0.1388587305943171,0.17666823672916418,,,,0.2791417445938873,0.014239734136729047,0.3073869449199762,0.019871392712385867,0.09102942175531377,0.04364794681260289,0.017344467712687557,0.012904454137447863,0.02630863931452947,0.0,0.0,0.0
2,128,0.99,D0_xeps,x_plus_epsilon,3,13.171759287516275,0.011979152448475333,14.109609285990397,0.9841508269309998,0.3226611912250519,0.2989095052083333,0.0101731984565655,0.010721786879003,0.10657717769484977,,,,1.921706568339245,0.0019259515778887381,1.8754012694119389,0.014219923035609015,0.09329811957711594,0.06643960152643004,0.0010490345056747836,0.0019372599829577863,0.024243631560140137,0.0,0.0,0.0
2,128,0.99,D1_scaled,x_plus_epsilon,3,13.01854387919108,0.011518977892895466,13.968077977498373,0.9841410716374716,0.17636206746101377,0.390625,0.013284554705023733,0.0092861155668894,0.18591259745558966,0.0263875449697176,0.035055237511793735,0.029170786961913036,1.8898060751763324,0.002825217808919543,1.75908127428175,0.01376178864305458,0.038666918404395303,0.02605450631554787,0.005476808896694822,0.0016911768496579956,0.04904412385986946,0.009040501857907295,0.010341317601566305,0.003175200224011476
2,128,0.99,D2_velocity,x_plus_epsilon,3,23.89113171895345,0.02487632011373833,24.892444610595703,0.9966007272402445,0.21808996299902594,0.3675130208333333,0.012916408789654499,0.021587802097201302,0.13787365512196936,0.0003796156634052373,0.025174602866172766,0.013027459693451635,6.074887325710429,0.010239285371682519,6.048912454765829,0.007257920676663317,0.1742842967794182,0.10930640476537286,7.676652823561886e-05,0.009482035569155547,0.023077415398202145,0.0003377724933496956,0.010355878778264077,6.903854221336993e-05
2,128,0.99,D4_safe,x_plus_epsilon,3,12.4876708984375,0.012908295107384468,13.416936238606771,0.9843306342760721,0.33483148614565533,0.3055826822916667,0.009835832752287332,0.0116561561202009,0.09586591935957837,0.0042424774728714995,0.014490977240105401,0.011784890356163133,2.882473744107001,0.003557165592889501,2.784645764009095,0.012405340690584887,0.10778526374771603,0.06391466030998755,0.00392209485680675,0.003126573779505743,0.010348647158752937,0.0018782585457129115,0.003099517800992589,0.00322865847816886
2,128,0.99,S0_xv,x_plus_v,3,12.660749435424805,0.03144032880663867,13.57479476928711,1.0003191232681274,0.15030262929697832,0.4105631510416667,0.018274961660305598,0.026479195182522102,0.1573413784841927,,,,1.766748379855115,0.0006059431698883193,1.7680115409268586,0.01892323629990421,0.14854028964859853,0.11166874048575276,0.007735106341863373,0.0007338560555392604,0.03786933537936505,0.0,0.0,0.0
2,128,0.99,S1_xv,x_plus_v,3,12.520806630452475,0.0323163904249668,13.480923016866049,1.0033235549926758,0.13760704547166824,0.40283203125,0.0186273052046696,0.02635216402510797,0.18486380391304216,,,,3.424890780603647,0.003318593397749899,3.389369891554995,0.01882057081265646,0.216388109474354,0.14416457393354792,0.009328534667374735,0.0038357433919332397,0.08601211410141817,0.0,0.0,0.0
512,128,0.01,D0_xeps,x_plus_epsilon,3,0.0022971685975789334,9193.3251953125,0.9749510288238525,9194.308268229166,0.022887634113430935,0.279541015625,0.9999972979227701,0.0022965758107602,0.0002705180303609667,,,,0.00037743716894947886,17.523757312592725,0.004565893450198741,17.473640871835645,0.006257512606236752,0.05925580156468636,8.623812361952553e-07,0.0003775929736537995,0.00015068941462898652,0.0,0.0,0.0
512,128,0.01,D1_scaled,x_plus_epsilon,3,0.0024164797117312334,9211.653971354166,0.9746841589609782,9212.640950520834,0.02869297874470547,0.23445638020833334,0.9999980926513672,0.002416142417738767,0.00015371951384439097,0.9992047746976217,0.0158562865108251,0.0007933190402884667,0.000528002857854542,8.253703605786988,0.005184986259022044,8.156829365192364,0.006853063237678936,0.058180474774698766,8.344650268435735e-07,0.0005281825686657169,9.793237019190051e-05,0.00022008953810568685,0.005534546018288813,0.00022061964983142752
512,128,0.01,D2_velocity,x_plus_epsilon,3,0.0034260703250765003,9583.0458984375,0.9758398532867432,9584.030598958334,0.03291298449039453,0.19954427083333334,0.9999985893567404,0.0034258705563843003,5.9130899671207736e-05,0.9999404748280843,0.0035248717758804,5.829273626053085e-05,0.0002767133562884795,15.387296860916608,0.004269710761924785,15.46336213373112,0.0019305429471033252,0.016139769697346436,2.408893038528862e-07,0.00027674789508105125,2.0651457240386754e-05,1.5331993918285453e-05,0.00028277564977509655,1.5382139840640542e-05
512,128,0.01,D4_safe,x_plus_epsilon,3,0.002820290159434,9731.179361979166,0.9754741390546163,9732.158854166666,0.010875342452588135,0.38427734375,0.9999952912330627,0.0028190279845147666,0.0005231884450411333,0.9998902082443237,0.0030013909563422,0.0001052096001027462,0.001011179497430084,20.752786158218495,0.005444327844440902,20.800223394563403,0.011636696805545948,0.11490623175750829,2.176181824710821e-06,0.0010117630383578036,0.0003778712428463377,1.6787360121856262e-05,0.0010377834970230482,1.5578685869178047e-05
512,128,0.01,S0_xv,x_plus_v,3,0.0015733394150932,0.934366762638092,0.973925511042277,1.906598170598348,0.0221080382664998,0.22281901041666666,0.9991754293441772,0.0015717782468223998,0.0009908413934804332,,,,9.388777926434101e-05,0.0063655009797954935,0.005769450106448106,0.006969849074106345,0.009469803295756593,0.09553804237710542,0.0002784821815671174,9.375593642818421e-05,0.0004935821332354775,0.0,0.0,0.0
512,128,0.01,S1_xv,x_plus_v,3,0.0014787415663400666,0.9338739713033042,0.9736670653025309,1.9059709707895915,0.0215144405762354,0.22892252604166666,0.9992514252662659,0.0014774294492478,0.0008856377233241,,,,0.0001970869245205425,0.006462806218871371,0.005739396346935206,0.007609436111293053,0.009128735372324975,0.08780999900722586,0.0002476289224491078,0.00019691209743077646,0.00038675797421450485,0.0,0.0,0.0
512,128,0.03,D0_xeps,x_plus_epsilon,3,0.0038397034319738,1018.5755615234375,0.847633441289266,1019.4180908203124,-0.018513056760032936,0.7298990885416666,0.999949594338735,0.0038328547962009334,0.0017180004471091667,,,,0.0005882757163084202,2.269050970816494,0.004477200428183911,2.295271385037571,0.006702477823163432,0.07751621835475497,1.5375726430898857e-05,0.000584585555720154,0.0006541916732727099,0.0,0.0,0.0
512,128,0.03,D1_scaled,x_plus_epsilon,3,0.0038082517373064333,1020.5353393554688,0.8470543821652731,1021.3746541341146,-0.019656834503014833,0.7403971354166666,0.9999476869901022,0.0038009784184396002,0.0018339506482211332,0.9998727838198344,0.003841228783130633,0.00011588781489988433,0.0006609266286218156,0.4801216887906362,0.004755162423122863,0.4867353011471163,0.007215754159887178,0.08593830917439832,1.624205608112917e-05,0.0006570131869201492,0.0006567322550286016,7.740471160539411e-05,0.0006432903420469928,5.858268821617333e-05
512,128,0.03,D2_velocity,x_plus_epsilon,3,0.0040718556847422665,1060.9700520833333,0.847618818283081,1061.8090413411458,-0.018263804105420865,0.75,0.9999484817186991,0.004064524856706433,0.0017753803984372999,0.9999770919481913,0.0040707481093704,4.772208437013129e-05,0.0006047507917982148,3.5094629354264453,0.004661339726243953,3.523375056686849,0.004540346256214596,0.04605724376155587,9.290361152878791e-06,0.0006025225135646643,0.0003695323363342817,1.462080593848879e-05,0.0006049381521878693,8.330186827534225e-06
512,128,0.03,D4_safe,x_plus_epsilon,3,0.005492128276576566,1073.1994222005208,0.8480033874511719,1074.0433756510417,-0.009234696626663166,0.6597493489583334,0.9999609986941019,0.0054872543551027,0.0008951490449803,0.9998739163080851,0.005509134226789,0.00010276480073418429,0.0009597647671788798,2.5435387850964077,0.00598625497519498,2.55950059132356,0.0026160597942945655,0.04722107187752402,5.668503043079633e-06,0.0009592257423373611,0.0001486276222523386,4.081509746322596e-05,0.0009730300549688396,3.362547706740081e-05
512,128,0.03,S0_xv,x_plus_v,3,0.0030162977830816666,0.9326019287109375,0.8463249007860819,1.7758774757385254,0.033111158137520136,0.17122395833333334,0.9987471103668213,0.0030124556894103333,0.0012665985151085332,,,,0.0002646591328404826,0.007812749405841462,0.0045537807235687565,0.012319394124417571,0.002315183827780978,0.022356314872012686,0.00011674967649359179,0.00026393777042306085,0.00014340551464789446,0.0,0.0,0.0
512,128,0.03,S1_xv,x_plus_v,3,0.002946054097264967,0.9324227174123129,0.8460906942685446,1.775789459546407,0.035931273053089734,0.142578125,0.9989349444707233,0.0029430033173411334,0.0010327062127761667,,,,0.0002822471977180031,0.007889061485552748,0.004623375499516415,0.012645572246810765,0.002407261929028222,0.025184380577154,7.724305103080043e-05,0.0002818188937501027,6.352284917041035e-05,0.0,0.0,0.0
512,128,0.1,D0_xeps,x_plus_epsilon,3,0.006401786735902168,91.61952209472656,0.2863560815652211,91.8990987141927,0.0035051276596883333,0.4781087239583333,0.9999420444170634,0.006400936904052867,0.0001328351434794,,,,0.00010348499544351298,0.04128605665185401,0.0039731767990909645,0.043702387482052796,0.0006961420333972695,0.036468050433817276,6.676341067770572e-06,0.00010352313821671626,2.3779549240605715e-05,0.0,0.0,0.0
512,128,0.1,D1_scaled,x_plus_epsilon,3,0.006230441853404,91.77834065755208,0.28578995664914447,92.05777740478516,0.003633602522313567,0.4762369791666667,0.9999446471532186,0.0062296595424413,0.0001264247353852946,0.9999613563219706,0.006230810812363967,6.429708446376026e-05,0.0004517068462363663,0.23027311679914345,0.004356707871818649,0.2348219738291512,0.0007856365966700557,0.03484147045850004,7.463999426310407e-06,0.00045176497800723234,3.1580758359862286e-05,4.360780800277932e-05,0.0004522538392762632,1.4405897536311012e-05
512,128,0.1,D2_velocity,x_plus_epsilon,3,0.006279754141966434,95.4546635945638,0.2861700455347697,95.73388163248698,0.0028883543952057003,0.484130859375,0.9999354680379232,0.0062786809479196334,0.00017315182829656664,0.9999909202257792,0.006279709283262433,6.0658552683889866e-05,0.0007563463448301662,0.23714132881339753,0.004749182710385098,0.23536950569950724,0.0012730424379097675,0.044552152312377497,1.0138631520126012e-06,0.0007563808678078142,2.8420933801357737e-05,6.013967865533085e-06,0.0007563655889407903,1.6531815351790822e-06
512,128,0.1,D4_safe,x_plus_epsilon,3,0.0077133703355987335,96.52058664957683,0.28716286023457843,96.79873148600261,0.0018425107700749668,0.4967447916666667,0.9999186197916666,0.0077116539080937,0.0002228336666768333,0.9993830720583597,0.007758079096674866,0.0005445671461832667,0.00030160624986215587,0.10485639013262789,0.00449653585474599,0.10152494939155662,0.0004239912870631373,0.025237969456450918,3.641903953570369e-07,0.0003016279458312677,1.1802683512231718e-05,9.671592139271573e-05,0.0003131515463958788,9.020355186657035e-05
512,128,0.1,S0_xv,x_plus_v,3,0.004048042697831934,0.9354076385498048,0.2830579876899719,1.214544415473938,0.04279914249976471,0.11669921875,0.9985888004302979,0.004043047937254067,0.0012519432292573667,,,,0.0007135705375046954,0.005483796062348078,0.004348054679370877,0.0034320856656629936,0.007974993504350318,0.031588627038616514,6.985267670220696e-05,0.0007133825073510726,0.00022112110552359769,0.0,0.0,0.0
512,128,0.1,S1_xv,x_plus_v,3,0.004009975120425166,0.9352588256200155,0.2830131649971008,1.2143183549245198,0.045364156365394565,0.10074869791666667,0.9987631042798361,0.0040058703937878,0.0010417928587228666,,,,0.0007720869873012388,0.005598851623522557,0.0044847304202799655,0.0031843150644998066,0.007673067361157151,0.027934993782249878,5.919807571082795e-05,0.0007719343803391782,0.0001975022960674134,0.0,0.0,0.0
512,128,0.3,D0_xeps,x_plus_epsilon,3,0.0199082195758819,10.13883368174235,0.042318291962146704,10.161178906758627,0.03196783984700833,0.12027994791666667,0.9996362527211508,0.019902400051554,0.00029204141629780004,,,,0.00042438082994272346,0.007795320931182483,0.0004824833030067617,0.007284837908732706,0.00036954106847556667,0.005569046911108602,2.6012858264055265e-05,0.000423878344110302,3.521336101357575e-05,0.0,0.0,0.0
512,128,0.3,D1_scaled,x_plus_epsilon,3,0.019866375873486167,10.157512982686361,0.04216954484581944,10.17984390258789,0.0318169674525658,0.11881510416666667,0.9996388554573059,0.019860791663328766,0.00028148879292223334,0.9999184012413024,0.0198664230604966,0.00037129027380913333,0.00039985288189533526,0.016554082295350058,0.0008824597925954352,0.01697571711302871,0.0007136737907226968,0.009213950421783341,2.165158719488165e-05,0.00040033611476351043,3.019908992146741e-05,6.0581341116401085e-05,0.0003998101778680653,2.6089414996208283e-05
512,128,0.3,D2_velocity,x_plus_epsilon,3,0.0209702768673499,10.58986759185791,0.043240608026583936,10.612197875976562,0.0309526200095812,0.12687174479166666,0.9995915492375692,0.0209640463193257,0.0002954478854125,0.9999897678693136,0.020970219746232,0.0004053411151592333,0.0006568154784806599,0.033112239350241955,0.0006959663022092135,0.032680954244996605,0.0007148440654147989,0.008951452998985705,6.993170249257922e-05,0.000654971698015556,8.400279491584146e-05,6.204134446904423e-06,0.0006568171385198303,6.975613057613099e-05
512,128,0.3,D4_safe,x_plus_epsilon,3,0.0231528549144665,10.739141464233398,0.04557003577550247,10.761521975199381,0.026938652619719432,0.19287109375,0.9993058641751608,0.023135771354039464,0.0007176384468416667,0.9979409972826639,0.0231997619072596,0.0017061945982276665,0.001910179948237457,0.013264903002408934,0.0023959506084843428,0.012794654651745743,0.0022291375672844845,0.02985411618732693,0.0002046191630692154,0.001899933342112821,0.00036786156855924654,0.000311728168448709,0.0019022130042733517,0.00015887520829880504
512,128,0.3,S0_xv,x_plus_v,3,0.008358480874448999,0.9360304276148478,0.030662956337134003,0.9583723942438761,0.05064856881896653,0.18123372395833334,0.9976601998011271,0.008340213292588734,0.0022398488568206,,,,0.0060805608846962065,0.002477357146007152,0.006504663888152516,0.002193097392949608,0.030833900330400996,0.09579038210341193,0.0007174877600024456,0.006067915161289555,0.0002525472306551897,0.0,0.0,0.0
512,128,0.3,S1_xv,x_plus_v,3,0.008047445599610568,0.9358908732732137,0.0302959096928437,0.9582144816716512,0.05310033261775967,0.1611328125,0.9982625047365824,0.008037828219433567,0.0015043531337057667,,,,0.006440742835740356,0.002204912129965889,0.006854148346581533,0.001976325839925267,0.03444025651680287,0.08750457751698354,0.00023902861464239274,0.006437701438895911,0.0005805205342613069,0.0,0.0,0.0
512,128,0.5,D0_xeps,x_plus_epsilon,3,0.008908880874514533,3.644420941670736,0.018464200198650332,3.653950055440267,0.024716418236494033,0.19099934895833334,0.9989985028902689,0.008898222198088933,0.0011941064744048332,,,,0.0003051904853275677,0.006424192902386647,0.00019927561751723714,0.006517387328369418,0.0007631978382071753,0.009857760354097269,6.190987098802752e-05,0.00030392277807185557,0.00010152682503210525,0.0,0.0,0.0
512,128,0.5,D1_scaled,x_plus_epsilon,3,0.0086080341910322,3.651862144470215,0.0181380709012349,3.661407788594564,0.025093348075946136,0.19287109375,0.999080220858256,0.008599056551853767,0.0010431963262437,0.9999673366546631,0.008607831162710933,0.0009024567552841667,0.0001535588312876964,0.00783500960950493,0.00023753796908692032,0.007909656753476574,0.0009983699029185947,0.00792235387675193,2.869611340019299e-05,0.00015358822331723473,2.5421226113194567e-05,2.456355068423119e-05,0.0001537002262620716,3.350334398534334e-05
512,128,0.5,D2_velocity,x_plus_epsilon,3,0.011563855223357634,3.816403388977051,0.02113135655721023,3.8259360790252686,0.020946377888321804,0.24405924479166666,0.9983598391215006,0.011536271311342666,0.002373528249605367,0.9997886021931967,0.011561434405545365,0.0015111356818427334,0.0005290676181265196,0.01430132223361579,0.0005200335119292666,0.01440834042774464,0.0010656236612917207,0.012829196874308951,0.00011497489295550838,0.00052327204494385,0.00038820840451797724,0.00012088917209858258,0.0005279554658022678,0.00013803469624958068
512,128,0.5,D4_safe,x_plus_epsilon,3,0.013808722297350534,3.8929768403371177,0.0233369326839844,3.9024909337361655,0.017050482953588134,0.2954915364583333,0.997642457485199,0.013746852676073666,0.004200238723681234,0.9932672182718912,0.0141179878264665,0.0055023113576074005,0.002582104066254973,0.009693614263202708,0.0026217994714652494,0.009774246839802074,0.002680082175478294,0.028482259102957264,0.0007357765796005874,0.002537993419367288,0.0022528662731162007,0.0044995515872738685,0.003035134784611325,0.003984609735543754
512,128,0.5,S0_xv,x_plus_v,3,0.006458742233614066,0.9325180053710938,0.01600308095415427,0.9420832196871439,0.0329451132565736,0.2542317708333333,0.9967658718427023,0.006438645223776467,0.0032751677620029332,,,,0.0021770608973695873,0.005757178849420309,0.0021014904125499756,0.005816877223073272,0.018868391453608895,0.10318699139092875,9.777415435434456e-05,0.002173755471831693,0.0007279059121354976,0.0,0.0,0.0
512,128,0.5,S1_xv,x_plus_v,3,0.0061190511720875,0.9319706757863363,0.015650322660803767,0.9415412346522013,0.03425201587378973,0.23380533854166666,0.9971717397371928,0.0061031030490994,0.002733438946980133,,,,0.002280058768730043,0.005713329180309481,0.0022133247959450807,0.0057985648954229545,0.018916696040158252,0.09454338479249647,0.00016704663304471928,0.002276206480491645,0.0006287435317620531,0.0,0.0,0.0
512,128,0.7,D0_xeps,x_plus_epsilon,3,0.010831739443043801,1.8559514284133911,0.017290263747175464,1.862349033355713,0.007743423804640701,0.374755859375,0.9949088096618652,0.0107279038056731,0.009229747111879167,,,,0.0023495358535015084,0.0019313839128258438,0.002468162410842924,0.0018681051452566443,0.0013328984633090677,0.030803349496109078,0.001309921778932824,0.002298008171128102,0.0025116771904847087,0.0,0.0,0.0
512,128,0.7,D1_scaled,x_plus_epsilon,3,0.009661128278821667,1.8599626223246257,0.016116001953681302,1.8663456439971924,0.008011881262063933,0.3736979166666667,0.9955048163731893,0.0095812844422956,0.0078258376246599,0.9999993046124777,0.0096611130672196,0.0044945188177128,0.0029030747644628757,0.004680119629054242,0.002983857008344812,0.004618843178912716,0.0014804792494450445,0.03160780472122743,0.0015255175491080508,0.0028563181859204674,0.0021942021590495063,1.0050646360926806e-06,0.0029030510396799653,0.0015246267345584937
512,128,0.7,D2_velocity,x_plus_epsilon,3,0.010543312877416533,1.959071675936381,0.017129949604471468,1.9654676119486492,0.007980005039522967,0.3662109375,0.9953534205754598,0.010448243158558933,0.009016569261328933,0.9977535208066305,0.010526227454344367,0.004114377778023434,0.0006883068171039833,0.0033347373096150315,0.0008880981769524545,0.0032443064666661655,0.00045771319790702627,0.005253279978356937,0.00029270860568128933,0.0006819391973274513,0.00010858605171390128,0.00131305450746521,0.0006875065818862945,0.00031531342637459005
512,128,0.7,D4_safe,x_plus_epsilon,3,0.015671958215534666,2.0035532315572104,0.022084881241122834,2.009962797164917,0.0053166006691753335,0.4139811197916667,0.9928239385286967,0.015426632637778867,0.0149190769610052,0.9802737236022949,0.016200297201673135,0.014139279412726533,0.0036440901048734385,0.005907295211487502,0.0037404176078759976,0.0058445643179735815,0.0006419885333402703,0.016816191692216716,0.0016191118692053543,0.00350605727054212,0.004925547814426472,0.008663738753840706,0.003916354770172565,0.006638939209956396
512,128,0.7,S0_xv,x_plus_v,3,0.009002050850540332,0.9332478245099386,0.015438381272057633,0.939635435740153,0.0016059813788160333,0.5076497395833334,0.991247812906901,0.0088600652913252,0.014633808883145166,,,,0.0021121541446233187,0.007876524842145627,0.0021427750761140825,0.0077610824399713535,0.0014428985669430656,0.018778736557770223,0.0021008106421951194,0.002008366576638219,0.007354768425966922,0.0,0.0,0.0
512,128,0.7,S1_xv,x_plus_v,3,0.008596947727103966,0.9328950643539429,0.014992134024699498,0.939270039399465,0.004791296902112658,0.4781901041666667,0.9919602870941162,0.008466252436240466,0.0133876515071685,,,,0.0028472599567304596,0.007402616450575538,0.002968690365935431,0.0072789812143291294,0.0042483289371568035,0.051057698852488544,0.002540284220951619,0.0027250283051741073,0.008254718814746808,0.0,0.0,0.0
512,128,0.9,D0_xeps,x_plus_epsilon,3,0.10213324675957357,1.163034439086914,0.1068491376936435,1.1677021980285645,-0.0016052525606937665,0.59033203125,0.9224809209505717,0.08942816654841101,0.11613888320135342,,,,0.042678346275401735,0.0014565800403753806,0.0430245771935396,0.00151926535712202,0.0017997319458436778,0.08767708161958235,0.030953380224874982,0.03542285826410406,0.029939330654713495,0.0,0.0,0.0
512,128,0.9,D1_scaled,x_plus_epsilon,3,0.12992879127462703,1.1640477577845256,0.1343254446983337,1.1687185366948445,-0.0013317651658629,0.5663248697916666,0.9075305263201395,0.10694720596075051,0.1224421186182248,1.0,0.12992879127462703,0.09246944884459174,0.126963690230893,0.0018482744483501667,0.1269940682346318,0.0018716324521496261,0.0002675369360849206,0.011454679889266232,0.08156362712710354,0.09444208499800107,0.0836394370802285,0.0,0.126963690230893,0.08156362372770844
512,128,0.9,D2_velocity,x_plus_epsilon,3,0.032964197297890935,1.2176534334818523,0.0375362193832794,1.222323735555013,0.001013063515226,0.4493815104166667,0.9743910233179728,0.03127092681825157,0.04925975971089883,0.9688701629638672,0.03209703415632243,0.0204164733489354,0.010855167109012501,0.0022148739061283776,0.010610761715374976,0.0022759805836002817,0.00031806871185251993,0.004530327363189063,0.008168640171419186,0.009983162800674102,0.009641553532138447,0.006497878331120836,0.010176759443777869,0.0030863795999184116
512,128,0.9,D4_safe,x_plus_epsilon,3,0.18765834967295328,1.2309917608896892,0.19220084945360816,1.235661268234253,-0.0009125386908029333,0.53515625,0.8795178135236105,0.14757268130779264,0.21128917538178493,0.8075899879137675,0.170037771264712,0.1055608764290809,0.03182026579974394,0.0005596097146144931,0.03153643297610367,0.0005778288601165467,0.0006639877162591612,0.01750847475024121,0.01732797891813152,0.021238934948613238,0.021199649671280976,0.039173631273721886,0.028566531192248657,0.016758381831244337
512,128,0.9,S0_xv,x_plus_v,3,0.058891315013170166,0.9671830336252848,0.06360026697317757,0.9718654553095499,-0.005153433574984433,0.5552571614583334,0.9445806741714478,0.053419978668292296,0.08641462339443744,,,,0.017577790319663136,0.004554143951759778,0.017099162879152602,0.004648635434493696,0.0016392233229471057,0.00595189274193573,0.013821396883425808,0.01382263559554695,0.03262068377601943,0.0,0.0,0.0
512,128,0.9,S1_xv,x_plus_v,3,0.05855142697691914,0.9670727849006653,0.06326845164100327,0.9717519879341125,-0.0035789661730328336,0.5459798177083334,0.9465263287226359,0.052013826866944564,0.09155495197856456,,,,0.028941247386722078,0.004005104796003421,0.02848998389767023,0.004085457763364452,0.0036303641979296775,0.028582531894610554,0.02103509878533411,0.021721894516035265,0.06104360137009062,0.0,0.0,0.0
512,128,0.97,D0_xeps,x_plus_epsilon,3,0.7115757067998251,1.0480412642161052,0.7163191437721252,1.052193284034729,-0.0012687802081927,0.60546875,0.6758534709612528,0.3386360506216685,0.5182218292365509,,,,0.16410069851431366,0.00017393535451706876,0.1633605546825077,0.0002041463521270193,0.0005682237449518339,0.034390914007599103,0.04703328533717283,0.04942088752528964,0.04143657467245357,0.0,0.0,0.0
512,128,0.97,D1_scaled,x_plus_epsilon,3,0.5499613086382548,1.0479710102081299,0.5542248984177908,1.052123506863912,-0.0002775506970162,0.525634765625,0.7262909213701884,0.2861834367116292,0.46115826792047776,0.9997616211573283,0.5496768156687418,0.27347080409526825,0.19945412427992149,0.00039288401490665574,0.20011476411996998,0.0004233075096619663,0.001264256673855643,0.09456502768093832,0.06710191593388663,0.07031901102791963,0.0773753131199239,0.00022928419650396692,0.19914701423353234,0.06691496537798802
512,128,0.97,D2_velocity,x_plus_epsilon,3,0.4149277408917745,1.0583508014678955,0.41880573829015094,1.0625055233637493,-0.000311041487293494,0.5311686197916666,0.7565595308939616,0.2568332105875015,0.37980491766739705,0.7122906645139059,0.29028089841206867,0.1236188362042109,0.06128109618203396,0.0003292513963727094,0.06161738102428378,0.00031677468908154283,0.00031246074730479874,0.020990888556576447,0.03247354343929189,0.03419996030714505,0.02117821096235365,0.08509231258651803,0.033529402561814796,0.012369871834821612
512,128,0.97,D4_safe,x_plus_epsilon,3,4.645654042561849,1.0598588784535725,4.648825327555339,1.0640133221944172,-0.00024185855969946664,0.529541015625,0.35061583916346234,0.6874667207400004,0.3513625356454179,0.18911366164684287,0.8308618664741516,0.19475434720516205,0.6786014835966708,0.00047941764820956046,0.6808582138677097,0.0004854608790732251,0.0011404091839905498,0.05163617505913416,0.026138631974399286,0.027283540344961242,0.025646647258293218,0.03155361118778249,0.019520852510446513,0.044198194691726755
512,128,0.97,S0_xv,x_plus_v,3,0.8743826349576315,0.9901645382245382,0.8785920937856039,0.9943189223607382,0.011220617219805667,0.3643391927083333,0.5791699091593424,0.42144842942555744,0.4947962707719347,,,,0.19300910246831063,0.0006475562076053408,0.19212920523730845,0.0006467272643484812,0.005046239280215693,0.06012224169118874,0.03792768828937541,0.03923983745853062,0.03498831426613985,0.0,0.0,0.0
512,128,0.97,S1_xv,x_plus_v,3,0.8120581110318502,0.9900700052579244,0.8161398569742838,0.9942292173703512,0.012573444594939498,0.3511555989583333,0.6123255093892416,0.38914987444877625,0.46389278386627325,,,,0.34148561699504837,0.0004255632070203784,0.3409399144493988,0.0004547438798569981,0.00429684520759455,0.047277838860210954,0.07184290314006364,0.07280544779351796,0.05950931766154497,0.0,0.0,0.0
512,128,0.99,D0_xeps,x_plus_epsilon,3,6.703342437744141,1.016688386599223,6.711182594299316,1.0206711292266846,-0.0014866480293372665,0.6014811197916666,0.26696713268756866,0.7442773977915446,0.2679551044702755,,,,2.1031240616473856,0.0005752479604218157,2.1036406913419605,0.000632647271197422,0.000492126173316235,0.025288695142495803,0.04173818182027861,0.04315438388608111,0.04203535018629203,0.0,0.0,0.0
512,128,0.99,D1_scaled,x_plus_epsilon,3,5.051790873209636,1.0163453420003254,5.057252407073975,1.020331621170044,-0.00017934963883213333,0.5218912760416666,0.29742319385210664,0.7132361133893331,0.2982356731100257,0.9976237018903097,5.035694440205892,0.7002004981040955,0.3295383212327034,0.0005050016370515411,0.33221919028717556,0.0005736002194016721,0.0009854300692164635,0.040531265498001234,0.03970274118871011,0.04034078441180193,0.03964802879398222,0.001545114232251287,0.33857578073538613,0.03919053483987964
512,128,0.99,D2_velocity,x_plus_epsilon,3,4.164554595947266,1.01825217405955,4.169011990229289,1.0222303072611492,-0.00014049192153226667,0.5028483072916666,0.31519468625386554,0.6964436372121176,0.3160534745063184,0.2141223500172297,0.7947192589441935,0.15205505490303037,0.8232584201591749,0.0005758279620894228,0.8229424957749921,0.000638876653243144,0.0004538165138983705,0.03131985803421735,0.03644436860206639,0.037561458931366226,0.036524089939714934,0.05526451856036651,0.04140667771284741,0.013704571530425891
512,128,0.99,D4_safe,x_plus_epsilon,3,45.93364461263021,1.0187016328175862,45.934505462646484,1.0226879914601643,-0.0003669462409259,0.5371907552083334,0.07451435675223664,0.9422702789306641,0.07502741134919898,0.022465354452530503,0.9968258539835612,0.058414178589979736,8.571080330901731,0.0004218109380464423,8.576428237399474,0.0004919731032395093,0.0018845061305430896,0.10906129080348914,0.008771317439239465,0.009032777084430501,0.008982574968810239,0.004681447214572176,0.006734562299329628,0.007263596871747947
512,128,0.99,S0_xv,x_plus_v,3,8.48129145304362,0.9968384703000387,8.48520024617513,1.000810941060384,0.0138743184506893,0.337158203125,0.1399054924647013,0.8601471781730652,0.13712515130756336,,,,1.3838209562593486,0.00040603278283940324,1.3820399964039471,0.00047118014706088254,0.0034128240104632497,0.043345103621575155,0.014447794300169535,0.01386567926865116,0.013873509562596947,0.0,0.0,0.0
512,128,0.99,S1_xv,x_plus_v,3,7.668442726135254,0.9968712528546652,7.672556241353353,1.0008406241734822,0.0163203713794549,0.3167317708333333,0.15828542411327357,0.8426545858383179,0.1546977625783815,,,,1.8198099031941504,0.00018421428845765997,1.8197433954195796,0.0002506102600221612,0.0040311534070502,0.04547464583756895,0.023606580736339255,0.02357776956446444,0.02380993590256408,0.0,0.0,0.0
