ambient_dim,hidden_dim,time,condition,seeds,paired_velocity_mse_mean,bayes_velocity_mse_mean,irreducible_velocity_mse_mean,gate_mean_mean,gate_std_mean,x_amplification_mean_mean,epsilon_amplification_mean_mean,paired_velocity_mse_std,bayes_velocity_mse_std,irreducible_velocity_mse_std,gate_mean_std,gate_std_std,x_amplification_mean_std,epsilon_amplification_mean_std
2,128,0.01,D0_eps_shared,3,12.69542121887207,11.740755875905355,1.0083642999331157,,,,,3.775073899083636,3.7689121531367533,0.017157506660653795,0.0,0.0,0.0,0.0
2,128,0.01,D0_x_shared,3,1.008897026379903,0.0007647516904398334,1.0083642999331157,,,,,0.01707621915341137,0.0003752133152084244,0.017157506660653795,0.0,0.0,0.0,0.0
2,128,0.01,D1_eps_own,3,14.301508267720541,13.318494160970053,1.0083642999331157,,,,,5.742020200066519,5.6693163658262,0.017157506660653795,0.0,0.0,0.0,0.0
2,128,0.01,D1_gate_on_D0,3,1.0458863178888957,0.03890940795342123,1.0083642999331157,0.9389115571975708,0.042320093760887724,0.9483954707781473,6.10884428024292,0.04221061699168499,0.041982746823873,0.017157506660653795,0.015210262529885707,0.00850345522165651,0.015363890357583369,1.521026189978607
2,128,0.01,D1_x_own,3,1.0089855194091797,0.0007797131741729334,1.0083642999331157,,,,,0.01742130652379554,0.00041921344700578307,0.017157506660653795,0.0,0.0,0.0,0.0
2,128,0.01,D2_eps_own,3,16.93885612487793,16.007913907368977,1.0083642999331157,,,,,4.809358262550205,4.774438624290551,0.017157506660653795,0.0,0.0,0.0,0.0
2,128,0.01,D2_gate_on_D0,3,1.0088791052500408,0.0008235986751969666,1.0083642999331157,0.9980677366256714,0.0016681164852342999,1.0081491867701213,0.19322539369265235,0.017077863428209716,0.00035644387234327836,0.017157506660653795,0.001270802381566615,0.0006571108315724355,0.0012836598685680713,0.12708287973184026
2,128,0.01,D2_x_own,3,1.0098652044932048,0.0022072607534937,1.0083642999331157,,,,,0.016901815207082494,0.0012467081568809497,0.017157506660653795,0.0,0.0,0.0,0.0
2,128,0.01,D3_oracle_bayes_gate,3,1.0086962381998696,0.0005689669051206999,1.0083642999331157,0.9963738918304443,0.0086446629526714,1.006438136100769,0.3626103848218918,0.01680828709502692,0.0002603045400848724,0.017157506660653795,0.0026528964508012675,0.0015897954326137302,0.0026796393827717363,0.2652860422884789
2,128,0.01,D4_eps_own,3,15.605733553568522,14.632085482279459,1.0083642999331157,,,,,1.973199732461963,1.9244560648279752,0.017157506660653795,0.0,0.0,0.0,0.0
2,128,0.01,D4_gate_on_D0,3,1.0088566541671753,0.0008018816006369667,1.0083642999331157,0.9983502229054769,0.000499750545714,1.008434534072876,0.16497494031985596,0.017099598173808666,0.00038873166766389614,0.017157506660653795,0.0007803501859434707,0.00019208019603495044,0.0007882055843703573,0.07803423187648045
2,128,0.01,D4_x_own,3,1.008845587571462,0.0004874084649296666,1.0083642999331157,,,,,0.017303572166826892,6.42467711211137e-05,0.017157506660653795,0.0,0.0,0.0,0.0
2,128,0.03,D0_eps_shared,3,2.0128303368886313,0.954397996266683,1.0447160800298054,,,,,0.24645335291601278,0.25033418164096904,0.011099856298012958,0.0,0.0,0.0,0.0
2,128,0.03,D0_x_shared,3,1.0455783208211262,0.0006115556849786999,1.0447160800298054,,,,,0.011572251632000858,0.00041432336289642436,0.011099856298012958,0.0,0.0,0.0,0.0
2,128,0.03,D1_eps_own,3,2.089444637298584,1.0355910261472066,1.0447160800298054,,,,,0.35551991820049844,0.362324123373302,0.011099856298012958,0.0,0.0,0.0,0.0
2,128,0.03,D1_gate_on_D0,3,1.0487509568532307,0.004222916361565367,1.0447160800298054,0.9237878918647766,0.0525693669915199,0.952358603477478,2.540403445561727,0.011711222363292922,0.002262913127472146,0.011099856298012958,0.013469363784307933,0.007065455690274565,0.013885952031192212,0.44897908003207226
2,128,0.03,D1_x_own,3,1.0456562439600627,0.0006518033333122001,1.0447160800298054,,,,,0.011703268219184982,0.000450902723362698,0.011099856298012958,0.0,0.0,0.0,0.0
2,128,0.03,D2_eps_own,3,2.169964551925659,1.1275214552879333,1.0447160800298054,,,,,0.41192597370871975,0.4374108177031564,0.011099856298012958,0.0,0.0,0.0,0.0
2,128,0.03,D2_gate_on_D0,3,1.045619289080302,0.0006572062266058666,1.0447160800298054,0.9951210021972656,0.004384940179685733,1.0258978605270386,0.16263385365406666,0.011449297072800126,0.00046842477938343594,0.011099856298012958,0.002550562556788462,0.0019103426714005677,0.002629453615303043,0.08501933800942764
2,128,0.03,D2_x_own,3,1.0460985898971558,0.0016033523522006668,1.0447160800298054,,,,,0.011000018078454875,0.0009330084045232591,0.011099856298012958,0.0,0.0,0.0,0.0
2,128,0.03,D3_oracle_bayes_gate,3,1.0453637838363647,0.0004896721172068333,1.0447160800298054,0.9926467935244242,0.019157184908787366,1.0233471393585205,0.24510716398557028,0.011405123789900407,0.0003894851231710964,0.011099856298012958,0.003400223497820548,0.004855436890844682,0.0035054106261817636,0.11334089263628834
2,128,0.03,D4_eps_own,3,1.9823944568634033,0.9327013889948527,1.0447160800298054,,,,,0.1792764734637817,0.17239891742911995,0.011099856298012958,0.0,0.0,0.0,0.0
2,128,0.03,D4_gate_on_D0,3,1.045684019724528,0.0006908092958231334,1.0447160800298054,0.9941479166348776,0.0018434157827868665,1.0248946746190388,0.19506934533516562,0.011607244294267606,0.0005360334673550027,0.011099856298012958,0.002309740642807288,0.0006637437105538552,0.0023811455545197724,0.07699129733167781
2,128,0.03,D4_x_own,3,1.0454340775807698,0.0004827962548005667,1.0447160800298054,,,,,0.01094836717536269,0.0002231764788263036,0.011099856298012958,0.0,0.0,0.0,0.0
2,128,0.1,D0_eps_shared,3,1.2950578133265178,0.07023506984114643,1.2192273139953613,,,,,0.041240831284685954,0.030254830474588944,0.020772141527952002,0.0,0.0,0.0,0.0
2,128,0.1,D0_x_shared,3,1.2193377415339153,0.0005517754761967333,1.2192273139953613,,,,,0.02062176836249257,0.00032349237106350695,0.020772141527952002,0.0,0.0,0.0,0.0
2,128,0.1,D1_eps_own,3,1.301952838897705,0.0771983315547307,1.2192273139953613,,,,,0.0527070851889313,0.041109991514139105,0.020772141527952002,0.0,0.0,0.0,0.0
2,128,0.1,D1_gate_on_D0,3,1.2200240294138591,0.0009459323676613,1.2192273139953613,0.9110909501711527,0.054574657231569235,1.0123233596483867,0.8890903989473978,0.0207399440151513,0.0005169525618679931,0.020772141527952002,0.012711348188521513,0.004111931747907046,0.014123724832886762,0.12711363955257085
2,128,0.1,D1_x_own,3,1.219333529472351,0.0005412245324502,1.2192273139953613,,,,,0.020565207280202585,0.0003459922417724033,0.020772141527952002,0.0,0.0,0.0,0.0
2,128,0.1,D2_eps_own,3,1.2989693880081177,0.07727037866910293,1.2192273139953613,,,,,0.0366845208607568,0.022386939882090357,0.020772141527952002,0.0,0.0,0.0,0.0
2,128,0.1,D2_gate_on_D0,3,1.2194714943567913,0.0005939088490170333,1.2192273139953613,0.9781662225723267,0.020146843666831633,1.086851437886556,0.21833788355191544,0.020683126868481977,0.00031838199892984527,0.020772141527952002,0.011753531142535965,0.01250371558073852,0.013059514020483403,0.11753565478455356
2,128,0.1,D2_x_own,3,1.2208903233210247,0.001396450330503233,1.2192273139953613,,,,,0.019403576546708056,0.0006287144192639572,0.020772141527952002,0.0,0.0,0.0,0.0
2,128,0.1,D3_oracle_bayes_gate,3,1.2194771369298298,0.00048058390772586667,1.2192273139953613,0.9640265305836996,0.09291791419188178,1.0711406071980794,0.35973501205444336,0.02068437763105115,0.00031692361881126686,0.020772141527952002,0.005122211437390377,0.013963367734410601,0.005691266570620018,0.05122176958257698
2,128,0.1,D4_eps_own,3,1.2999570767084758,0.07750095923741653,1.2192273139953613,,,,,0.03929783410035754,0.024644516209515376,0.020772141527952002,0.0,0.0,0.0,0.0
2,128,0.1,D4_gate_on_D0,3,1.2195547819137573,0.0006366087181958667,1.2192273139953613,0.9750998417536417,0.007123677680889701,1.083444356918335,0.2490014831225077,0.020561778056374446,0.0004290574414232855,0.020772141527952002,0.009243358043171565,0.0017550282801790738,0.010270370498958925,0.09243353586620744
2,128,0.1,D4_x_own,3,1.2194411754608154,0.00040537536066639993,1.2192273139953613,,,,,0.020662663953101856,0.00021116784759014058,0.020772141527952002,0.0,0.0,0.0,0.0
2,128,0.3,D0_eps_shared,3,1.725314974784851,0.005562676892926233,1.7208791573842366,,,,,0.039759760100191374,0.002599350381847187,0.03613630241371416,0.0,0.0,0.0,0.0
2,128,0.3,D0_x_shared,3,1.721074064572652,0.0009359936617935001,1.7208791573842366,,,,,0.03623020993563296,0.00045919371092523594,0.03613630241371416,0.0,0.0,0.0,0.0
2,128,0.3,D1_eps_own,3,1.726374626159668,0.006429855090876399,1.7208791573842366,,,,,0.037933793529961915,0.0029288492160109768,0.03613630241371416,0.0,0.0,0.0,0.0
2,128,0.3,D1_gate_on_D0,3,1.721074064572652,0.0009237892033221334,1.7208791573842366,0.8638007044792175,0.0571726573010285,1.2340010404586792,0.4539976517359416,0.03627904592047707,0.00042324782003586524,0.03613630241371416,0.009380925107175156,0.007819467102663066,0.013401321581678794,0.031269783976805555
2,128,0.3,D1_x_own,3,1.72085702419281,0.0009678645680347668,1.7208791573842366,,,,,0.03579683399896562,0.0005131514593321286,0.03613630241371416,0.0,0.0,0.0,0.0
2,128,0.3,D2_eps_own,3,1.7295836607615154,0.009696656527618532,1.7208791573842366,,,,,0.03711226680654389,0.0015336443383308215,0.03613630241371416,0.0,0.0,0.0,0.0
2,128,0.3,D2_gate_on_D0,3,1.7210565408070881,0.0009227063662061667,1.7208791573842366,0.9382589260737101,0.035406810541947636,1.3403699398040771,0.2058035979668299,0.036269875142286315,0.00044770014143220995,0.03613630241371416,0.007867013753697567,0.007276089169334642,0.011238636427236364,0.026223459147008483
2,128,0.3,D2_x_own,3,1.723134199778239,0.0019105220368752333,1.7208791573842366,,,,,0.03595554100787395,0.000503116422118679,0.03613630241371416,0.0,0.0,0.0,0.0
2,128,0.3,D3_oracle_bayes_gate,3,1.7207677364349365,0.0005475462724764667,1.7208791573842366,0.79572993516922,0.27089714507261914,1.1367570161819458,0.6809002657731374,0.036270465450400524,0.00039349897568446307,0.03613630241371416,0.09636450804226036,0.09712104496121605,0.13766353188984104,0.3212148833616299
2,128,0.3,D4_eps_own,3,1.725759744644165,0.006272967283924367,1.7208791573842366,,,,,0.03790950720135405,0.002496903627664185,0.03613630241371416,0.0,0.0,0.0,0.0
2,128,0.3,D4_gate_on_D0,3,1.7210058371225994,0.0008880045691815,1.7208791573842366,0.878499448299408,0.025992393183211403,1.2549992005030315,0.4050019284089406,0.03621329589811959,0.0004355337321067421,0.03613630241371416,0.03201335686075853,0.01031760887744021,0.04573341532636507,0.10671128258650063
2,128,0.3,D4_x_own,3,1.7214208841323853,0.0007107945760556335,1.7208791573842366,,,,,0.03603567809011889,0.0004166287830537552,0.03613630241371416,0.0,0.0,0.0,0.0
2,128,0.5,D0_eps_shared,3,1.9653513431549072,0.0038434579813231666,1.9606539408365886,,,,,0.034255105915402324,0.001221158189268584,0.033589267261412946,0.0,0.0,0.0,0.0
2,128,0.5,D0_x_shared,3,1.9617538849512737,0.0015220846592758665,1.9606539408365886,,,,,0.03381791334607662,3.0308887006246622e-05,0.033589267261412946,0.0,0.0,0.0,0.0
2,128,0.5,D1_eps_own,3,1.9651594161987305,0.003685076565792133,1.9606539408365886,,,,,0.034909644510230355,0.0006885536334768471,0.033589267261412946,0.0,0.0,0.0,0.0
2,128,0.5,D1_gate_on_D0,3,1.9620695908864338,0.0013575966392332668,1.9606539408365886,0.6204548279444376,0.08052966495354967,1.2409096558888753,0.7590903043746948,0.03346793748837423,5.13041152897587e-05,0.033589267261412946,0.010991829002482745,0.013684306988975135,0.021983658004965517,0.02198371813745849
2,128,0.5,D1_x_own,3,1.9621043602625532,0.0015206720757608,1.9606539408365886,,,,,0.034346775194362404,0.00022223982054665224,0.033589267261412946,0.0,0.0,0.0,0.0
2,128,0.5,D2_eps_own,3,1.9658125638961792,0.0064410166814923,1.9606539408365886,,,,,0.03302874819233528,0.0016474103456083993,0.033589267261412946,0.0,0.0,0.0,0.0
2,128,0.5,D2_gate_on_D0,3,1.961927851041158,0.0013061711021388333,1.9606539408365886,0.6775564750035604,0.1215911855300267,1.3551129500071208,0.6448870698610941,0.03344773477680212,2.4878081080811615e-05,0.033589267261412946,0.03510969235706704,0.019931265508597616,0.07021938471413428,0.07021936325232929
2,128,0.5,D2_x_own,3,1.962040901184082,0.0017036313268666001,1.9606539408365886,,,,,0.033970756514578884,0.00016440373053086513,0.033589267261412946,0.0,0.0,0.0,0.0
2,128,0.5,D3_oracle_bayes_gate,3,1.9618596235911052,0.0009318496061798666,1.9606539408365886,0.6339544057846069,0.3424626092116038,1.2679088115692139,0.7320912082990011,0.0335714875304674,6.540730845286605e-06,0.033589267261412946,0.045264285578651725,0.0411727443493787,0.09052857115730345,0.09052856979510751
2,128,0.5,D4_eps_own,3,1.9660306771596272,0.0042718440915147,1.9606539408365886,,,,,0.035290932564750924,0.0009503421280124263,0.033589267261412946,0.0,0.0,0.0,0.0
2,128,0.5,D4_gate_on_D0,3,1.9619969129562378,0.0013462289158875,1.9606539408365886,0.6707877715428671,0.0534048167367776,1.3415755430857341,0.6584244171778361,0.03347396745152791,0.00013023992735458718,0.033589267261412946,0.05359297449241845,0.013278088855168606,0.10718594898483678,0.10718599952681329
2,128,0.5,D4_x_own,3,1.9614190657933552,0.0014025493680188666,1.9606539408365886,,,,,0.03487200926668522,0.00014551191561502726,0.033589267261412946,0.0,0.0,0.0,0.0
2,128,0.7,D0_eps_shared,3,1.5906551678975422,0.004905028889576567,1.5845123529434204,,,,,0.038078435504498756,0.00047645148877447654,0.03844611989104403,0.0,0.0,0.0,0.0
2,128,0.7,D0_x_shared,3,1.5955527226130168,0.008725507184863068,1.5845123529434204,,,,,0.03716633544067576,0.0003363232839255662,0.03844611989104403,0.0,0.0,0.0,0.0
2,128,0.7,D1_eps_own,3,1.5915534098943074,0.004724848549812966,1.5845123529434204,,,,,0.03936357668044239,0.00030935576971591886,0.03844611989104403,0.0,0.0,0.0,0.0
2,128,0.7,D1_gate_on_D0,3,1.5898011525472004,0.0039898731435338,1.5845123529434204,0.21200942496458686,0.06846281389395391,0.7066980799039205,1.125700831413269,0.03859419119163991,5.5221517870678834e-05,0.03844611989104403,0.014523609165443803,0.011353258549062365,0.04841201622518442,0.02074796275102607
2,128,0.7,D1_x_own,3,1.5950898329416912,0.009173141171534801,1.5845123529434204,,,,,0.035668258615949223,0.0008503171414910046,0.03844611989104403,0.0,0.0,0.0,0.0
2,128,0.7,D2_eps_own,3,1.594530979792277,0.0084077942495544,1.5845123529434204,,,,,0.036664893341103254,0.0016217609572268224,0.03844611989104403,0.0,0.0,0.0,0.0
2,128,0.7,D2_gate_on_D0,3,1.590594967206319,0.004395411194612534,1.5845123529434204,0.16843956212202704,0.12384582310914986,0.561465193827947,1.1879434982935588,0.03796823293297127,0.00010760627097323337,0.03844611989104403,0.06159615823011408,0.007808683177603513,0.20532050242943048,0.08799451614310219
2,128,0.7,D2_x_own,3,1.5993650754292805,0.014377867492536667,1.5845123529434204,,,,,0.030774121084343166,0.002045056207266615,0.03844611989104403,0.0,0.0,0.0,0.0
2,128,0.7,D3_oracle_bayes_gate,3,1.5879387458165486,0.002401916465411533,1.5845123529434204,0.3726418912410736,0.3636161784331004,1.2421396176020305,0.8962259093920389,0.03831657046690104,0.0001231303005262364,0.03844611989104403,0.01939394712697038,0.021047320731492757,0.06464651181353886,0.0277056353108006
2,128,0.7,D4_eps_own,3,1.5910542805989583,0.0048028991247216326,1.5845123529434204,,,,,0.038024945349439114,0.0004026310164282452,0.03844611989104403,0.0,0.0,0.0,0.0
2,128,0.7,D4_gate_on_D0,3,1.5900140206019084,0.003944823518395367,1.5845123529434204,0.24686559538046518,0.06247080738345776,0.8228852947552999,1.0759063561757405,0.03834860620359308,6.722434777280581e-05,0.03844611989104403,0.04159435385702409,0.016880991870912396,0.1386478142577793,0.059420568631401036
2,128,0.7,D4_x_own,3,1.592782974243164,0.007885002686331634,1.5845123529434204,,,,,0.035709361105494206,0.0010123057967040348,0.03844611989104403,0.0,0.0,0.0,0.0
2,128,0.9,D0_eps_shared,3,0.6702757477760315,0.03066075220704073,0.6389886736869812,,,,,0.010242474588143487,0.005382324852723393,0.013699932230415634,0.0,0.0,0.0,0.0
2,128,0.9,D0_x_shared,3,0.774396816889445,0.13608738531668976,0.6389886736869812,,,,,0.02863526692497599,0.014986249360563478,0.013699932230415634,0.0,0.0,0.0,0.0
2,128,0.9,D1_eps_own,3,0.6707796653111776,0.0317211200793584,0.6389886736869812,,,,,0.008185049746458405,0.005955920370074885,0.013699932230415634,0.0,0.0,0.0,0.0
2,128,0.9,D1_gate_on_D0,3,0.6701754331588745,0.030532186230023666,0.6389886736869812,0.010734258219599667,0.011912551242858135,0.10734258157511546,1.0991841952006023,0.010316372058230126,0.005441208150010999,0.013699932230415634,0.006779219606368344,0.0065399133566966024,0.06779219685508059,0.007532418569491801
2,128,0.9,D1_x_own,3,0.761224091053009,0.12474268178145087,0.6389886736869812,,,,,0.028521164463486254,0.011810711805865156,0.013699932230415634,0.0,0.0,0.0,0.0
2,128,0.9,D2_eps_own,3,0.6938000520070394,0.055029115329186064,0.6389886736869812,,,,,0.013410105014455356,0.004413992790769644,0.013699932230415634,0.0,0.0,0.0,0.0
2,128,0.9,D2_gate_on_D0,3,0.6702729264895121,0.0306584543238083,0.6389886736869812,0.00019016037610220305,0.0007432293132296303,0.0019016037501084,1.1108998854955037,0.010242391153773614,0.005382485472367381,0.013699932230415634,0.00017183343098922758,0.000787230641160836,0.0017183342815230034,0.00019088948707741193
2,128,0.9,D2_x_own,3,0.9148254990577698,0.27158748110135394,0.6389886736869812,,,,,0.018928129214733646,0.037332966127795915,0.013699932230415634,0.0,0.0,0.0,0.0
2,128,0.9,D3_oracle_bayes_gate,3,0.6609615683555603,0.021481213470300003,0.6389886736869812,0.1709283341964086,0.2663897822300593,1.7092832724253337,0.9211907784144083,0.012172800245959712,0.004341331467585361,0.013699932230415634,0.03380046282523006,0.040363628160056904,0.3380046008100369,0.03755607699769002
2,128,0.9,D4_eps_own,3,0.6693136096000671,0.029357335840662264,0.6389886736869812,,,,,0.008541889169009897,0.006192790886204858,0.013699932230415634,0.0,0.0,0.0,0.0
2,128,0.9,D4_gate_on_D0,3,0.6702035069465637,0.030788651357094438,0.6389886736869812,0.03146662221600607,0.026185171678662234,0.31466623644034064,1.0761481920878093,0.009831325771401082,0.005584303265274278,0.013699932230415634,0.014411637828365348,0.010213267825639184,0.14411637935894264,0.016012921647065744
2,128,0.9,D4_x_own,3,0.7716513077418009,0.13283765316009516,0.6389886736869812,,,,,0.026221358863305178,0.013675469434715452,0.013699932230415634,0.0,0.0,0.0,0.0
2,128,0.97,D0_eps_shared,3,0.8449296752611796,0.03284929320216173,0.8109358350435892,,,,,0.016993959897929123,0.003243974735631627,0.017554167089445214,0.0,0.0,0.0,0.0
2,128,0.97,D0_x_shared,3,2.352787733078003,1.5436240434646606,0.8109358350435892,,,,,0.3179257689259687,0.3009661084948794,0.017554167089445214,0.0,0.0,0.0,0.0
2,128,0.97,D1_eps_own,3,0.8468560973803202,0.03411033128698663,0.8109358350435892,,,,,0.015576014993763142,0.0010243160114484563,0.017554167089445214,0.0,0.0,0.0,0.0
2,128,0.97,D1_gate_on_D0,3,0.8426429629325867,0.031060413147012366,0.8109358350435892,0.015461977571248967,0.016012966632842966,0.5153992474079132,1.014987587928772,0.01568517550553722,0.002242947635385263,0.017554167089445214,0.006536558872278499,0.002493468453083757,0.21788528282401123,0.006738645223598012
2,128,0.97,D1_x_own,3,2.34468936920166,1.5271276235580444,0.8109358350435892,,,,,0.38232936388105904,0.3620502959524999,0.017554167089445214,0.0,0.0,0.0,0.0
2,128,0.97,D2_eps_own,3,0.8706223567326864,0.0594089751442273,0.8109358350435892,,,,,0.020933327269633217,0.0047546621881280155,0.017554167089445214,0.0,0.0,0.0,0.0
2,128,0.97,D2_gate_on_D0,3,0.8448955615361532,0.03282687750955417,0.8109358350435892,0.000147506363039895,0.00039262946059652167,0.004916878533549534,1.0307757059733074,0.01697889362057844,0.0032283468780686807,0.017554167089445214,0.00013890229980959552,0.00041533021350524495,0.004630076192112716,0.00014321845588898506
2,128,0.97,D2_x_own,3,2.961034615834554,2.1568560202916465,0.8109358350435892,,,,,0.19375399462742193,0.24950856787026238,0.017554167089445214,0.0,0.0,0.0,0.0
2,128,0.97,D3_oracle_bayes_gate,3,0.8267708420753479,0.015442968656619335,0.8109358350435892,0.09255881110827124,0.14025922616322833,3.085293769836426,0.9355063438415527,0.016536855413536864,0.00023648486040264837,0.017554167089445214,0.015143791811258566,0.015032903575974605,0.504793237036208,0.015612197420586175
2,128,0.97,D4_eps_own,3,0.8429221113522848,0.030626430486639298,0.8109358350435892,,,,,0.018106166690505535,0.0026096397918187737,0.017554167089445214,0.0,0.0,0.0,0.0
2,128,0.97,D4_gate_on_D0,3,0.8432420094807943,0.031117315093676202,0.8109358350435892,0.0124501024062434,0.0094135962426662,0.4150034139553706,1.0180926322937012,0.016457536577909,0.0025661177160707345,0.017554167089445214,0.006501772033269457,0.003979723187386938,0.2167257185740666,0.006702903312308457
2,128,0.97,D4_x_own,3,2.1677370071411133,1.3555339177449544,0.8109358350435892,,,,,0.38264488707392547,0.3656512578058407,0.017554167089445214,0.0,0.0,0.0,0.0
2,128,0.99,D0_eps_shared,3,0.9928808410962423,0.011957619028786767,0.9804417888323466,,,,,0.017180689738301946,0.0020803673186603503,0.01815925963956312,0.0,0.0,0.0,0.0
2,128,0.99,D0_x_shared,3,14.190276463826498,13.120813369750977,0.9804417888323466,,,,,2.13663405314013,2.0790846107082404,0.01815925963956312,0.0,0.0,0.0,0.0
2,128,0.99,D1_eps_own,3,0.9924117724100748,0.011703992572923434,0.9804417888323466,,,,,0.017366779122110487,0.0031260519818739996,0.01815925963956312,0.0,0.0,0.0,0.0
2,128,0.99,D1_gate_on_D0,3,1.0221416751543682,0.03931523238619163,0.9804417888323466,0.027134206146001764,0.024528176834185834,2.7134206295013428,0.9826926787694296,0.03421892043902816,0.015485592378192026,0.01815925963956312,0.008095652098537269,0.0011019777227521971,0.8095651119795841,0.008177436149743573
2,128,0.99,D1_x_own,3,14.161404291788736,13.069341659545898,0.9804417888323466,,,,,2.55567799455972,2.4811594403732893,0.01815925963956312,0.0,0.0,0.0,0.0
2,128,0.99,D2_eps_own,3,1.0048060417175293,0.02491393312811847,0.9804417888323466,,,,,0.016050896322186644,0.011357470399751027,0.01815925963956312,0.0,0.0,0.0,0.0
2,128,0.99,D2_gate_on_D0,3,0.9930627346038818,0.012105487597485367,0.9804417888323466,0.0003819126044011822,0.00091899903054581,0.038191257510334205,1.00971519947052,0.01704039947277765,0.0021592871207522396,0.01815925963956312,0.0003147184842001818,0.0008918201594503639,0.03147184482445394,0.0003178217359457604
2,128,0.99,D2_x_own,3,25.46771494547526,24.347527821858723,0.9804417888323466,,,,,6.65470914208797,6.667816070874047,0.01815925963956312,0.0,0.0,0.0,0.0
2,128,0.99,D3_oracle_bayes_gate,3,0.9917561809221903,0.010689044371247266,0.9804417888323466,0.010022461103896234,0.03648187158008413,1.002246101697286,0.9999772310256958,0.017014901438997646,0.0019820353271864976,0.01815925963956312,0.0007675809268999783,0.005818950383888567,0.07675809676381475,0.0007753296403203615
2,128,0.99,D4_eps_own,3,0.9936204552650452,0.012811043610175368,0.9804417888323466,,,,,0.015736990677471203,0.003815574356688077,0.01815925963956312,0.0,0.0,0.0,0.0
2,128,0.99,D4_gate_on_D0,3,0.9949136575063068,0.013619742666681534,0.9804417888323466,0.004228892115255133,0.0027775817240277335,0.42288920283317566,1.0058293739954631,0.01788805755117479,0.0016245737589410784,0.01815925963956312,0.0018815025738301394,0.0008841443228378358,0.1881502438450411,0.0019004847596135574
2,128,0.99,D4_x_own,3,13.508360544840494,12.44691244761149,0.9804417888323466,,,,,3.0343996513330485,2.997484845727386,0.01815925963956312,0.0,0.0,0.0,0.0
512,128,0.01,D0_eps_shared,3,9190.4736328125,9189.500325520834,0.9893761873245239,,,,,7.779416584508423,7.77286861516953,0.006827473550940649,0.0,0.0,0.0,0.0
512,128,0.01,D0_x_shared,3,0.9914257129033407,0.0022449226429064667,0.9893761873245239,,,,,0.007771078670714694,0.0003964999896242106,0.006827473550940649,0.0,0.0,0.0,0.0
512,128,0.01,D1_eps_own,3,9208.828125,9207.8583984375,0.9893761873245239,,,,,22.448768527572753,22.28011241004433,0.006827473550940649,0.0,0.0,0.0,0.0
512,128,0.01,D1_gate_on_D0,3,1.0051298538843791,0.016025202038387434,0.9893761873245239,0.9991937478383383,0.0008993708567383,1.009286602338155,0.08062428484360373,0.006774780429941037,0.0040144174483103395,0.006827473550940649,0.00021620866078165963,4.4306955386051716e-05,0.00021841641497170604,0.021624251839565532
512,128,0.01,D1_x_own,3,0.9921046495437622,0.0023820958255479333,0.9893761873245239,,,,,0.00798220232895692,0.0005159576936415759,0.006827473550940649,0.0,0.0,0.0,0.0
512,128,0.01,D2_eps_own,3,9576.474283854166,9575.50390625,0.9893761873245239,,,,,24.352262609063803,24.332626445727442,0.006827473550940649,0.0,0.0,0.0,0.0
512,128,0.01,D2_gate_on_D0,3,0.9915199677149454,0.0023310972222437333,0.9893761873245239,0.9999414881070455,6.463861548885082e-05,1.010041872660319,0.005848857884605666,0.007787611222125465,0.0004078606421045247,0.006827473550940649,1.4782953292506125e-05,9.384248607603752e-06,1.5011537568525971e-05,0.0014771753154093849
512,128,0.01,D2_x_own,3,0.992592473824819,0.0034239955712109336,0.9893761873245239,,,,,0.007861789596725748,0.0002187792398532444,0.006827473550940649,0.0,0.0,0.0,0.0
512,128,0.01,D3_oracle_bayes_gate,3,0.9914249181747437,0.0022443591927488,0.9893761873245239,0.9999972780545553,7.223160234085905e-06,1.010098139444987,0.00027178951616706664,0.007772263308298741,0.00039670519046350696,0.006827473550940649,9.468199854555329e-07,1.4655597112176617e-06,9.635572157526416e-07,9.519496128230362e-05
512,128,0.01,D4_eps_own,3,9728.262044270834,9727.289388020834,0.9893761873245239,,,,,27.750880671322147,27.80793572738803,0.006827473550940649,0.0,0.0,0.0,0.0
512,128,0.01,D4_gate_on_D0,3,0.9916182359059652,0.002435083811481733,0.9893761873245239,0.9998897314071655,7.321655236106987e-05,1.009989579518636,0.011025539909799834,0.007728860738966341,0.0003831921570755899,0.006827473550940649,1.7289868125143315e-05,1.1039184058447166e-05,1.747151671247363e-05,0.0017275661129663995
512,128,0.01,D4_x_own,3,0.9919664859771729,0.0028604721495260332,0.9893761873245239,,,,,0.006236633686828445,0.0009874831238328265,0.006827473550940649,0.0,0.0,0.0,0.0
512,128,0.03,D0_eps_shared,3,1019.8370361328125,1018.9845174153646,0.8433483640352885,,,,,1.9407516149090696,1.9142109660873237,0.006264926841052298,0.0,0.0,0.0,0.0
512,128,0.03,D0_x_shared,3,0.8468692700068156,0.0037979038121798998,0.8433483640352885,,,,,0.006660960080302338,0.0003054829909844148,0.006264926841052298,0.0,0.0,0.0,0.0
512,128,0.03,D1_eps_own,3,1021.6973876953125,1020.8474324544271,0.8433483640352885,,,,,1.1287664026539757,1.1467598259814458,0.006264926841052298,0.0,0.0,0.0,0.0
512,128,0.03,D1_gate_on_D0,3,0.8469035228093466,0.0038284545298665333,0.8433483640352885,0.9998763004938761,0.00013764116495923166,1.0308002630869548,0.0041239765317489,0.0066779789536860834,0.0002976949850558873,0.006264926841052298,7.463114051134423e-05,5.8644801140283734e-05,7.695800646389702e-05,0.0024887172146049828
512,128,0.03,D1_x_own,3,0.8462658524513245,0.0037723789767672333,0.8433483640352885,,,,,0.006192109937936322,0.0005038390105764608,0.006264926841052298,0.0,0.0,0.0,0.0
512,128,0.03,D2_eps_own,3,1062.1066080729167,1061.2564290364583,0.8433483640352885,,,,,3.5997206335593264,3.5915534922491785,0.006264926841052298,0.0,0.0,0.0,0.0
512,128,0.03,D2_gate_on_D0,3,0.8468694686889648,0.0037977103299150334,0.8433483640352885,0.9999769926071167,2.2902246503993712e-05,1.0309040546417236,0.0007675279872879333,0.0066606403365257185,0.0003049374946469987,0.006264926841052298,1.4645286962605072e-05,9.648904556309948e-06,1.5073259275402681e-05,0.0004872484551967899
512,128,0.03,D2_x_own,3,0.8471416036287943,0.004002794545764667,0.8433483640352885,,,,,0.005392894414073486,0.0005190462382263114,0.006264926841052298,0.0,0.0,0.0,0.0
512,128,0.03,D3_oracle_bayes_gate,3,0.8468664487202963,0.0037910731043666,0.8433483640352885,0.9999504089355469,6.406909111926022e-05,1.030876596768697,0.0016524660556266333,0.006661877987823147,0.0003028956919724712,0.006264926841052298,1.1380741741443416e-05,1.068385314767426e-05,1.1716722814045824e-05,0.0003788675532216359
512,128,0.03,D4_eps_own,3,1074.1560872395833,1073.305419921875,0.8433483640352885,,,,,2.6520409652330033,2.6442016413058025,0.006264926841052298,0.0,0.0,0.0,0.0
512,128,0.03,D4_gate_on_D0,3,0.8468815684318542,0.0038095926089833,0.8433483640352885,0.9998747905095419,7.216930074110607e-05,1.0307986736297607,0.004173065846165,0.006649945996773284,0.0003155455394114993,0.006264926841052298,3.987017613942156e-05,3.091600846696509e-05,4.114482336403778e-05,0.001329511001965402
512,128,0.03,D4_x_own,3,0.8493555585543314,0.005485175022234466,0.8433483640352885,,,,,0.004172428519949227,0.0007429438461976317,0.006264926841052298,0.0,0.0,0.0,0.0
512,128,0.1,D0_eps_shared,3,91.76915232340495,91.48965708414714,0.27932711442311603,,,,,0.11744912178336728,0.12072030826215101,0.005105270879107289,0.0,0.0,0.0,0.0
512,128,0.1,D0_x_shared,3,0.28562194108963007,0.0064504081383347,0.27932711442311603,,,,,0.005410677418184693,0.00012914114094041845,0.005105270879107289,0.0,0.0,0.0,0.0
512,128,0.1,D1_eps_own,3,91.93528493245442,91.65572102864583,0.27932711442311603,,,,,0.1503713746285443,0.14581726465013412,0.005105270879107289,0.0,0.0,0.0,0.0
512,128,0.1,D1_gate_on_D0,3,0.2856223384539286,0.006450841358552333,0.27932711442311603,0.9999604423840841,4.988887546155168e-05,1.111067255338033,0.0003954644489567217,0.005411365153264327,0.00012984282802348124,0.005105270879107289,4.43845471370607e-05,4.732769772619934e-05,4.9363922437107616e-05,0.0004439588491108705
512,128,0.1,D1_x_own,3,0.2854599754015605,0.006291442550718733,0.27932711442311603,,,,,0.0052724803799517736,0.0003279208126487104,0.005105270879107289,0.0,0.0,0.0,0.0
512,128,0.1,D2_eps_own,3,95.57566324869792,95.29634094238281,0.27932711442311603,,,,,0.17128308339279585,0.17384545904162196,0.005105270879107289,0.0,0.0,0.0,0.0
512,128,0.1,D2_gate_on_D0,3,0.2856220503648122,0.0064505298311511,0.27932711442311603,0.9999909400939941,1.1819512261960577e-05,1.1111010710398355,9.045620875741217e-05,0.005410638490277484,0.00012916364607753366,0.005105270879107289,5.98781984077603e-06,8.062436980511426e-06,6.676074995064765e-06,6.0063910332478796e-05
512,128,0.1,D2_x_own,3,0.28530293703079224,0.006340404506772733,0.27932711442311603,,,,,0.005877599432017282,0.0008669386975150517,0.005105270879107289,0.0,0.0,0.0,0.0
512,128,0.1,D3_oracle_bayes_gate,3,0.28562102715174353,0.006449618066350567,0.27932711442311603,0.99994424978892,7.430725478722404e-05,1.1110492547353108,0.0005576321661161333,0.005410819508496767,0.00012926630255242913,0.005105270879107289,7.412415347391609e-06,4.4975444402785485e-06,8.291118212241142e-06,7.425862479752452e-05
512,128,0.1,D4_eps_own,3,96.64183807373047,96.36359151204427,0.27932711442311603,,,,,0.12440153767984335,0.12893658797874002,0.005105270879107289,0.0,0.0,0.0,0.0
512,128,0.1,D4_gate_on_D0,3,0.2856689890225728,0.006497307990988033,0.27932711442311603,0.9993801514307658,0.0003888133214786,1.110422372817993,0.0061985445208847,0.00542032393725378,0.00013416378590913873,0.005105270879107289,9.511979431084768e-05,2.028789398748904e-05,0.00010566193907083766,0.0009511511153474818
512,128,0.1,D4_x_own,3,0.287007987499237,0.007699723976353766,0.27932711442311603,,,,,0.0049714707779406255,0.00041921852340108973,0.005105270879107289,0.0,0.0,0.0,0.0
512,128,0.3,D0_eps_shared,3,10.172884623209635,10.149453481038412,0.023422636712590802,,,,,0.01668547541061724,0.0171680333185824,0.0006885604615534624,0.0,0.0,0.0,0.0
512,128,0.3,D0_x_shared,3,0.0435912025471528,0.02014198526740073,0.023422636712590802,,,,,0.0003827052183395819,0.00026033021996594023,0.0006885604615534624,0.0,0.0,0.0,0.0
512,128,0.3,D1_eps_own,3,10.192697207132975,10.16919740041097,0.023422636712590802,,,,,0.017757441491307594,0.017447816526150996,0.0006885604615534624,0.0,0.0,0.0,0.0
512,128,0.3,D1_gate_on_D0,3,0.043591340382893834,0.020142096405227933,0.023422636712590802,0.9999174276987711,0.00016508547317545773,1.42845352490743,0.0002751862120930813,0.00038261881970179563,0.0002602026159934988,0.0006885604615534624,5.7283795258684704e-05,8.815594039309728e-05,8.190166929853065e-05,0.0001909164328717222
512,128,0.3,D1_x_own,3,0.04366412013769147,0.020112885162234265,0.023422636712590802,,,,,0.0007724911443388252,0.0005169799608369315,0.0006885604615534624,0.0,0.0,0.0,0.0
512,128,0.3,D2_eps_own,3,10.621912638346354,10.59842840830485,0.023422636712590802,,,,,0.041579145467721706,0.041847605129076905,0.0006885604615534624,0.0,0.0,0.0,0.0
512,128,0.3,D2_gate_on_D0,3,0.043591154118378904,0.02014193745950853,0.023422636712590802,0.9999897082646688,9.349123805198664e-06,1.4285567998886108,3.431355859599231e-05,0.0003826819735081919,0.00026031996874070637,0.0006885604615534624,6.25631128043445e-06,3.1809645557467082e-06,9.0528448093718e-06,2.0974559360415618e-05
512,128,0.3,D2_x_own,3,0.04477080454428987,0.02128301747143263,0.023422636712590802,,,,,0.0009740891358363068,0.0005228796621285418,0.0006885604615534624,0.0,0.0,0.0,0.0
512,128,0.3,D3_oracle_bayes_gate,3,0.04358523090680436,0.0201360266655683,0.023422636712590802,0.999625583489736,0.0006712880761672667,1.4280365308125813,0.0012480367052678668,0.00038327652668871184,0.00026056361814470275,0.0006885604615534624,1.6976793829027087e-05,2.8395404256407424e-05,2.4268778515282055e-05,5.651775172148707e-05
512,128,0.3,D4_eps_own,3,10.771882692972818,10.74838956197103,0.023422636712590802,,,,,0.022982334847412512,0.023185179338676167,0.0006885604615534624,0.0,0.0,0.0,0.0
512,128,0.3,D4_gate_on_D0,3,0.043651601920525196,0.020202632372577932,0.023422636712590802,0.9979581038157145,0.0015963680731753,1.425654411315918,0.0068063461221754,0.0003926896063157127,0.0002635815420844769,0.0006885604615534624,0.00030031581466547814,0.00022071506111902216,0.00042902201057188277,0.001001042098505144
512,128,0.3,D4_x_own,3,0.04702649886409436,0.023596630121270768,0.023422636712590802,,,,,0.0025324725686966644,0.0022408305501362643,0.0006885604615534624,0.0,0.0,0.0,0.0
512,128,0.5,D0_eps_shared,3,3.656381686528524,3.6467537879943848,0.0096024768427014,,,,,0.002799729693908437,0.002935081217872162,0.00011440542569085901,0.0,0.0,0.0,0.0
512,128,0.5,D0_x_shared,3,0.01854169555008407,0.0089416739841302,0.0096024768427014,,,,,0.0003756860571001491,0.0001836846028990031,0.00011440542569085901,0.0,0.0,0.0,0.0
512,128,0.5,D1_eps_own,3,3.663343826929728,3.6537249088287354,0.0096024768427014,,,,,0.009516628158982585,0.009619306762530228,0.00011440542569085901,0.0,0.0,0.0,0.0
512,128,0.5,D1_gate_on_D0,3,0.018541519840558334,0.008941494859755032,0.0096024768427014,0.9999690055847168,5.3630828915629536e-05,1.9999380111694336,6.193587129623837e-05,0.0003757971298473564,0.00018381808901700824,0.00011440542569085901,2.264192093999455e-05,2.7126576839283825e-05,4.528384188010747e-05,4.531031393914436e-05
512,128,0.5,D1_x_own,3,0.018324556450049066,0.008722212165594066,0.0096024768427014,,,,,0.000343584493704676,0.00018721348777448694,0.00011440542569085901,0.0,0.0,0.0,0.0
512,128,0.5,D2_eps_own,3,3.82838765780131,3.818768342336019,0.0096024768427014,,,,,0.010923045540333156,0.011090377940490653,0.00011440542569085901,0.0,0.0,0.0,0.0
512,128,0.5,D2_gate_on_D0,3,0.018540618320306134,0.0089405855784813,0.0096024768427014,0.9997870127360026,0.00019366775813973333,1.9995740254720051,0.00042598045547486666,0.0003752274567707597,0.00018348153761420035,0.00011440542569085901,0.0001192927267219426,6.84207427192046e-05,0.0002385854534438852,0.00023855785765363764
512,128,0.5,D2_x_own,3,0.0213741188247998,0.011695923283696133,0.0096024768427014,,,,,0.0005949195035291087,0.0004803320069747499,0.00011440542569085901,0.0,0.0,0.0,0.0
512,128,0.5,D3_oracle_bayes_gate,3,0.018530789762735336,0.008930695553620601,0.0096024768427014,0.9989800651868185,0.0014042909800385,1.9979601303736372,0.0020398695487528666,0.0003749315991831929,0.00018331590666354904,0.00011440542569085901,5.087200853811982e-05,8.546738071304556e-05,0.00010174401707609731,0.0001017249914781817
512,128,0.5,D4_eps_own,3,3.905388355255127,3.895768880844116,0.0096024768427014,,,,,0.010277282354837112,0.010383442724530423,0.00011440542569085901,0.0,0.0,0.0,0.0
512,128,0.5,D4_gate_on_D0,3,0.0189221706241369,0.009321298450231533,0.0096024768427014,0.9932737549146017,0.006005499123906033,1.9865475098292034,0.013452537668247966,0.0003927137797120312,0.00036731893539983,0.00011440542569085901,0.004478360010552004,0.005574718877778117,0.008956720021103792,0.008956728303916564
512,128,0.5,D4_x_own,3,0.0236741546541452,0.014171510003507101,0.0096024768427014,,,,,0.0022331016620973595,0.0023695708243476744,0.00011440542569085901,0.0,0.0,0.0,0.0
512,128,0.7,D0_eps_shared,3,1.8606799046198528,1.8543121019999187,0.006411786501606234,,,,,0.003989052116268416,0.0040400350246157235,0.00017777516901833416,0.0,0.0,0.0,0.0
512,128,0.7,D0_x_shared,3,0.017251150061686767,0.010846359344820132,0.006411786501606234,,,,,0.002283505113769744,0.002527980004212998,0.00017777516901833416,0.0,0.0,0.0,0.0
512,128,0.7,D1_eps_own,3,1.8641217549641926,1.8577523231506348,0.006411786501606234,,,,,0.004728684878555347,0.004558600185904897,0.00017777516901833416,0.0,0.0,0.0,0.0
512,128,0.7,D1_gate_on_D0,3,0.0172511401275793,0.010846348168949268,0.006411786501606234,0.9999992847442627,8.17461080752461e-07,3.3333307902018228,1.0587003202999767e-06,0.0022835141374115023,0.002527989347698065,0.00017777516901833416,1.0392424925758205e-06,9.25301046458595e-07,3.4495249452286395e-06,1.4543388560340273e-06
512,128,0.7,D1_x_own,3,0.0160400696719686,0.009653584410746867,0.006411786501606234,,,,,0.0031691735601858083,0.002992138081679159,0.00017777516901833416,0.0,0.0,0.0,0.0
512,128,0.7,D2_eps_own,3,1.9635352293650312,1.9571673075358074,0.006411786501606234,,,,,0.005815380510669019,0.005817817212439427,0.00017777516901833416,0.0,0.0,0.0,0.0
512,128,0.7,D2_gate_on_D0,3,0.017229756340384466,0.0108249920109907,0.006411786501606234,0.9977206985155741,0.0019402726708600668,3.325735648473104,0.0032561350769052338,0.0022711127642105517,0.0025156730756351934,0.00017777516901833416,0.00137690299255842,0.0012507403602119499,0.0045896247594641075,0.0019670009537343033
512,128,0.7,D2_x_own,3,0.0168554168194532,0.010466268286108934,0.006411786501606234,,,,,0.0007323911828069158,0.000671279828765318,0.00017777516901833416,0.0,0.0,0.0,0.0
512,128,0.7,D3_oracle_bayes_gate,3,0.017147521177927633,0.010743083742757599,0.006411786501606234,0.9949226975440979,0.0052290445504088665,3.31640895207723,0.007253273545453899,0.002230834603417377,0.0024746598888046294,0.00017777516901833416,0.0013737729305992707,0.0011963493114050933,0.004579282537605779,0.0019625056884827706
512,128,0.7,D4_eps_own,3,2.008654832839966,2.0022884209950766,0.006411786501606234,,,,,0.006445019797189028,0.006258168577202127,0.00017777516901833416,0.0,0.0,0.0,0.0
512,128,0.7,D4_gate_on_D0,3,0.018024547646442998,0.011620190615455267,0.006411786501606234,0.9803555409113566,0.012549944532414202,3.2678519090016684,0.028063497195641135,0.001688065454558301,0.0019188948431232236,0.00017777516901833416,0.008684329703494906,0.005483167837162055,0.028947767216366983,0.01240618093595035
512,128,0.7,D4_x_own,3,0.02178142840663583,0.015365933378537434,0.006411786501606234,,,,,0.003310495133093284,0.003359093803293728,0.00017777516901833416,0.0,0.0,0.0,0.0
512,128,0.9,D0_eps_shared,3,1.1676021814346313,1.162877043088277,0.004745340440422233,,,,,0.0011105547715475439,0.0010882943105252451,6.095549140819278e-05,0.0,0.0,0.0,0.0
512,128,0.9,D0_x_shared,3,0.10708031306664147,0.10204936191439624,0.004745340440422233,,,,,0.04370109748177615,0.04353926615867736,6.095549140819278e-05,0.0,0.0,0.0,0.0
512,128,0.9,D1_eps_own,3,1.1685364246368408,1.163815180460612,0.004745340440422233,,,,,0.0027690822956719804,0.0027415113861244188,6.095549140819278e-05,0.0,0.0,0.0,0.0
512,128,0.9,D1_gate_on_D0,3,0.10708030809958774,0.10204936191439624,0.004745340440422233,1.0,1.78685617413521e-08,10.0,8.332319130962182e-09,0.0437010930074672,0.04353926615867736,6.095549140819278e-05,0.0,3.094925679420325e-08,0.0,1.443200007970465e-08
512,128,0.9,D1_x_own,3,0.1347207464277744,0.12941152850786838,0.004745340440422233,,,,,0.12679974167346222,0.12580894635952017,6.095549140819278e-05,0.0,0.0,0.0,0.0
512,128,0.9,D2_eps_own,3,1.2221566836039226,1.2174287637074788,0.004745340440422233,,,,,0.0018522372424033386,0.0018577258776233585,6.095549140819278e-05,0.0,0.0,0.0,0.0
512,128,0.9,D2_gate_on_D0,3,0.1024214625358581,0.09740032752354932,0.004745340440422233,0.9687966108322144,0.0151209348502258,9.687966028849283,0.034670426820715236,0.04103520416792724,0.04086044800898554,6.095549140819278e-05,0.006687526664714614,0.008631123812769394,0.06687558729737209,0.007430596860998715
512,128,0.9,D2_x_own,3,0.03812146869798497,0.03333009034395217,0.004745340440422233,,,,,0.0113268996880806,0.011327765936420642,6.095549140819278e-05,0.0,0.0,0.0,0.0
512,128,0.9,D3_oracle_bayes_gate,3,0.09437384704748786,0.08937568714221313,0.004745340440422233,0.9223717848459879,0.050050426274538005,9.22371768951416,0.08625360578298567,0.036343173003571476,0.03617276632081908,6.095549140819278e-05,0.031595077833564224,0.010165006334151027,0.31594967721983214,0.03510563726887121
512,128,0.9,D4_eps_own,3,1.235571265220642,1.2308457692464192,0.004745340440422233,,,,,0.0016344028214269237,0.0015759672470422616,6.095549140819278e-05,0.0,0.0,0.0,0.0
512,128,0.9,D4_gate_on_D0,3,0.12437912821769709,0.11941954741875327,0.004745340440422233,0.8085405230522156,0.08509903401136397,8.085405508677164,0.21273276209831238,0.011395397755193796,0.011108104211343688,6.095549140819278e-05,0.039492232132573475,0.017878336136662967,0.39492280304288324,0.043880269926783205
512,128,0.9,D4_x_own,3,0.19275608162085212,0.18818790217240647,0.004745340440422233,,,,,0.03441585548392377,0.03326843974246183,6.095549140819278e-05,0.0,0.0,0.0,0.0
512,128,0.97,D0_eps_shared,3,1.0526457230250041,1.0484867890675862,0.0041554227160910335,,,,,0.0005508006667941041,0.0005708241865629856,4.393624034901031e-05,0.0,0.0,0.0,0.0
512,128,0.97,D0_x_shared,3,0.7368473013242086,0.7317599058151245,0.0041554227160910335,,,,,0.15468374163832746,0.1534596590847309,4.393624034901031e-05,0.0,0.0,0.0,0.0
512,128,0.97,D1_eps_own,3,1.0525567928949993,1.048399527867635,0.0041554227160910335,,,,,0.0007730343497367573,0.0007824065339276767,4.393624034901031e-05,0.0,0.0,0.0,0.0
512,128,0.97,D1_gate_on_D0,3,0.7366283138593038,0.7315410176912943,0.0041554227160910335,0.9997649788856506,0.00015718708285321654,33.325496673583984,0.00024229163682319327,0.15483510303283074,0.15361141265733685,4.393624034901031e-05,0.00022347884640076072,0.00011003165651102744,0.007449140745271144,0.0002304323407450447
512,128,0.97,D1_x_own,3,0.5612184305985769,0.5565449794133505,0.0041554227160910335,,,,,0.2200944507191401,0.21904981978664034,4.393624034901031e-05,0.0,0.0,0.0,0.0
512,128,0.97,D2_eps_own,3,1.0629924933115642,1.0588315725326538,0.0041554227160910335,,,,,0.0003261271901733265,0.00033848461251563555,4.393624034901031e-05,0.0,0.0,0.0,0.0
512,128,0.97,D2_gate_on_D0,3,0.45176395773887634,0.44699955979983014,0.0041554227160910335,0.7116194764773051,0.0735032421847184,23.720648447672527,0.2972994844118754,0.04783927650402245,0.04696771757330766,4.393624034901031e-05,0.08430848411688473,0.02002483307151036,2.810283321255686,0.08691599586238782
512,128,0.97,D2_x_own,3,0.4216578205426534,0.4181295831998189,0.0041554227160910335,,,,,0.05529915075819766,0.055832692554124305,4.393624034901031e-05,0.0,0.0,0.0,0.0
512,128,0.97,D3_oracle_bayes_gate,3,0.34802594780921936,0.34335649013519287,0.0041554227160910335,0.6711783409118652,0.20651983221371964,22.372610092163086,0.338991383711497,0.046204084307534365,0.04564072068092012,4.393624034901031e-05,0.04340727005105984,0.012531847830233808,1.4469096423415422,0.04474976261367939
512,128,0.97,D4_eps_own,3,1.0646236340204875,1.0604584217071533,0.0041554227160910335,,,,,0.000624515502175909,0.0006336511336133908,4.393624034901031e-05,0.0,0.0,0.0,0.0
512,128,0.97,D4_gate_on_D0,3,0.7347665230433146,0.7304055293401083,0.0041554227160910335,0.1906490971644719,0.10076063126325603,6.3549698193868,0.8343823154767355,0.035057775503027855,0.035214965274412834,4.393624034901031e-05,0.030918603852259224,0.04327582011180318,1.0306206130991864,0.03187487302630611
512,128,0.97,D4_x_own,3,4.6243259112040205,4.62135648727417,0.0041554227160910335,,,,,0.7657674822784543,0.76450892308142,4.393624034901031e-05,0.0,0.0,0.0,0.0
512,128,0.99,D0_eps_shared,3,1.0202974478403728,1.0162913004557292,0.004006580915302,,,,,0.001270727666194997,0.0012925359303832748,8.249749626723288e-05,0.0,0.0,0.0,0.0
512,128,0.99,D0_x_shared,3,6.672630945841472,6.668508847554524,0.004006580915302,,,,,1.9102914923263818,1.9109380610761006,8.249749626723288e-05,0.0,0.0,0.0,0.0
512,128,0.99,D1_eps_own,3,1.0200998385747273,1.0160990953445435,0.004006580915302,,,,,0.0014618189525284486,0.0014942196657856369,8.249749626723288e-05,0.0,0.0,0.0,0.0
512,128,0.99,D1_gate_on_D0,3,6.654204368591309,6.650083700815837,0.004006580915302,0.9976228078206381,0.002206727086255867,99.7622782389323,0.0024012430415799,1.9184677978821458,1.919116808859827,8.249749626723288e-05,0.0015712237963571092,0.0011559250083064973,0.1571208944801135,0.001587102199222862
512,128,0.99,D1_x_own,3,5.038929621378581,5.035613059997559,0.004006580915302,,,,,0.3437351048135428,0.34567865503458006,8.249749626723288e-05,0.0,0.0,0.0,0.0
512,128,0.99,D2_eps_own,3,1.0219125747680664,1.017908016840617,0.004006580915302,,,,,0.001279651906294967,0.0013179852605896554,8.249749626723288e-05,0.0,0.0,0.0,0.0
512,128,0.99,D2_gate_on_D0,3,0.921957810719808,0.9177404244740804,0.004006580915302,0.21339040497938788,0.08112634966770803,21.339040120442707,0.794555127620697,0.038904747366042776,0.0389593514572888,8.249749626723288e-05,0.05618473116345476,0.00855595233023546,5.618473011923041,0.056752224014602864
512,128,0.99,D2_x_own,3,4.1408201058705645,4.136738538742065,0.004006580915302,,,,,0.8212506410050839,0.8212086873755055,8.249749626723288e-05,0.0,0.0,0.0,0.0
512,128,0.99,D3_oracle_bayes_gate,3,0.7492310404777527,0.7452837824821472,0.004006580915302,0.26555552581946057,0.20630351205666855,26.555552800496418,0.7418630917867025,0.040694838982535425,0.04082664544009907,8.249749626723288e-05,0.04073504250215366,0.00872989334213652,4.073505184601213,0.0411464952489387
512,128,0.99,D4_eps_own,3,1.0223594109217327,1.018351952234904,0.004006580915302,,,,,0.001506144957252473,0.0015318422110291877,8.249749626723288e-05,0.0,0.0,0.0,0.0
512,128,0.99,D4_gate_on_D0,3,0.9801750977834066,0.9761687914530436,0.004006580915302,0.02257821771005783,0.0110548610488573,2.2578218380610147,0.9872946739196777,0.008532973931835995,0.00840109019546586,8.249749626723288e-05,0.004640018494532199,0.0004835639866868835,0.4640018916956303,0.00468686654331184
512,128,0.99,D4_x_own,3,45.80007553100586,45.789772033691406,0.004006580915302,,,,,9.465448387740581,9.463394303054299,8.249749626723288e-05,0.0,0.0,0.0,0.0
