review_id,severity,global_blur,local_blur,soft_fusion_or_melting,discrete_duplication_or_extra_part,detachment_or_floating_part,topology_or_attachment_error,limb_or_object_misalignment,texture_break,other,none
3_9e21b6861e345eefc325,0,0,0,0,0,0,0,0,0,0,1
3_0ab53cb9e445c517e132,0,0,0,0,0,0,0,0,0,0,1
3_731747b66aa779fc195a,0,0,0,0,0,0,0,0,0,0,1
3_668f64118169db09560b,0,0,0,0,0,0,0,0,0,0,1
3_500dd40f90623f341ea6,0,0,0,0,0,0,0,0,0,0,1
3_550496788ef4d644609b,0,0,0,0,0,0,0,0,0,0,1
3_a9fc37bd1eebc042d338,0,0,0,0,0,0,0,0,0,0,1
3_57126e2b3f3974546581,0,0,0,0,0,0,0,0,0,0,1
3_a8814afcb4696279b21b,0,0,0,0,0,0,0,0,0,0,1
3_db666c9ecf8189607bb6,0,0,0,0,0,0,0,0,0,0,1
3_66c31c980a39f1feb99f,2,1,0,0,0,0,0,0,0,0,0
3_54abacdd72e96c3a35b2,0,0,0,0,0,0,0,0,0,0,1
3_3f116fa963af61a4d520,1,0,0,0,0,0,0,0,1,0,0
3_e126e4203065feddafca,0,0,0,0,0,0,0,0,0,0,1
3_17ac410caee3f01cf332,0,0,0,0,0,0,0,0,0,0,1
3_251112e75d831093abdb,0,0,0,0,0,0,0,0,0,0,1
3_9b61f9066c2265de1f28,0,0,0,0,0,0,0,0,0,0,1
3_82977ce4232601edc1b8,0,0,0,0,0,0,0,0,0,0,1
3_5e29c0541e21eb35310c,0,0,0,0,0,0,0,0,0,0,1
3_fcadf122e0d8fa3dee74,1,1,0,0,0,0,0,0,0,0,0
3_17982e0b24d857bb7907,0,0,0,0,0,0,0,0,0,0,1
3_fc4c0188d32c377f39c4,0,0,0,0,0,0,0,0,0,0,1
3_19e56e2dacb4fdbe61f6,0,0,0,0,0,0,0,0,0,0,1
3_a2b3c568651b5825ebc3,0,0,0,0,0,0,0,0,0,0,1
3_5cac8875dd1183e860c9,0,0,0,0,0,0,0,0,0,0,1
3_5b99a234e5213a84300f,0,0,0,0,0,0,0,0,0,0,1
3_fe20b4e47e86aa721ce7,0,0,0,0,0,0,0,0,0,0,1
3_c1f1c1995e7fb03f939f,0,0,0,0,0,0,0,0,0,0,1
3_f482a7910b6180033c1e,0,0,0,0,0,0,0,0,0,0,1
3_39d266c6e308606ed395,0,0,0,0,0,0,0,0,0,0,1
3_13a8fd77e52fd540b7b5,0,0,0,0,0,0,0,0,0,0,1
3_7d8f7d8e14923e6c0bf8,0,0,0,0,0,0,0,0,0,0,1
3_29d447c2597301a23768,0,0,0,0,0,0,0,0,0,0,1
3_4a98b35e1876081faa0a,0,0,0,0,0,0,0,0,0,0,1
3_b8668ec5aa7dc9b32934,0,0,0,0,0,0,0,0,0,0,1
3_347d655c1f8f24ad2712,0,0,0,0,0,0,0,0,0,0,1
3_03e441f15253964bcd14,0,0,0,0,0,0,0,0,0,0,1
3_3e99d4198ab23df28c8d,0,0,0,0,0,0,0,0,0,0,1
3_090f92382c4643f1d010,0,0,0,0,0,0,0,0,0,0,1
3_0552d32b9244a11cab40,0,0,0,0,0,0,0,0,0,0,1
3_1548ff87c4ef1c5f4818,0,0,0,0,0,0,0,0,0,0,1
3_e57745750e016bf34698,0,0,0,0,0,0,0,0,0,0,1
3_9d5a46dd21478c874829,0,0,0,0,0,0,0,0,0,0,1
3_2addae4fa906c207ca03,0,0,0,0,0,0,0,0,0,0,1
3_272803c2841bda9caaa6,0,0,0,0,0,0,0,0,0,0,1
3_2465c430e94c8cda8475,0,0,0,0,0,0,0,0,0,0,1
3_3dd75d350322ed0758d9,0,0,0,0,0,0,0,0,0,0,1
3_494b179430a6e7401be0,0,0,0,0,0,0,0,0,0,0,1
3_8c3bee02b83ab094ed55,3,1,0,1,0,0,0,0,0,0,0
3_939bf24c02784e8c68a1,0,0,0,0,0,0,0,0,0,0,1
3_36122511978da9e434a1,0,0,0,0,0,0,0,0,0,0,1
3_4df5bf052c9543cdabdf,0,0,0,0,0,0,0,0,0,0,1
3_fedc5ed8af9adcf20b34,0,0,0,0,0,0,0,0,0,0,1
3_7128af9dd6a41b0bcca1,0,0,0,0,0,0,0,0,0,0,1
3_77a66cde57abac3250b3,0,0,0,0,0,0,0,0,0,0,1
3_cc7eb6e64e8b08459a81,0,0,0,0,0,0,0,0,0,0,1
3_e4ef9dbb0b7ba64c8ad6,0,0,0,0,0,0,0,0,0,0,1
3_47bc8209ac520647bdbc,0,0,0,0,0,0,0,0,0,0,1
3_8e20955062fb1df822c8,0,0,0,0,0,0,0,0,0,0,1
3_620f574bd9c1809973a5,0,0,0,0,0,0,0,0,0,0,1
3_b7c6a32336226e670f50,0,0,0,0,0,0,0,0,0,0,1
3_afd74d9ba05028297b3b,0,0,0,0,0,0,0,0,0,0,1
3_af475fe713b79fe3b28b,0,0,0,0,0,0,0,0,0,0,1
3_e30bdc19931acfde2ee0,0,0,0,0,0,0,0,0,0,0,1
3_177167d8ea51f3bbb5df,0,0,0,0,0,0,0,0,0,0,1
3_511c2f9bbbabdb9e18f9,0,0,0,0,0,0,0,0,0,0,1
3_3f42415507fc3b6632a5,2,0,0,1,0,0,0,0,1,0,0
3_34082feafdcabdd1635c,1,1,0,0,0,0,0,0,0,0,0
3_802acb4e3938c2898e23,0,0,0,0,0,0,0,0,0,0,1
3_ba8972ae89b9e917809a,0,0,0,0,0,0,0,0,0,0,1
3_c31257539b7998bf4054,0,0,0,0,0,0,0,0,0,0,1
3_2d3343d0621943e1a087,0,0,0,0,0,0,0,0,0,0,1
3_0fa158fb4441e3ea2f4f,0,0,0,0,0,0,0,0,0,0,1
3_496312b3e458142dd8ad,0,0,0,0,0,0,0,0,0,0,1
3_d02bcf9c79a82665705f,0,0,0,0,0,0,0,0,0,0,1
3_be17eedaad63595e7e2e,0,0,0,0,0,0,0,0,0,0,1
3_c92fc3dec2949e3851e5,0,0,0,0,0,0,0,0,0,0,1
3_6530fb3dcc36c5befca8,0,0,0,0,0,0,0,0,0,0,1
3_dbaf66e39aa681694c41,0,0,0,0,0,0,0,0,0,0,1
3_b0d78333eeea78ae2506,0,0,0,0,0,0,0,0,0,0,1
3_f92961e716962d305bab,0,0,0,0,0,0,0,0,0,0,1
3_f69a8f2395ba68741dc6,0,0,0,0,0,0,0,0,0,0,1
3_6d7f744b6d38284a4ced,2,1,0,0,0,0,0,0,1,0,0
3_4c53713d6d9890a7a2d5,0,0,0,0,0,0,0,0,0,0,1
3_457c6ac826079e54702f,0,0,0,0,0,0,0,0,0,0,1
3_859516fe34d8716e9088,0,0,0,0,0,0,0,0,0,0,1
3_f033e58f7b0ed8ba9c43,0,0,0,0,0,0,0,0,0,0,1
3_5d8fe81d85436bee3cc3,0,0,0,0,0,0,0,0,0,0,1
3_f2b5ee4d6178dc3091ab,0,0,0,0,0,0,0,0,0,0,1
3_9f8e04424ffe173f00e7,0,0,0,0,0,0,0,0,0,0,1
3_1ed5ce92f4e42c779b82,0,0,0,0,0,0,0,0,0,0,1
3_3c6438283046199c9f07,0,0,0,0,0,0,0,0,0,0,1
3_5be2c5f7bc9bac53773d,0,0,0,0,0,0,0,0,0,0,1
3_5f3b6dd13e9d6acf5c2b,0,0,0,0,0,0,0,0,0,0,1
3_2ba9f481d0c494b3a245,0,0,0,0,0,0,0,0,0,0,1
3_b3d34158c7dc91986e69,0,0,0,0,0,0,0,0,0,0,1
3_6499c4157340a0334577,0,0,0,0,0,0,0,0,0,0,1
3_8906c2a444a458a42cbd,0,0,0,0,0,0,0,0,0,0,1
3_121dca16a1496c7621c4,0,0,0,0,0,0,0,0,0,0,1
3_6d43841a27f44ad20d10,0,0,0,0,0,0,0,0,0,0,1
3_d2c933a766f0cf74903a,0,0,0,0,0,0,0,0,0,0,1
3_fee5857af11b2acd2f1d,0,0,0,0,0,0,0,0,0,0,1
3_9ec95a58f5c93d36bf4d,0,0,0,0,0,0,0,0,0,0,1
3_a97a2514b045f306ac83,0,0,0,0,0,0,0,0,0,0,1
3_53329ce1d4e11f5847fe,1,1,0,0,0,0,0,0,0,0,0
3_f8f03a405b75b519d006,0,0,0,0,0,0,0,0,0,0,1
3_3cf4ea91d31e33c4abcf,0,0,0,0,0,0,0,0,0,0,1
3_017d24c7d2bf53337bd5,0,0,0,0,0,0,0,0,0,0,1
3_ca4f2e4cd770e8c44009,0,0,0,0,0,0,0,0,0,0,1
3_db84bd73371d23c00f75,0,0,0,0,0,0,0,0,0,0,1
3_ace0a6c46aa7780fccdd,0,0,0,0,0,0,0,0,0,0,1
3_a21537826f5bc6af7c55,0,0,0,0,0,0,0,0,0,0,1
3_4714607dbc7e419c64b6,0,0,0,0,0,0,0,0,0,0,1
3_a7f58e3757598a7f2c64,2,1,0,0,0,0,0,0,0,0,0
3_ebd932f1c1ba8bff4524,0,0,0,0,0,0,0,0,0,0,1
3_ce0f23fc54bc3c04143e,2,1,0,0,0,0,0,0,0,0,0
3_12654187f426445cd08f,0,0,0,0,0,0,0,0,0,0,1
3_89e06aef3c8ab70eb0c2,0,0,0,0,0,0,0,0,0,0,1
3_25b9e122ab8c90ccb79f,0,0,0,0,0,0,0,0,0,0,1
3_44af16b473f148290c1d,0,0,0,0,0,0,0,0,0,0,1
3_1a9cd880a5310dce019f,0,0,0,0,0,0,0,0,0,0,1
3_825d40dc78fef1cc233f,0,0,0,0,0,0,0,0,0,0,1
3_b043039daddeeddd6726,0,0,0,0,0,0,0,0,0,0,1
3_0d30df0139baddf18d63,0,0,0,0,0,0,0,0,0,0,1
3_7b2f20256f8ba70df0c6,0,0,0,0,0,0,0,0,0,0,1
3_2b4932242863a0958879,0,0,0,0,0,0,0,0,0,0,1
3_c37f6e55345260aee42d,0,0,0,0,0,0,0,0,0,0,1
3_849be4cc643c499d1d38,0,0,0,0,0,0,0,0,0,0,1
3_a85e7d51321bd89a0eff,0,0,0,0,0,0,0,0,0,0,1
3_0f8250854defaf3403cf,0,0,0,0,0,0,0,0,0,0,1
3_25eca5b0cba827805443,0,0,0,0,0,0,0,0,0,0,1
3_712d6d87fc8266a46417,0,0,0,0,0,0,0,0,0,0,1
3_e0cb59d5ad1c36a6991b,0,0,0,0,0,0,0,0,0,0,1
3_e85457ab19df9e1479ad,0,0,0,0,0,0,0,0,0,0,1
3_260dabf689731ae083e1,0,0,0,0,0,0,0,0,0,0,1
3_8e5440eae4cfc77480f0,0,0,0,0,0,0,0,0,0,0,1
3_1929f23bcfc90664351b,0,0,0,0,0,0,0,0,0,0,1
3_706f947091fd66b1bad5,0,0,0,0,0,0,0,0,0,0,1
3_e36fe42708c672395583,0,0,0,0,0,0,0,0,0,0,1
3_b40db6bb55c3e2d3e4cb,0,0,0,0,0,0,0,0,0,0,1
3_bb5eda1500877af99bc8,0,0,0,0,0,0,0,0,0,0,1
3_179a4d27f19759254905,0,0,0,0,0,0,0,0,0,0,1
3_b55785ef4b2dd95fc5b7,0,0,0,0,0,0,0,0,0,0,1
3_ac59e4a5741c41519e36,0,0,0,0,0,0,0,0,0,0,1
3_e33368c3a8be07c8fae9,0,0,0,0,0,0,0,0,0,0,1
3_e58644688f596122fbee,0,0,0,0,0,0,0,0,0,0,1
3_ed4a4acd2895dcf6190b,0,0,0,0,0,0,0,0,0,0,1
3_d3a79479e7daeed2a6f8,0,0,0,0,0,0,0,0,0,0,1
3_55eff0ff6c08c69d3ac4,0,0,0,0,0,0,0,0,0,0,1
3_b3f24c0bd16989e6b772,0,0,0,0,0,0,0,0,0,0,1
3_83a1b5f82a6f02a00730,0,0,0,0,0,0,0,0,0,0,1
3_9b9a58cd890f436464a8,0,0,0,0,0,0,0,0,0,0,1
3_ed2c7455be5ba825b1fb,0,0,0,0,0,0,0,0,0,0,1
3_ce8f609c62e81b45fc6b,0,0,0,0,0,0,0,0,0,0,1
3_05e1afc264b14c533186,2,1,0,0,0,0,0,0,0,0,0
3_d8074b3fe8bcfeb065b0,0,0,0,0,0,0,0,0,0,0,1
3_e2050a607d7e85fa2b8b,0,0,0,0,0,0,0,0,0,0,1
3_f7c65fdd84cfc6d45ad2,0,0,0,0,0,0,0,0,0,0,1
3_e9db82858797c3954130,0,0,0,0,0,0,0,0,0,0,1
3_5772b87d5b6494a307b8,1,1,0,0,0,0,0,0,0,0,0
3_6b76e0c29b22f3a2f16f,0,0,0,0,0,0,0,0,0,0,1
3_9af66cc6233e28127bb4,0,0,0,0,0,0,0,0,0,0,1
3_94a71c1c2a4fc768083c,0,0,0,0,0,0,0,0,0,0,1
3_f295ee49d4834a1d90c1,0,0,0,0,0,0,0,0,0,0,1
3_710235a52a329a6ff8c9,2,1,0,0,0,0,0,0,0,0,0
3_24108096dbdb530dc0d4,0,0,0,0,0,0,0,0,0,0,1
3_2a6e06d7ea8dceb5597f,0,0,0,0,0,0,0,0,0,0,1
3_d99615f044eff0e40d57,0,0,0,0,0,0,0,0,0,0,1
3_fa72ee79f59ae852a412,0,0,0,0,0,0,0,0,0,0,1
3_26dcfe3ece8128aa6576,0,0,0,0,0,0,0,0,0,0,1
3_5feb343033a941bed087,0,0,0,0,0,0,0,0,0,0,1
3_679e7a933d2e0cacd9f9,0,0,0,0,0,0,0,0,0,0,1
3_f4a3167d118d838d1981,0,0,0,0,0,0,0,0,0,0,1
3_7976ed5532818b02dc81,0,0,0,0,0,0,0,0,0,0,1
3_11f76b9391178b41e6a4,0,0,0,0,0,0,0,0,0,0,1
3_f7b3c81dde76dbce3c1d,0,0,0,0,0,0,0,0,0,0,1
3_292ee4797ba01a8f1856,0,0,0,0,0,0,0,0,0,0,1
3_5e3a8f958c37e77884df,0,0,0,0,0,0,0,0,0,0,1
3_e3a0ac42950c3b482d06,0,0,0,0,0,0,0,0,0,0,1
3_ba24c121aa8c33511c20,0,0,0,0,0,0,0,0,0,0,1
3_0b985acc7b02c58e6df2,0,0,0,0,0,0,0,0,0,0,1
3_4765229209a93dd3fbf9,0,0,0,0,0,0,0,0,0,0,1
3_368e5d1b64a0925d514a,1,0,0,0,0,0,0,0,1,0,0
3_37b2f8d5b303dec76517,0,0,0,0,0,0,0,0,0,0,1
3_eaa82d3af37e1d6c5cac,2,1,0,0,0,0,0,0,0,0,0
3_70ac8aefaa494876301c,0,0,0,0,0,0,0,0,0,0,1
3_3ae8a0babe469bc6c349,0,0,0,0,0,0,0,0,0,0,1
3_d8cdc7f29441e8365a97,0,0,0,0,0,0,0,0,0,0,1
3_51f91f0bc8c0b01c22db,0,0,0,0,0,0,0,0,0,0,1
3_36dc2c18b144f8f02568,2,1,0,0,0,0,0,0,0,0,0
3_a4473b95c612de2fba91,0,0,0,0,0,0,0,0,0,0,1
3_bb5739f5fe4d93824ee9,0,0,0,0,0,0,0,0,0,0,1
3_b2f4d27b99bafea33cab,0,0,0,0,0,0,0,0,0,0,1
3_bf4274bb90298b71d7a0,0,0,0,0,0,0,0,0,0,0,1
3_57a0fa1f944bafdd0a1b,0,0,0,0,0,0,0,0,0,0,1
3_63271803d4850e47c87f,0,0,0,0,0,0,0,0,0,0,1
3_f176f8c828a3ee9d7ebb,0,0,0,0,0,0,0,0,0,0,1
3_2fbf1b2fa827044b2677,2,0,0,0,0,0,0,0,1,0,0
3_61ce56def6196cfa9aa0,0,0,0,0,0,0,0,0,0,0,1
3_cf555fb7ab4dbf2a8ee1,0,0,0,0,0,0,0,0,0,0,1
3_77911be399ba09911dd9,0,0,0,0,0,0,0,0,0,0,1
3_51ddcedfe68111549fba,0,0,0,0,0,0,0,0,0,0,1
3_683d2df8cd21c653788f,0,0,0,0,0,0,0,0,0,0,1
3_affa27e1c4f19d57ad52,0,0,0,0,0,0,0,0,0,0,1
3_e1e3127e6b87ccdcf7cc,2,0,0,0,0,0,0,0,1,0,0
3_ac7c1c964406c13a65e8,1,1,0,0,0,0,0,0,0,0,0
3_13dc179be1bf22e0e6b1,0,0,0,0,0,0,0,0,0,0,1
3_f89c9579f91fb89405c7,0,0,0,0,0,0,0,0,0,0,1
3_806b959859d475d436c4,0,0,0,0,0,0,0,0,0,0,1
3_e2cd635e5ca1f55ddf50,0,0,0,0,0,0,0,0,0,0,1
3_eea10dc7c27ba15df4ca,0,0,0,0,0,0,0,0,0,0,1
3_2dc6490c239bf72cd5dd,0,0,0,0,0,0,0,0,0,0,1
3_f42023851fc783028b12,2,1,0,0,0,0,0,0,0,0,0
3_86072451c0d2cbd61a8f,0,0,0,0,0,0,0,0,0,0,1
3_d93ce2911750d4b428f3,0,0,0,0,0,0,0,0,0,0,1
3_cb35702115f8a033b3b5,0,0,0,0,0,0,0,0,0,0,1
3_bb351c239df288eb9811,0,0,0,0,0,0,0,0,0,0,1
3_3772d3b6bc0f21603399,0,0,0,0,0,0,0,0,0,0,1
3_ba1bcc3ee83b83b4490e,1,1,0,0,0,0,0,0,0,0,0
3_918680c8b828ddecbeed,0,0,0,0,0,0,0,0,0,0,1
3_9db65edcabc6d78807ab,0,0,0,0,0,0,0,0,0,0,1
3_081f2d695b0100d9ff0b,0,0,0,0,0,0,0,0,0,0,1
3_125a25f54052206ed206,0,0,0,0,0,0,0,0,0,0,1
3_738c198680de1e92e358,0,0,0,0,0,0,0,0,0,0,1
3_1bcb057c05fd31f6146e,2,1,0,0,0,0,0,0,0,0,0
3_98d6eabaec88b9ffaf3a,0,0,0,0,0,0,0,0,0,0,1
3_7c29a9d38b12fd1c7a28,0,0,0,0,0,0,0,0,0,0,1
3_0e63260be1029ae2e221,0,0,0,0,0,0,0,0,0,0,1
3_3d2bb30067f2669ae53d,0,0,0,0,0,0,0,0,0,0,1
3_c910876f095efca3882d,0,0,0,0,0,0,0,0,0,0,1
3_70054c698450c1840881,0,0,0,0,0,0,0,0,0,0,1
3_73f05e1c1e2651cae1a0,0,0,0,0,0,0,0,0,0,0,1
3_de419f03e9a32a6fd53e,0,0,0,0,0,0,0,0,0,0,1
3_4a096df7f2b9ed09781a,0,0,0,0,0,0,0,0,0,0,1
3_a615ad8ae56b9d5b44b7,0,0,0,0,0,0,0,0,0,0,1
3_b87abfabf52fd715d49b,0,0,0,0,0,0,0,0,0,0,1
3_25a90175a017df279b25,0,0,0,0,0,0,0,0,0,0,1
3_7a1485bfb5cd0bee7892,0,0,0,0,0,0,0,0,0,0,1
3_f0c91f70b5b4db7666d2,0,0,0,0,0,0,0,0,0,0,1
3_59af4f730bcbfaad1b57,0,0,0,0,0,0,0,0,0,0,1
3_24db1432fee83b321ef2,0,0,0,0,0,0,0,0,0,0,1
3_0e389801064890781134,0,0,0,0,0,0,0,0,0,0,1
3_5aaa8ce9f611fb5dd05f,0,0,0,0,0,0,0,0,0,0,1
3_4d1c4c498c9ec2e7185e,0,0,0,0,0,0,0,0,0,0,1
3_c0f556b1244a73936c5b,0,0,0,0,0,0,0,0,0,0,1
3_ec3b8f5c5786bb20b461,0,0,0,0,0,0,0,0,0,0,1
3_890cbd6e06efefebcc33,0,0,0,0,0,0,0,0,0,0,1
3_879829b80b97edc3b45a,0,0,0,0,0,0,0,0,0,0,1
3_9dbc6f16ef4840c074f5,0,0,0,0,0,0,0,0,0,0,1
3_8a9ba918593cd6d9fa47,0,0,0,0,0,0,0,0,0,0,1
3_85f81064ca4cdd0084e2,0,0,0,0,0,0,0,0,0,0,1
3_a2b3928c7829910e4159,0,0,0,0,0,0,0,0,0,0,1
3_4d1d61d9453a3fb9a9aa,0,0,0,0,0,0,0,0,0,0,1
3_8eaa719988713eee0d18,0,0,0,0,0,0,0,0,0,0,1
3_5f791ea7a81f161e97b5,0,0,0,0,0,0,0,0,0,0,1
3_34e38e76f8b417240ce9,0,0,0,0,0,0,0,0,0,0,1
3_62abf0a6be499ba27aeb,0,0,0,0,0,0,0,0,0,0,1
3_93e32dfd8af1613e8469,0,0,0,0,0,0,0,0,0,0,1
3_19277044fac31066f076,0,0,0,0,0,0,0,0,0,0,1
3_6b01d1eb72067972545f,0,0,0,0,0,0,0,0,0,0,1
3_67acc9af0e078dddd8f1,0,0,0,0,0,0,0,0,0,0,1
3_0995509402b97575e3e2,0,0,0,0,0,0,0,0,0,0,1
3_4dff11983eb12fac1469,0,0,0,0,0,0,0,0,0,0,1
3_7689d8a2855b1344544d,0,0,0,0,0,0,0,0,0,0,1
3_d1b196d3cc85fc38a54c,1,1,0,0,0,0,0,0,0,0,0
3_310a01d03bc0cb3a12ed,0,0,0,0,0,0,0,0,0,0,1
3_b47ee20ea78e4d362e5c,0,0,0,0,0,0,0,0,0,0,1
3_afecca762726fe81902e,2,0,0,1,0,0,0,0,0,0,0
3_5c36a397c2f85ce39a0a,0,0,0,0,0,0,0,0,0,0,1
3_2e961d700ba309c5310d,2,0,0,0,0,0,0,0,1,0,0
3_2db062f7554084b2b71c,0,0,0,0,0,0,0,0,0,0,1
3_7a0baae61f815a17bf1f,0,0,0,0,0,0,0,0,0,0,1
3_3c33ac9ef7c520aa9cfa,0,0,0,0,0,0,0,0,0,0,1
3_d9f4b43b4dbd63ecaaeb,0,0,0,0,0,0,0,0,0,0,1
3_9f837e65cc3fee903815,0,0,0,0,0,0,0,0,0,0,1
3_253fab7cb1227b809033,1,1,0,0,0,0,0,0,0,0,0
3_6e3ff2f7648f5050bc42,0,0,0,0,0,0,0,0,0,0,1
3_4c91e4ae116949eaae8e,1,1,0,0,0,0,0,0,0,0,0
3_89589ba39d308b13ab83,0,0,0,0,0,0,0,0,0,0,1
3_f819313dc92be5c1e1e5,0,0,0,0,0,0,0,0,0,0,1
3_be58b442148cac8a52e7,0,0,0,0,0,0,0,0,0,0,1
3_d84ad4f5d51eb5c7e0a9,0,0,0,0,0,0,0,0,0,0,1
3_ed002b9987db86e8aa50,2,0,0,0,0,0,0,0,1,0,0
3_035321d0ff6c3b4df910,2,1,0,0,0,0,0,0,0,0,0
3_5f74a006c9660e9776bb,0,0,0,0,0,0,0,0,0,0,1
3_e0d7e8a471c2247f8605,0,0,0,0,0,0,0,0,0,0,1
3_31e461679f028dabfd11,0,0,0,0,0,0,0,0,0,0,1
3_ff820fcd1a659b0cac65,0,0,0,0,0,0,0,0,0,0,1
3_3207d7c9ecc990255e17,0,0,0,0,0,0,0,0,0,0,1
3_f708911f4c215bb47105,0,0,0,0,0,0,0,0,0,0,1
3_5e7f52896f31641e72bc,2,0,0,0,0,0,0,0,1,0,0
3_2aabe11cf23217723db3,0,0,0,0,0,0,0,0,0,0,1
3_a6cfc59816ff4bac5ad0,0,0,0,0,0,0,0,0,0,0,1
3_6e864f4d922f6ba7c996,0,0,0,0,0,0,0,0,0,0,1
3_3a8224b1648a4a2a3da3,0,0,0,0,0,0,0,0,0,0,1
3_aeaf2142754aea0cb7a7,2,0,0,0,0,0,0,0,1,0,0
3_5075349aaea69eeab3aa,0,0,0,0,0,0,0,0,0,0,1
3_d8824361f220b3f90ff9,0,0,0,0,0,0,0,0,0,0,1
3_faa083e5b170ec9b2e55,1,1,0,0,0,0,0,0,0,0,0
3_d6718d61a021601871a8,0,0,0,0,0,0,0,0,0,0,1
3_c8ed86b1d0e694a1a4a7,0,0,0,0,0,0,0,0,0,0,1
3_801e18ad8480926fb90c,0,0,0,0,0,0,0,0,0,0,1
3_688b9f874cbf8d16f1c9,0,0,0,0,0,0,0,0,0,0,1
3_d7a59776e04f8cf6b36d,0,0,0,0,0,0,0,0,0,0,1
3_ff939a4fc424e2df1991,2,1,0,0,0,0,0,0,0,0,0
3_376ac1ceede72acc5680,1,1,0,0,0,0,0,0,0,0,0
3_718298e254e9ac892ac9,0,0,0,0,0,0,0,0,0,0,1
3_74ed9050682eff164fb4,2,1,0,0,0,0,0,0,0,0,0
3_80976f5d2e807731395d,0,0,0,0,0,0,0,0,0,0,1
3_fa1dd13f18dc75c1c753,0,0,0,0,0,0,0,0,0,0,1
3_f3a7ea70b4a55ef87847,0,0,0,0,0,0,0,0,0,0,1
3_d02d74d1c645e0d34800,0,0,0,0,0,0,0,0,0,0,1
3_f690ea7671e2fe55309c,0,0,0,0,0,0,0,0,0,0,1
3_17e97292c1c8ec9d3578,1,1,0,0,0,0,0,0,0,0,0
3_8bda62ce85fd7badcc76,2,1,0,0,0,0,0,0,0,0,0
3_275afbb08ebc774fc812,0,0,0,0,0,0,0,0,0,0,1
3_cdc3ffc6ed11e704fdd7,1,1,0,0,0,0,0,0,0,0,0
3_b766d028df421b7f0d53,0,0,0,0,0,0,0,0,0,0,1
3_8387a04213e2a1a27e00,0,0,0,0,0,0,0,0,0,0,1
3_1de857f40b9541166c3f,0,0,0,0,0,0,0,0,0,0,1
3_7b5461f26742e8eff856,0,0,0,0,0,0,0,0,0,0,1
3_0f0e0deacb5f462e0e73,0,0,0,0,0,0,0,0,0,0,1
3_5cda1fbc7745c1de53ce,0,0,0,0,0,0,0,0,0,0,1
3_a509528a30c79495be38,1,1,0,0,0,0,0,0,0,0,0
3_b715d9e9856fb23cc0ae,0,0,0,0,0,0,0,0,0,0,1
3_aee9ea0b1803819515d1,0,0,0,0,0,0,0,0,0,0,1
3_ef9955d3fc3eb5bc452d,0,0,0,0,0,0,0,0,0,0,1
3_f2a0f8f0eb014ba0b13d,0,0,0,0,0,0,0,0,0,0,1
3_57e421df0c6cb64570dc,2,1,0,0,0,0,0,0,0,0,0
3_3e3449e25a9c59bcbc10,0,0,0,0,0,0,0,0,0,0,1
3_835acb805e31896ee7a3,0,0,0,0,0,0,0,0,0,0,1
3_5c9b064859df15744433,0,0,0,0,0,0,0,0,0,0,1
3_8a18bd73d0f1e33779b8,0,0,0,0,0,0,0,0,0,0,1
3_2c3c51a5657a70df498c,0,0,0,0,0,0,0,0,0,0,1
3_bf1b65384fa7127abe94,0,0,0,0,0,0,0,0,0,0,1
3_240ba02ece33207d378c,0,0,0,0,0,0,0,0,0,0,1
3_50171fbaf00e7bd6de48,0,0,0,0,0,0,0,0,0,0,1
3_74ba0dace9b8b73b7b46,0,0,0,0,0,0,0,0,0,0,1
3_99d492b92701079599e8,0,0,0,0,0,0,0,0,0,0,1
3_9b0eb018a75cc397e77f,0,0,0,0,0,0,0,0,0,0,1
3_e1e466eb211e85a7b903,0,0,0,0,0,0,0,0,0,0,1
3_0794dac69cb0efd9837b,0,0,0,0,0,0,0,0,0,0,1
3_9c20d69e3bcaefd37c89,2,1,0,0,0,0,0,0,0,0,0
3_a67b10eba7a865f4b6f4,0,0,0,0,0,0,0,0,0,0,1
3_fd314d0899215581be83,0,0,0,0,0,0,0,0,0,0,1
3_c47cabfbdc2949a6589b,0,0,0,0,0,0,0,0,0,0,1
3_7a1d76f1623e0012f8d9,0,0,0,0,0,0,0,0,0,0,1
3_f1519cac6d3beeef777c,3,1,0,0,0,0,0,0,0,0,0
3_d96f18b647ef480a7338,0,0,0,0,0,0,0,0,0,0,1
3_1e2cf7d9cbcfea9b880a,0,0,0,0,0,0,0,0,0,0,1
3_6b8fc54345dc645be386,0,0,0,0,0,0,0,0,0,0,1
3_641b28d0edadb07c6ee9,1,1,0,0,0,0,0,0,0,0,0
3_05026b12c1ba20e128f3,0,0,0,0,0,0,0,0,0,0,1
3_488ccef7297b89f1d97a,0,0,0,0,0,0,0,0,0,0,1
3_10c5c5f5be02fef56548,0,0,0,0,0,0,0,0,0,0,1
3_1aa5cd7ecce807957618,1,1,0,0,0,0,0,0,0,0,0
3_d89d0f63ef5d3208ab95,0,0,0,0,0,0,0,0,0,0,1
3_a35c0b3dc0caab80ed59,0,0,0,0,0,0,0,0,0,0,1
3_8df71e14ef8b1ad67649,0,0,0,0,0,0,0,0,0,0,1
3_1369deb26e56acc387e6,2,1,0,0,0,0,0,0,0,0,0
3_049a0d99afdccec59642,0,0,0,0,0,0,0,0,0,0,1
3_c142163ae20fe509395c,0,0,0,0,0,0,0,0,0,0,1
3_cda392845d49a13df5b7,0,0,0,0,0,0,0,0,0,0,1
3_214474b3d2312316f334,0,0,0,0,0,0,0,0,0,0,1
3_7122abd3d9b61903c15d,0,0,0,0,0,0,0,0,0,0,1
3_6b21450a5bbd68978d80,0,0,0,0,0,0,0,0,0,0,1
3_74b78559f9eea41c22dc,0,0,0,0,0,0,0,0,0,0,1
3_e6c34cab817bc9f0aaee,0,0,0,0,0,0,0,0,0,0,1
3_5ff7cf221a2e91d23401,0,0,0,0,0,0,0,0,0,0,1
3_63520ef7e048b9af9314,0,0,0,0,0,0,0,0,0,0,1
3_85d1fbc226f8ba616c0a,0,0,0,0,0,0,0,0,0,0,1
3_56ede0c5217443686dee,0,0,0,0,0,0,0,0,0,0,1
3_2201b40cdc3b24410e4b,0,0,0,0,0,0,0,0,0,0,1
3_04fd059b2c4216437e67,0,0,0,0,0,0,0,0,0,0,1
3_ea1094a2b1ac251e506d,0,0,0,0,0,0,0,0,0,0,1
3_0ce464ebdfd40e2172af,0,0,0,0,0,0,0,0,0,0,1
3_c1ca214d2f836f28f34d,0,0,0,0,0,0,0,0,0,0,1
3_022e0d154ec5691eab7d,0,0,0,0,0,0,0,0,0,0,1
3_86625105fc63f6cb8d76,0,0,0,0,0,0,0,0,0,0,1
3_f81b72a91d93efd2450a,0,0,0,0,0,0,0,0,0,0,1
3_82b7eb2972a05842fbff,0,0,0,0,0,0,0,0,0,0,1
3_45247508b63339bd443a,0,0,0,0,0,0,0,0,0,0,1
3_5499dae9075f1cfff3d4,0,0,0,0,0,0,0,0,0,0,1
3_30fb97c718afbcc3665e,0,0,0,0,0,0,0,0,0,0,1
3_9cf93db32a78014ae391,0,0,0,0,0,0,0,0,0,0,1
3_61bb4e8d7db27b39277f,0,0,0,0,0,0,0,0,0,0,1
3_5d1c92c87c1ea8fef5c2,3,0,0,1,0,0,1,1,0,0,0
3_1abca0145ee6bb9e41a8,0,0,0,0,0,0,0,0,0,0,1
3_7c93b05cdd190048b55f,2,1,0,0,0,0,0,0,0,0,0
3_1ab34ddb52aadcd2ff3a,0,0,0,0,0,0,0,0,0,0,1
3_89664925ae0d68085acb,0,0,0,0,0,0,0,0,0,0,1
3_f6c25073b670bcab0a07,0,0,0,0,0,0,0,0,0,0,1
3_5e434a5e25f2c1f4aa17,0,0,0,0,0,0,0,0,0,0,1
3_0ec02b3c7620ab613f42,0,0,0,0,0,0,0,0,0,0,1
3_9562f8a76186b245ad14,0,0,0,0,0,0,0,0,0,0,1
3_90647904fe2680b1b488,0,0,0,0,0,0,0,0,0,0,1
3_b7506eb76ad1c31568e5,0,0,0,0,0,0,0,0,0,0,1
3_4061e647717646d21d17,0,0,0,0,0,0,0,0,0,0,1
3_d79dd82031c4c0a495ea,0,0,0,0,0,0,0,0,0,0,1
3_31112f2bdfb4a11024c5,0,0,0,0,0,0,0,0,0,0,1
3_06fefb92b7f9acfa63aa,0,0,0,0,0,0,0,0,0,0,1
3_89a9e672775cbf0767e3,0,0,0,0,0,0,0,0,0,0,1
3_850fb9453a1560b31a8e,0,0,0,0,0,0,0,0,0,0,1
3_2d2f5ab594e6963bffc9,2,1,0,0,0,0,0,0,0,0,0
3_344adbb42f706464bff5,0,0,0,0,0,0,0,0,0,0,1
3_f1efaf5c26d7a9a74884,2,1,0,0,0,0,0,0,0,0,0
3_4916afe14af333243eaa,0,0,0,0,0,0,0,0,0,0,1
3_286e33d6db20d3b29560,0,0,0,0,0,0,0,0,0,0,1
3_3369131c23b87c5d84fb,0,0,0,0,0,0,0,0,0,0,1
3_db393165d0ce4c2ed18e,0,0,0,0,0,0,0,0,0,0,1
3_e5cf2b11e4894f960e33,0,0,0,0,0,0,0,0,0,0,1
3_2f0e3af470deacaf1ef0,3,1,0,0,0,0,0,0,0,0,0
3_2bcd5958e71f60c1dc71,0,0,0,0,0,0,0,0,0,0,1
3_51380572076c36a2a554,0,0,0,0,0,0,0,0,0,0,1
3_7215a72280fe183f1b1c,1,1,0,0,0,0,0,0,0,0,0
3_88dd1792088a822f0212,0,0,0,0,0,0,0,0,0,0,1
3_b2dec1d975ef04c0efe0,0,0,0,0,0,0,0,0,0,0,1
3_2c04c09402aa76caa54b,0,0,0,0,0,0,0,0,0,0,1
3_5c735428d5904391ce12,0,0,0,0,0,0,0,0,0,0,1
3_f6508c253ba7719cf9ee,0,0,0,0,0,0,0,0,0,0,1
3_0b8a6c8420da6957215a,2,1,0,0,0,0,0,0,0,0,0
3_cd4e540f61d1827c6d65,2,1,0,0,0,0,0,0,0,0,0
3_da210ff74369bb5e9617,0,0,0,0,0,0,0,0,0,0,1
3_8f0c78839f28f11a8176,0,0,0,0,0,0,0,0,0,0,1
3_fcf04f9b9602d4c2af7b,0,0,0,0,0,0,0,0,0,0,1
3_095f4f49b65ad334fee1,0,0,0,0,0,0,0,0,0,0,1
3_d23fc6e841d64762928b,0,0,0,0,0,0,0,0,0,0,1
3_429cc1cc4ae4c6730e61,0,0,0,0,0,0,0,0,0,0,1
3_a6fa6129a1eed41a5bf3,0,0,0,0,0,0,0,0,0,0,1
3_e945a24bbf61d5d4fe88,0,0,0,0,0,0,0,0,0,0,1
3_b62ab78be7db8f072c92,0,0,0,0,0,0,0,0,0,0,1
3_dfa193b942e54dce2b65,3,1,0,0,0,0,0,0,0,0,0
3_8ee283a132e3dfbf817e,0,0,0,0,0,0,0,0,0,0,1
3_da72ad57ab93aaac3461,0,0,0,0,0,0,0,0,0,0,1
3_9e39f30cac7b761e758f,0,0,0,0,0,0,0,0,0,0,1
3_66062c060defec6f3c7b,0,0,0,0,0,0,0,0,0,0,1
3_cc5b1b98e58451b11bda,0,0,0,0,0,0,0,0,0,0,1
3_b3cc40a6e62fe0ac6d4e,0,0,0,0,0,0,0,0,0,0,1
3_2857c4d384e96cf1ef8d,2,1,0,0,0,0,0,0,0,0,0
3_f6f3f2d0308ca435a5fa,0,0,0,0,0,0,0,0,0,0,1
3_2e99d26cd0c41fd6d42e,0,0,0,0,0,0,0,0,0,0,1
3_947c45e1d7a06bbb3e7c,0,0,0,0,0,0,0,0,0,0,1
3_1403e8eec89bc9f55484,0,0,0,0,0,0,0,0,0,0,1
3_30e57993227be59b1d1d,2,0,0,0,0,0,0,0,1,0,0
3_363dc43a7290a0127701,0,0,0,0,0,0,0,0,0,0,1
3_95a64763d574681cf55d,0,0,0,0,0,0,0,0,0,0,1
3_fcdb60895531e2a7556d,2,0,0,1,0,0,1,0,1,0,0
3_3200209dd8c9624493cc,0,0,0,0,0,0,0,0,0,0,1
3_768520e37e32e60eddb7,0,0,0,0,0,0,0,0,0,0,1
3_5090ebaac92eb61e37c4,0,0,0,0,0,0,0,0,0,0,1
3_ca8a3a9e4f6a6a59f6da,0,0,0,0,0,0,0,0,0,0,1
3_9405c877ab9096d44cb8,0,0,0,0,0,0,0,0,0,0,1
3_80ef8f1d5e809f625de4,0,0,0,0,0,0,0,0,0,0,1
3_59f50962105b6b507b83,0,0,0,0,0,0,0,0,0,0,1
3_86893324ced49f935d4d,0,0,0,0,0,0,0,0,0,0,1
3_14ed85fae2b26004d43e,0,0,0,0,0,0,0,0,0,0,1
3_fff08045095f8bbf4637,0,0,0,0,0,0,0,0,0,0,1
3_d3d142e8e6e510a95463,0,0,0,0,0,0,0,0,0,0,1
3_72300a0175fc1028b677,0,0,0,0,0,0,0,0,0,0,1
3_f9968c5a8454ffcea66d,0,0,0,0,0,0,0,0,0,0,1
3_316176bbfc5c7d23a313,0,0,0,0,0,0,0,0,0,0,1
3_89757a0e08dd717e0161,0,0,0,0,0,0,0,0,0,0,1
3_be4614bfa9608316db40,0,0,0,0,0,0,0,0,0,0,1
3_30cb5f18819bd06e81ad,0,0,0,0,0,0,0,0,0,0,1
3_c64ccc7ec45f0d79dd29,3,1,0,1,0,0,0,0,0,0,0
3_8d6e015b5f321f6bd2d9,0,0,0,0,0,0,0,0,0,0,1
3_53a872987bff3ea8871e,0,0,0,0,0,0,0,0,0,0,1
3_4455bcb7795c43f94e47,0,0,0,0,0,0,0,0,0,0,1
3_51636672589fb24f30e2,0,0,0,0,0,0,0,0,0,0,1
3_77e2fc88c2d38f4fb259,2,0,0,1,0,0,1,0,0,0,0
3_7e896d23a9b7a49604e2,0,0,0,0,0,0,0,0,0,0,1
3_562ad0d58ebd5649fd47,0,0,0,0,0,0,0,0,0,0,1
3_24cdedc5a066d0eb3b96,0,0,0,0,0,0,0,0,0,0,1
3_517bf517898ee2fe16bb,0,0,0,0,0,0,0,0,0,0,1
3_e4ea749774e38790b606,0,0,0,0,0,0,0,0,0,0,1
3_24e6f7abbb0b59ca589b,0,0,0,0,0,0,0,0,0,0,1
3_9ad319a3f8e6c7cb4edb,0,0,0,0,0,0,0,0,0,0,1
3_b480b8b89f13e6529d9a,1,1,0,0,0,0,0,0,0,0,0
3_4d96fb9a5dd275f54099,2,1,0,0,0,0,0,0,0,0,0
3_1924e49e08b64dddfef1,0,0,0,0,0,0,0,0,0,0,1
3_ec8e4657dd9265c2e469,0,0,0,0,0,0,0,0,0,0,1
3_1010eb016274416cd5f9,2,1,0,0,0,0,0,0,0,0,0
3_75ee11ec229b155fdabe,0,0,0,0,0,0,0,0,0,0,1
3_5061eb1b996d9dbafaee,0,0,0,0,0,0,0,0,0,0,1
3_4634cf65dfe4a74dceb3,0,0,0,0,0,0,0,0,0,0,1
3_ca0946ecc173985da40b,0,0,0,0,0,0,0,0,0,0,1
3_6d0daa6d68bb799872f7,2,0,0,1,0,0,1,1,0,0,0
3_e8e18a82cac261a6460f,0,0,0,0,0,0,0,0,0,0,1
3_a7120bd46432e3bc8c6a,0,0,0,0,0,0,0,0,0,0,1
3_69b2fc10f9be4239a576,0,0,0,0,0,0,0,0,0,0,1
3_c159ddd6fed4ad225452,0,0,0,0,0,0,0,0,0,0,1
3_616bf2ae1ea1c842b809,0,0,0,0,0,0,0,0,0,0,1
3_0e58044bc125f9e13bdf,0,0,0,0,0,0,0,0,0,0,1
3_0d3dda7322ba9dacc1e1,0,0,0,0,0,0,0,0,0,0,1
3_c21be8c9e1c578a47768,0,0,0,0,0,0,0,0,0,0,1
3_c1548250b503586bf4a2,1,1,0,0,0,0,0,0,0,0,0
3_ca55feb6d172b35c7869,0,0,0,0,0,0,0,0,0,0,1
3_48b5e12eab72b7522d1f,0,0,0,0,0,0,0,0,0,0,1
3_fa6a27b72f78d194313e,0,0,0,0,0,0,0,0,0,0,1
3_30410f7d9b5e65574189,0,0,0,0,0,0,0,0,0,0,1
3_d5a556a1c7b5a6c7b44e,0,0,0,0,0,0,0,0,0,0,1
3_d859a1bab96b0680abf2,0,0,0,0,0,0,0,0,0,0,1
3_a5b5a2961940fbc57c3f,0,0,0,0,0,0,0,0,0,0,1
3_d3790abaecfabff5580a,0,0,0,0,0,0,0,0,0,0,1
3_eb0d2d8a49020393e1b4,0,0,0,0,0,0,0,0,0,0,1
3_1d953df6975f9b057679,0,0,0,0,0,0,0,0,0,0,1
3_11ceeac532e8d3658fb6,0,0,0,0,0,0,0,0,0,0,1
3_1b985576a75c3e7098b3,0,0,0,0,0,0,0,0,0,0,1
3_52dc3ca7960921fb04a5,0,0,0,0,0,0,0,0,0,0,1
3_d31068da4c336ea3e5a2,1,1,0,0,0,0,0,0,0,0,0
3_5f2fa5724fd3f948d5e7,0,0,0,0,0,0,0,0,0,0,1
3_3f84965950944567a4ec,0,0,0,0,0,0,0,0,0,0,1
3_669eaf0390a952052a98,0,0,0,0,0,0,0,0,0,0,1
3_d562a50fdfae3e31e991,0,0,0,0,0,0,0,0,0,0,1
3_0abe0e4959ca8a97f010,0,0,0,0,0,0,0,0,0,0,1
3_82ac9709f41f11c463fe,1,1,0,0,0,0,0,0,0,0,0
3_0533f21454f3e83786bd,0,0,0,0,0,0,0,0,0,0,1
3_db5ecfb23f8f72bec45b,0,0,0,0,0,0,0,0,0,0,1
3_547651b9528688f3f10c,0,0,0,0,0,0,0,0,0,0,1
3_6d4cab37e0c5f95e843e,0,0,0,0,0,0,0,0,0,0,1
3_609d6c42e1905150c4e4,0,0,0,0,0,0,0,0,0,0,1
3_358751095df16ae1c930,0,0,0,0,0,0,0,0,0,0,1
3_c37cebc345451d359529,0,0,0,0,0,0,0,0,0,0,1
3_96cfbd59bb4a8c363dd6,1,1,0,0,0,0,0,0,0,0,0
3_b1fcd4acfa3c0e52051c,0,0,0,0,0,0,0,0,0,0,1
3_a6f62895b78fb0973f6d,0,0,0,0,0,0,0,0,0,0,1
3_dde7d8f3a39cd4d74c51,0,0,0,0,0,0,0,0,0,0,1
3_a4933fb3777413b6fcf6,0,0,0,0,0,0,0,0,0,0,1
3_2ee8be21e94d828f9c3a,1,1,0,0,0,0,0,0,0,0,0
3_8d09ad600c862cc118c4,0,0,0,0,0,0,0,0,0,0,1
3_db9e032e3bcd884670fa,0,0,0,0,0,0,0,0,0,0,1
3_be845a2335136d5adbc7,0,0,0,0,0,0,0,0,0,0,1
3_106a592011f063f91906,0,0,0,0,0,0,0,0,0,0,1
3_60477f5346db9989c657,0,0,0,0,0,0,0,0,0,0,1
3_662ed25b83c9f77858d0,0,0,0,0,0,0,0,0,0,0,1
3_d5195a0e99689a7bae9b,0,0,0,0,0,0,0,0,0,0,1
3_72a8c1180c95d0da102a,0,0,0,0,0,0,0,0,0,0,1
3_5f602d16cc48c36fcfb7,0,0,0,0,0,0,0,0,0,0,1
3_99c05426c752e6dc2b88,0,0,0,0,0,0,0,0,0,0,1
3_a7a0bb2fcf46874de5a3,0,0,0,0,0,0,0,0,0,0,1
3_63e1d6b5d03f86004eb9,0,0,0,0,0,0,0,0,0,0,1
3_d45f246bf29b83cc5517,0,0,0,0,0,0,0,0,0,0,1
3_e1ece3ea1dc1b0e0f548,0,0,0,0,0,0,0,0,0,0,1
3_ea76cc92aa55167e936c,2,1,0,0,0,0,0,0,0,0,0
3_0fb281663c07a2bafc1a,0,0,0,0,0,0,0,0,0,0,1
3_1d8d1c0cb9e9376728b7,0,0,0,0,0,0,0,0,0,0,1
3_c6a65228c2b4b6ccd0fa,0,0,0,0,0,0,0,0,0,0,1
3_57ea0433ff3a2e5f0fef,0,0,0,0,0,0,0,0,0,0,1
3_f2bf68cffb3a0787d848,1,1,0,0,0,0,0,0,0,0,0
3_644ae6afa3671e66e452,0,0,0,0,0,0,0,0,0,0,1
3_c9acb1e785f2dddab922,0,0,0,0,0,0,0,0,0,0,1
3_c9ad2f0c97debcc4c0d9,0,0,0,0,0,0,0,0,0,0,1
3_4717f976149b2a9c3dba,0,0,0,0,0,0,0,0,0,0,1
3_dc6a862303b110470911,0,0,0,0,0,0,0,0,0,0,1
3_9737328790d34fb55964,2,1,0,0,0,0,0,0,0,0,0
3_c4912bd226096aed9077,1,1,0,0,0,0,0,0,0,0,0
3_0fa0c65d3316c5987a17,0,0,0,0,0,0,0,0,0,0,1
3_7f0e008daea823b86996,0,0,0,0,0,0,0,0,0,0,1
3_f12770934d2d8872b22c,0,0,0,0,0,0,0,0,0,0,1
3_8a58ac96152bcff60689,0,0,0,0,0,0,0,0,0,0,1
3_cdfb5b0ec98d57b5eb4e,0,0,0,0,0,0,0,0,0,0,1
3_1e14005133d0b09e6a35,0,0,0,0,0,0,0,0,0,0,1
3_706b26746438b7f6e066,0,0,0,0,0,0,0,0,0,0,1
3_062bee106fe11c00b2f2,2,1,0,0,0,0,0,0,0,0,0
3_ab871d4c8aca8e285ab2,0,0,0,0,0,0,0,0,0,0,1
3_d7f7537bbcb90fa23e0f,0,0,0,0,0,0,0,0,0,0,1
3_53214511407bc781cbe8,0,0,0,0,0,0,0,0,0,0,1
3_36ffa2d09ee8a20515a5,0,0,0,0,0,0,0,0,0,0,1
3_ca14eeece3b6be6df1a6,0,0,0,0,0,0,0,0,0,0,1
3_2d0942876764d2483f75,0,0,0,0,0,0,0,0,0,0,1
3_08780b528441cd2f2ff8,0,0,0,0,0,0,0,0,0,0,1
3_b3fd7611b724e46bdebe,1,1,0,0,0,0,0,0,0,0,0
3_50ecea39a770ca82c98b,0,0,0,0,0,0,0,0,0,0,1
3_b779acd64f03c18bddb4,0,0,0,0,0,0,0,0,0,0,1
3_3d769d30f63056f042a2,0,0,0,0,0,0,0,0,0,0,1
3_eb715c5a5d29ec172428,0,0,0,0,0,0,0,0,0,0,1
3_94cd6d25948ee392ede6,0,0,0,0,0,0,0,0,0,0,1
3_380d9b8a3622ce907ed7,0,0,0,0,0,0,0,0,0,0,1
3_4c94bdf7c8f678e23b25,0,0,0,0,0,0,0,0,0,0,1
3_e8abd28d96ab4bafa6bd,0,0,0,0,0,0,0,0,0,0,1
3_a5fd6360ee2e79947ccc,0,0,0,0,0,0,0,0,0,0,1
3_0301be85e5dc2fc71ed5,0,0,0,0,0,0,0,0,0,0,1
3_7cfc68beab4c5bb6e53e,0,0,0,0,0,0,0,0,0,0,1
3_adf449c691eba7cfcb22,0,0,0,0,0,0,0,0,0,0,1
3_adfcfc467d77f7158b5e,0,0,0,0,0,0,0,0,0,0,1
3_ffdc6ea7f4ed79cc0f14,0,0,0,0,0,0,0,0,0,0,1
3_e46cc1f283853070186d,0,0,0,0,0,0,0,0,0,0,1
3_f715e95712ba1148be37,0,0,0,0,0,0,0,0,0,0,1
3_c094b3483388b62d0bd2,0,0,0,0,0,0,0,0,0,0,1
3_8690b17c245f02225341,0,0,0,0,0,0,0,0,0,0,1
3_ec0fda7280cac91b993e,0,0,0,0,0,0,0,0,0,0,1
3_8ea418e07ed8b82e2962,0,0,0,0,0,0,0,0,0,0,1
3_a5886560fe415a690fe0,1,1,0,0,0,0,0,0,0,0,0
3_0710fd3ee502d95b8b7b,0,0,0,0,0,0,0,0,0,0,1
3_d34719010d66bc9f35ee,0,0,0,0,0,0,0,0,0,0,1
3_1cec148ef24dd4bcdc21,0,0,0,0,0,0,0,0,0,0,1
3_57a4d555f5a15016da84,0,0,0,0,0,0,0,0,0,0,1
3_3d89f6b5c62158ecb234,0,0,0,0,0,0,0,0,0,0,1
3_2c8553df279b204738ca,0,0,0,0,0,0,0,0,0,0,1
3_d3f231438f53dd71da61,0,0,0,0,0,0,0,0,0,0,1
3_bd90ee9955f70e73e7a9,0,0,0,0,0,0,0,0,0,0,1
3_664c4eb06542c2fd77d8,0,0,0,0,0,0,0,0,0,0,1
3_277034ccb8f9cb21cc43,0,0,0,0,0,0,0,0,0,0,1
3_50cc674b208a8d5a851c,0,0,0,0,0,0,0,0,0,0,1
3_8448ea16d791604c3c52,0,0,0,0,0,0,0,0,0,0,1
3_de0880ce55a1a85efdac,0,0,0,0,0,0,0,0,0,0,1
3_8344a5c47f18e041de2a,0,0,0,0,0,0,0,0,0,0,1
3_3344f25435b119918e76,0,0,0,0,0,0,0,0,0,0,1
3_2e3132b3c81181d03e31,0,0,0,0,0,0,0,0,0,0,1
3_bbc1b76c5aad5b4f5cfa,0,0,0,0,0,0,0,0,0,0,1
3_32d7d2fb3f55b8ebbcb0,0,0,0,0,0,0,0,0,0,0,1
3_fc9142c74b3a937d3fb5,0,0,0,0,0,0,0,0,0,0,1
3_f88734a020ecff92b8d0,0,0,0,0,0,0,0,0,0,0,1
3_da3f7fcac20e1d9d3ce4,0,0,0,0,0,0,0,0,0,0,1
3_02a5092039d1ef34a6fc,0,0,0,0,0,0,0,0,0,0,1
3_08cd9ff1f41388014fe1,0,0,0,0,0,0,0,0,0,0,1
3_68530f415279b6e34a9d,0,0,0,0,0,0,0,0,0,0,1
3_5ad016575ab8635d710e,0,0,0,0,0,0,0,0,0,0,1
3_5726b1fb79d3abc29028,0,0,0,0,0,0,0,0,0,0,1
3_c76d8d270b7880914ea7,0,0,0,0,0,0,0,0,0,0,1
3_be668ff23655d5ded3bb,0,0,0,0,0,0,0,0,0,0,1
3_54201eafc6e865d68e38,0,0,0,0,0,0,0,0,0,0,1
3_b0ec722dc76011ef0561,0,0,0,0,0,0,0,0,0,0,1
3_4ce459e10f2b402d9455,0,0,0,0,0,0,0,0,0,0,1
3_804a590da9a632dcc2f3,0,0,0,0,0,0,0,0,0,0,1
3_65d943b74d592fb13ad4,0,0,0,0,0,0,0,0,0,0,1
3_e35bfdd770005b3f1bde,0,0,0,0,0,0,0,0,0,0,1
3_51a5254542df0d1c0470,0,0,0,0,0,0,0,0,0,0,1
3_a3fc564b90d3c3729ad6,0,0,0,0,0,0,0,0,0,0,1
3_703eb04c3fc8570f4b66,0,0,0,0,0,0,0,0,0,0,1
3_678b98cc76a4bb0548ad,0,0,0,0,0,0,0,0,0,0,1
3_399db8f4abd96602541c,0,0,0,0,0,0,0,0,0,0,1
3_f3ab32e4912923cad8f9,0,0,0,0,0,0,0,0,0,0,1
3_bfa2e22b8737309add3d,0,0,0,0,0,0,0,0,0,0,1
3_875ec66f3079776c87f2,0,0,0,0,0,0,0,0,0,0,1
3_405387165b1a2ad28a3f,0,0,0,0,0,0,0,0,0,0,1
3_0ecee133c9ced59a7382,0,0,0,0,0,0,0,0,0,0,1
3_ffdd2f614906149ebdf2,0,0,0,0,0,0,0,0,0,0,1
3_790bde62457935323ff4,0,0,0,0,0,0,0,0,0,0,1
3_fbdbbe227fb5bea691a3,0,0,0,0,0,0,0,0,0,0,1
3_643f7a929ef02c7c7420,0,0,0,0,0,0,0,0,0,0,1
3_638cb9d39447aaec41d9,0,0,0,0,0,0,0,0,0,0,1
3_7ad0d3d70d7bdb6be110,0,0,0,0,0,0,0,0,0,0,1
3_288c97ab98dfe4830989,0,0,0,0,0,0,0,0,0,0,1
3_939e05e437332bf54708,0,0,0,0,0,0,0,0,0,0,1
3_b6659315dad9ecb395c5,0,0,0,0,0,0,0,0,0,0,1
3_c508376029e01174098e,0,0,0,0,0,0,0,0,0,0,1
3_af321d2b381c7d696c37,0,0,0,0,0,0,0,0,0,0,1
3_6af8ac47b714053ef18c,0,0,0,0,0,0,0,0,0,0,1
3_5aeed50c8ac7380158d7,0,0,0,0,0,0,0,0,0,0,1
3_d32a738bf96f027f0546,0,0,0,0,0,0,0,0,0,0,1
3_4493a775217e0637c423,0,0,0,0,0,0,0,0,0,0,1
3_4de58a0c24e3916fa5ab,0,0,0,0,0,0,0,0,0,0,1
3_be4511e0c02235070e08,0,0,0,0,0,0,0,0,0,0,1
3_4f70b056713f509253f2,0,0,0,0,0,0,0,0,0,0,1
3_8238c9d7905bf3849946,0,0,0,0,0,0,0,0,0,0,1
3_fbc79f187bf8ce22e40e,0,0,0,0,0,0,0,0,0,0,1
3_9168acb5d6155f59cc32,0,0,0,0,0,0,0,0,0,0,1
3_7d79dc0e80914139f307,0,0,0,0,0,0,0,0,0,0,1
3_263b6e26b9e454ffc46d,0,0,0,0,0,0,0,0,0,0,1
3_17348eb70bbe2dd9a631,0,0,0,0,0,0,0,0,0,0,1
3_8906587ac30cda16b0df,0,0,0,0,0,0,0,0,0,0,1
3_cbbaa8a83874241ff9b7,0,0,0,0,0,0,0,0,0,0,1
3_57fa3a17516f7072afd6,0,0,0,0,0,0,0,0,0,0,1
3_e008364da86090987c55,0,0,0,0,0,0,0,0,0,0,1
3_305dfb5c84953f9adaf0,0,0,0,0,0,0,0,0,0,0,1
3_8f51a1be7faba7bbb50b,0,0,0,0,0,0,0,0,0,0,1
3_8501d353d5e7ef0738c3,0,0,0,0,0,0,0,0,0,0,1
3_b6e02a447e8a96ac473c,0,0,0,0,0,0,0,0,0,0,1
3_ed68e48b02937af8d4f3,0,0,0,0,0,0,0,0,0,0,1
3_5955cce90ce69410f50f,0,0,0,0,0,0,0,0,0,0,1
3_da2d0f069e61aca318bd,0,0,0,0,0,0,0,0,0,0,1
3_e4317e1ee060c438582f,0,0,0,0,0,0,0,0,0,0,1
3_c38f5d0d4fe2da23ce68,0,0,0,0,0,0,0,0,0,0,1
3_72b7dc97180943266764,0,0,0,0,0,0,0,0,0,0,1
3_5abfa2ad8b83e2783580,0,0,0,0,0,0,0,0,0,0,1
3_0444bdf2211a61f0a4f9,0,0,0,0,0,0,0,0,0,0,1
3_35da3a9291cc849ad2b5,0,0,0,0,0,0,0,0,0,0,1
3_c7156f0889f4ba58028f,0,0,0,0,0,0,0,0,0,0,1
3_f3ec6ea6c8d4a9999181,0,0,0,0,0,0,0,0,0,0,1
3_5375f212ba9feb01622a,0,0,0,0,0,0,0,0,0,0,1
3_7d4f1122ea21552bedc6,0,0,0,0,0,0,0,0,0,0,1
3_034d7ad97e73aab13c79,0,0,0,0,0,0,0,0,0,0,1
3_117dde0d08629a8a7936,0,0,0,0,0,0,0,0,0,0,1
3_e1ed69e2e318592be3c4,0,0,0,0,0,0,0,0,0,0,1
3_7de0aac4c03304855c0f,0,0,0,0,0,0,0,0,0,0,1
3_b39a057ff2a7ef9b561e,0,0,0,0,0,0,0,0,0,0,1
3_339f6153b03bf731f98d,0,0,0,0,0,0,0,0,0,0,1
3_c095673f4566d8045c5f,0,0,0,0,0,0,0,0,0,0,1
3_155f9278f8ea7853f14f,0,0,0,0,0,0,0,0,0,0,1
3_96fb62fd7003c7114bc9,0,0,0,0,0,0,0,0,0,0,1
3_ea3b4ef33fc6997f19a6,0,0,0,0,0,0,0,0,0,0,1
3_0b9d2b42b0413342894e,0,0,0,0,0,0,0,0,0,0,1
3_5f79ec8e3977d0519586,0,0,0,0,0,0,0,0,0,0,1
3_0ec15c376c0fd63f7cdd,0,0,0,0,0,0,0,0,0,0,1
3_b965e32e8b00c01b8387,0,0,0,0,0,0,0,0,0,0,1
3_70f36c8cec0d3202ade2,0,0,0,0,0,0,0,0,0,0,1
3_16a5307fb82639f2789d,0,0,0,0,0,0,0,0,0,0,1
3_360b59a5edf409707a4a,0,0,0,0,0,0,0,0,0,0,1
3_93d60324e5a434a944f5,0,0,0,0,0,0,0,0,0,0,1
3_cbe129e128b28b668041,0,0,0,0,0,0,0,0,0,0,1
3_bd729e3f4a3ec267e21a,0,0,0,0,0,0,0,0,0,0,1
3_c429bd21d6011d30d159,0,0,0,0,0,0,0,0,0,0,1
3_403e5ce91b869614dff7,0,0,0,0,0,0,0,0,0,0,1
3_ec5fdbf9df5bd823bf2f,0,0,0,0,0,0,0,0,0,0,1
3_371134136925845f6a80,0,0,0,0,0,0,0,0,0,0,1
3_b4c6def852d58312f94c,0,0,0,0,0,0,0,0,0,0,1
3_5a1d68031774c44c3ad4,0,0,0,0,0,0,0,0,0,0,1
3_ce55da0ef29c3d0a501d,0,0,0,0,0,0,0,0,0,0,1
3_97db99f82b8a3ce6794b,0,0,0,0,0,0,0,0,0,0,1
3_e6f63fe1cf2c49613f1a,0,0,0,0,0,0,0,0,0,0,1
3_f127cb455c4267c7ae43,0,0,0,0,0,0,0,0,0,0,1
3_2f8c1ecaeb73f5193aeb,0,0,0,0,0,0,0,0,0,0,1
3_7a0a57e4c6ee40e2c80a,0,0,0,0,0,0,0,0,0,0,1
3_eb1c5894c1e99440c5ce,0,0,0,0,0,0,0,0,0,0,1
3_1faa5d7a596b92371b8b,0,0,0,0,0,0,0,0,0,0,1
3_3dba06a9c7c2c1d080a1,0,0,0,0,0,0,0,0,0,0,1
3_cfe362251d8015cfce1f,0,0,0,0,0,0,0,0,0,0,1
3_6f4fbfdb951d2b87736a,0,0,0,0,0,0,0,0,0,0,1
3_30c2407803385123349f,0,0,0,0,0,0,0,0,0,0,1
3_1f2482d4a261f45e4f65,0,0,0,0,0,0,0,0,0,0,1
3_f67968430b7aea883720,0,0,0,0,0,0,0,0,0,0,1
3_c62e62835b40561327b4,0,0,0,0,0,0,0,0,0,0,1
3_5e800eb180ce408dc08d,0,0,0,0,0,0,0,0,0,0,1
3_2a5c4e1f5106d8ddd53b,0,0,0,0,0,0,0,0,0,0,1
3_75e69c2240c3bbc73855,0,0,0,0,0,0,0,0,0,0,1
3_339695ee83a19b3659b9,0,0,0,0,0,0,0,0,0,0,1
3_9faf572e76e1af810619,0,0,0,0,0,0,0,0,0,0,1
3_d0bc2610183ffce67257,0,0,0,0,0,0,0,0,0,0,1
3_a25bdb0a7c7b5b39ce1d,0,0,0,0,0,0,0,0,0,0,1
3_4aa6538c14e71b3e66a0,0,0,0,0,0,0,0,0,0,0,1
3_12fa71a25bfca97b8caa,0,0,0,0,0,0,0,0,0,0,1
3_f76b3e32405ae62ec629,0,0,0,0,0,0,0,0,0,0,1
3_4ced2dd6896a45237b2e,0,0,0,0,0,0,0,0,0,0,1
3_0f96e3fbff45fe34fb81,0,0,0,0,0,0,0,0,0,0,1
3_ae5248bf44ede7798a31,0,0,0,0,0,0,0,0,0,0,1
3_7ffc55a52d2afe733a28,0,0,0,0,0,0,0,0,0,0,1
3_16a032b6b7337c3ee6db,0,0,0,0,0,0,0,0,0,0,1
3_c577cbd91ecea4e88222,0,0,0,0,0,0,0,0,0,0,1
3_7363515075b7ad7a443a,0,0,0,0,0,0,0,0,0,0,1
3_445673704b0972693b6f,0,0,0,0,0,0,0,0,0,0,1
3_3ee3ae8c2bad35086f66,0,0,0,0,0,0,0,0,0,0,1
3_f181706be6b772572e93,0,0,0,0,0,0,0,0,0,0,1
3_6a967cbe6aef4e69e303,0,0,0,0,0,0,0,0,0,0,1
3_c5a8074d8d0b1270ae89,0,0,0,0,0,0,0,0,0,0,1
3_b2532e24a6aac6440b31,0,0,0,0,0,0,0,0,0,0,1
3_54bd7d0b3d3341c824ab,0,0,0,0,0,0,0,0,0,0,1
3_591d438dcc1faf679fb0,0,0,0,0,0,0,0,0,0,0,1
3_7f2bc1abe6d5037d2632,0,0,0,0,0,0,0,0,0,0,1
3_dff3bcb19694a961baed,0,0,0,0,0,0,0,0,0,0,1
3_049ed004bb5a44e04f71,0,0,0,0,0,0,0,0,0,0,1
3_9750ae7674d1a87d0a17,0,0,0,0,0,0,0,0,0,0,1
3_5d4cff5490c2ff89f298,0,0,0,0,0,0,0,0,0,0,1
3_bd2c216c68230abd9b94,0,0,0,0,0,0,0,0,0,0,1
3_28e2d798642794020321,0,0,0,0,0,0,0,0,0,0,1
3_9d4f59ae535a2031e6e7,0,0,0,0,0,0,0,0,0,0,1
3_480f792607497894ac0b,0,0,0,0,0,0,0,0,0,0,1
3_2f363212f8d73f780013,0,0,0,0,0,0,0,0,0,0,1
3_5a63eae26aeb52a66973,0,0,0,0,0,0,0,0,0,0,1
3_c23793770fc26a1dcd24,0,0,0,0,0,0,0,0,0,0,1
3_50b3eb099f633e4f30fd,0,0,0,0,0,0,0,0,0,0,1
3_65c8e1df6923efb837b1,0,0,0,0,0,0,0,0,0,0,1
3_8762f1018955c53e3fdc,0,0,0,0,0,0,0,0,0,0,1
3_99d9c3e54ab0de132e5a,0,0,0,0,0,0,0,0,0,0,1
3_36b146cee4ba1c8696eb,0,0,0,0,0,0,0,0,0,0,1
3_4133e49d73295a5ae69c,0,0,0,0,0,0,0,0,0,0,1
3_3a1d606e5fb44b4571ed,0,0,0,0,0,0,0,0,0,0,1
3_3ef58f01dad79e306942,0,0,0,0,0,0,0,0,0,0,1
3_300c38288aec5b5c7c4e,0,0,0,0,0,0,0,0,0,0,1
3_51c2455457ad9c1473a9,0,0,0,0,0,0,0,0,0,0,1
3_c3b4d1a21aacc5ab9b16,0,0,0,0,0,0,0,0,0,0,1
3_504057337a2af6e796f3,0,0,0,0,0,0,0,0,0,0,1
3_00a05601f66923acb6db,0,0,0,0,0,0,0,0,0,0,1
3_d53ce4dc3b3eb401339f,0,0,0,0,0,0,0,0,0,0,1
3_48c7c94905dfcebdafad,0,0,0,0,0,0,0,0,0,0,1
3_26f08bd183cc947dbbe0,0,0,0,0,0,0,0,0,0,0,1
3_599bce12a9c47996e3bb,0,0,0,0,0,0,0,0,0,0,1
3_3ebdf378e836b28df93c,0,0,0,0,0,0,0,0,0,0,1
3_346993bb4d941a6e3f5e,0,0,0,0,0,0,0,0,0,0,1
3_1653d5a96f7317c97107,0,0,0,0,0,0,0,0,0,0,1
3_fe2e26ebf6ded667de6b,0,0,0,0,0,0,0,0,0,0,1
3_323ec114843e1bfa91bd,0,0,0,0,0,0,0,0,0,0,1
3_03afa9ce7983fa98a6e6,0,0,0,0,0,0,0,0,0,0,1
3_cbb7308dc74ebb31851d,0,0,0,0,0,0,0,0,0,0,1
3_370abf37edd286d758ee,0,0,0,0,0,0,0,0,0,0,1
3_c4df6eb9855271da2901,0,0,0,0,0,0,0,0,0,0,1
3_a8bb3977249e7b09104d,0,0,0,0,0,0,0,0,0,0,1
3_56683b31427acc27867c,0,0,0,0,0,0,0,0,0,0,1
3_be3d7716c9050529b9ae,0,0,0,0,0,0,0,0,0,0,1
3_466c18cc320ccf91566e,0,0,0,0,0,0,0,0,0,0,1
3_e072f43e89b88eb09fb2,0,0,0,0,0,0,0,0,0,0,1
3_f3e86637ed4e92dafff7,0,0,0,0,0,0,0,0,0,0,1
3_8b8fc16e0dd0aff039f2,0,0,0,0,0,0,0,0,0,0,1
3_e20558978d380542cac9,3,0,0,0,1,0,1,0,0,0,0
3_159aaf5116f1a1ce2c65,0,0,0,0,0,0,0,0,0,0,1
3_87006ed9cf05caadc7cb,0,0,0,0,0,0,0,0,0,0,1
3_93b4a42ef45c67c4f522,0,0,0,0,0,0,0,0,0,0,1
3_2b3427c4ecec8daf0a41,0,0,0,0,0,0,0,0,0,0,1
3_cfe5f371c4a5c2aeb567,0,0,0,0,0,0,0,0,0,0,1
3_abbbcbfbcf5e9ed1ac3a,0,0,0,0,0,0,0,0,0,0,1
3_fd2096a6e98d2c2b6995,0,0,0,0,0,0,0,0,0,0,1
3_54d4489a872fb20a17ca,0,0,0,0,0,0,0,0,0,0,1
3_51bc1ecb79fb095b69f5,0,0,0,0,0,0,0,0,0,0,1
3_4a9476da85dd40ba7fa9,0,0,0,0,0,0,0,0,0,0,1
3_40c5ccc25207036e8e77,0,0,0,0,0,0,0,0,0,0,1
3_b915a9d5ec45186d84f0,0,0,0,0,0,0,0,0,0,0,1
3_3839bdf71f7114be7114,0,0,0,0,0,0,0,0,0,0,1
3_18ffe18a07448dd44fe9,0,0,0,0,0,0,0,0,0,0,1
3_549ffcbb275dc41f962f,0,0,0,0,0,0,0,0,0,0,1
3_8ad0f220a4e4e27f93b7,0,0,0,0,0,0,0,0,0,0,1
3_424881707ebcdede7b0b,0,0,0,0,0,0,0,0,0,0,1
3_b0f8d8be65f4f8f0a7dd,0,0,0,0,0,0,0,0,0,0,1
3_93633193e2a5fcdf1c21,0,0,0,0,0,0,0,0,0,0,1
3_ed2b72107b64919b6a85,0,0,0,0,0,0,0,0,0,0,1
3_71809971da20e707d8b9,0,0,0,0,0,0,0,0,0,0,1
3_f31cd9a58a11c501b425,0,0,0,0,0,0,0,0,0,0,1
3_44902a4f0834a4d636b0,0,0,0,0,0,0,0,0,0,0,1
3_8e6f9271f84c113e4b01,0,0,0,0,0,0,0,0,0,0,1
3_f35b01f626909894bf11,0,0,0,0,0,0,0,0,0,0,1
3_1a86da3cbceacbc2b75e,0,0,0,0,0,0,0,0,0,0,1
3_a9665c7d95b15f5cedf8,0,0,0,0,0,0,0,0,0,0,1
3_4b65ba388b0bfbbe1a72,0,0,0,0,0,0,0,0,0,0,1
3_7f03b4de7d1e126948d3,0,0,0,0,0,0,0,0,0,0,1
3_836573d922ac2ac4a4c7,0,0,0,0,0,0,0,0,0,0,1
3_c53f07d3e222112eb8fd,0,0,0,0,0,0,0,0,0,0,1
3_798066bd04ef5327523e,0,0,0,0,0,0,0,0,0,0,1
3_c9c7709faab6bf66885a,0,0,0,0,0,0,0,0,0,0,1
3_f23420148b2a5e656478,0,0,0,0,0,0,0,0,0,0,1
3_c3998c5b0edd3aad2239,0,0,0,0,0,0,0,0,0,0,1
3_97b102da391a9b2d0fcb,0,0,0,0,0,0,0,0,0,0,1
3_c8fe109900d8d52777bc,0,0,0,0,0,0,0,0,0,0,1
3_1ea654611ad065a4c15d,0,0,0,0,0,0,0,0,0,0,1
3_869b474337387332f5c4,0,0,0,0,0,0,0,0,0,0,1
3_2c0b42948bc2a7f99832,0,0,0,0,0,0,0,0,0,0,1
3_3491eff23ea451e9f7dd,0,0,0,0,0,0,0,0,0,0,1
3_3abd253e347b59be7b1a,0,0,0,0,0,0,0,0,0,0,1
3_06a1a6bbdda72959ad89,0,0,0,0,0,0,0,0,0,0,1
3_caf407fa6958ed4cb00a,0,0,0,0,0,0,0,0,0,0,1
3_a0f01b6ee7c7236a85ac,0,0,0,0,0,0,0,0,0,0,1
3_e59a906b98a5774d9e01,0,0,0,0,0,0,0,0,0,0,1
3_c7a56a0bb26406b9cd2d,0,0,0,0,0,0,0,0,0,0,1
3_8dedb1ca7f3f4f167e0b,0,0,0,0,0,0,0,0,0,0,1
3_20da172694ac34ebc38d,0,0,0,0,0,0,0,0,0,0,1
3_91411dc59abec32a3cbc,0,0,0,0,0,0,0,0,0,0,1
3_baac300de858d77544c4,0,0,0,0,0,0,0,0,0,0,1
3_a0348aa99221d78a444b,0,0,0,0,0,0,0,0,0,0,1
3_d17d7ffb64091653b652,0,0,0,0,0,0,0,0,0,0,1
3_874cef9fc4b98968e98d,0,0,0,0,0,0,0,0,0,0,1
3_c1fb66540ce6149c5777,0,0,0,0,0,0,0,0,0,0,1
3_a7834e56af5006bcca63,0,0,0,0,0,0,0,0,0,0,1
3_a3202681eb2457a71fd4,0,0,0,0,0,0,0,0,0,0,1
3_77c13ce1d1e1d93435d3,0,0,0,0,0,0,0,0,0,0,1
3_001884a1a90920d30832,0,0,0,0,0,0,0,0,0,0,1
3_8e9c767f9b011adf3cab,0,0,0,0,0,0,0,0,0,0,1
3_d8ceb9c0a7fc29664e54,0,0,0,0,0,0,0,0,0,0,1
3_9c83d7b53866460a232b,0,0,0,0,0,0,0,0,0,0,1
3_f8e8f8999ce2c73950ab,0,0,0,0,0,0,0,0,0,0,1
3_c55da83e148350adb497,0,0,0,0,0,0,0,0,0,0,1
3_b821d36ec2ae00e621c7,0,0,0,0,0,0,0,0,0,0,1
3_b387cd87390935d4393f,0,0,0,0,0,0,0,0,0,0,1
3_e2ea475cb29a230edd1c,0,0,0,0,0,0,0,0,0,0,1
3_7874f6b110ad81357a76,0,0,0,0,0,0,0,0,0,0,1
3_3e90b4703db7d6694a63,0,0,0,0,0,0,0,0,0,0,1
3_34b2f397cdc1763aa060,0,0,0,0,0,0,0,0,0,0,1
3_fe3b3ed9520d819f95b5,0,0,0,0,0,0,0,0,0,0,1
3_da22df1fe8187489b5b7,0,0,0,0,0,0,0,0,0,0,1
3_985dfb473fc396e5f060,0,0,0,0,0,0,0,0,0,0,1
3_2691ac07527f6a59161e,0,0,0,0,0,0,0,0,0,0,1
3_02c0ed05484e50b2ccac,0,0,0,0,0,0,0,0,0,0,1
3_a2905257388bd57bef5f,0,0,0,0,0,0,0,0,0,0,1
3_a86875f7ee62343b5dd4,0,0,0,0,0,0,0,0,0,0,1
3_dbeaf2697bf3f873285b,0,0,0,0,0,0,0,0,0,0,1
3_a3c546a98692e893010f,0,0,0,0,0,0,0,0,0,0,1
3_d24053459615354f9ba2,0,0,0,0,0,0,0,0,0,0,1
3_659a0fcd05e32db159b4,0,0,0,0,0,0,0,0,0,0,1
3_894ca61a21254e261128,0,0,0,0,0,0,0,0,0,0,1
3_c9eafb9b803516cb3352,0,0,0,0,0,0,0,0,0,0,1
3_1f8ce0a7695ef000075a,0,0,0,0,0,0,0,0,0,0,1
3_0683c0a934f96f56a8dd,0,0,0,0,0,0,0,0,0,0,1
3_77b9219cf89703efde60,0,0,0,0,0,0,0,0,0,0,1
3_1eee4e94a1e382d674b1,0,0,0,0,0,0,0,0,0,0,1
3_c5e0bb6bbbcfcbf24dbb,0,0,0,0,0,0,0,0,0,0,1
3_c6fdee62a61f94f37dd6,0,0,0,0,0,0,0,0,0,0,1
3_d5f6f8189d14d5ccc873,0,0,0,0,0,0,0,0,0,0,1
3_0b051d9f773e030d0fa3,0,0,0,0,0,0,0,0,0,0,1
3_7ae5e90c7d4c286ce9ab,0,0,0,0,0,0,0,0,0,0,1
3_58b5687562028b065ecd,0,0,0,0,0,0,0,0,0,0,1
3_a9a0f28500f088ab300a,0,0,0,0,0,0,0,0,0,0,1
3_4052f91b679f3c01c33f,0,0,0,0,0,0,0,0,0,0,1
3_77687dbff1116e847373,0,0,0,0,0,0,0,0,0,0,1
3_4348f888898262da317e,0,0,0,0,0,0,0,0,0,0,1
3_5e3899665ffada431941,0,0,0,0,0,0,0,0,0,0,1
3_29cfaf1265ce1a4a3a25,0,0,0,0,0,0,0,0,0,0,1
3_e8f8636a531b52f5a815,0,0,0,0,0,0,0,0,0,0,1
3_bb3bbcaf08f0929a56d9,0,0,0,0,0,0,0,0,0,0,1
3_8226ce78d94bce302ba1,0,0,0,0,0,0,0,0,0,0,1
3_a5485f8324a45d77df68,3,0,0,0,0,1,1,1,0,0,0
3_c3cb653b1982a338e930,0,0,0,0,0,0,0,0,0,0,1
3_d772d06a6a354dce93d0,0,0,0,0,0,0,0,0,0,0,1
3_6348c2d476d111c0df6f,0,0,0,0,0,0,0,0,0,0,1
3_4775f2927176d8fc2cc9,0,0,0,0,0,0,0,0,0,0,1
3_a82c9c225f9afc0fd3ed,0,0,0,0,0,0,0,0,0,0,1
3_58018d979b0a0f2eee82,0,0,0,0,0,0,0,0,0,0,1
3_0bbf629c1ab7b7c09d73,0,0,0,0,0,0,0,0,0,0,1
3_8f8c5f9532daa3b0fbfe,0,0,0,0,0,0,0,0,0,0,1
3_fd58bf5c391faf54dbb5,0,0,0,0,0,0,0,0,0,0,1
3_244092dcf16eabcc563e,0,0,0,0,0,0,0,0,0,0,1
3_87686848c0a6d4727767,0,0,0,0,0,0,0,0,0,0,1
3_abefce7d50454e3c346e,0,0,0,0,0,0,0,0,0,0,1
3_016932018425046bbf37,0,0,0,0,0,0,0,0,0,0,1
3_9a236082a1dacfcee097,0,0,0,0,0,0,0,0,0,0,1
3_49db5493ec8d684757ea,0,0,0,0,0,0,0,0,0,0,1
3_9d29e7bb15f8444d9c14,0,0,0,0,0,0,0,0,0,0,1
3_4efa6e33dfdbb14d2279,0,0,0,0,0,0,0,0,0,0,1
3_58f2e574294eca74334b,0,0,0,0,0,0,0,0,0,0,1
3_b1069aa2d19fa3748d91,0,0,0,0,0,0,0,0,0,0,1
3_45c142f8b4d751d37cf7,0,0,0,0,0,0,0,0,0,0,1
3_ca1eee4135b208617a5f,0,0,0,0,0,0,0,0,0,0,1
3_73e7d20f7b106529699b,0,0,0,0,0,0,0,0,0,0,1
3_ecfc1705eec0d866e081,0,0,0,0,0,0,0,0,0,0,1
3_af64665b37e6e9833a16,0,0,0,0,0,0,0,0,0,0,1
3_45a1e6985359e2f1a2b3,0,0,0,0,0,0,0,0,0,0,1
3_e809de0613436e8731f5,0,0,0,0,0,0,0,0,0,0,1
3_e249ee897092ab2ec6a1,0,0,0,0,0,0,0,0,0,0,1
3_3807c07842e5aac293f2,0,0,0,0,0,0,0,0,0,0,1
3_c1a17f64ee6a3f15a137,0,0,0,0,0,0,0,0,0,0,1
3_47046072e8a7bebf8fc2,0,0,0,0,0,0,0,0,0,0,1
3_ea29e46caac0a5775772,0,0,0,0,0,0,0,0,0,0,1
3_e2446ec9cdfce59fb0fe,0,0,0,0,0,0,0,0,0,0,1
3_4b936bc7d304e37f6cc2,0,0,0,0,0,0,0,0,0,0,1
3_cd2a0ea35e9afec06c2b,0,0,0,0,0,0,0,0,0,0,1
3_7d8d44c6fc4f42df2dba,0,0,0,0,0,0,0,0,0,0,1
3_4e1c7793d7a48691061a,0,0,0,0,0,0,0,0,0,0,1
3_c58208d5406b37fdce8c,0,0,0,0,0,0,0,0,0,0,1
3_2dd5831ce24b64a70b7c,0,0,0,0,0,0,0,0,0,0,1
3_afee00ffb18f9b4fd865,0,0,0,0,0,0,0,0,0,0,1
3_85a5133a9a47f388d5f3,0,0,0,0,0,0,0,0,0,0,1
3_ff15e5ea543dd2f9bf15,0,0,0,0,0,0,0,0,0,0,1
3_757ac02513d18f6bc905,0,0,0,0,0,0,0,0,0,0,1
3_dc2f35fa8952ed7a86e6,3,0,0,0,0,1,1,1,0,0,0
3_df1c5879ca24a28ec8fe,0,0,0,0,0,0,0,0,0,0,1
3_3cb80abcf6868ee91e9a,0,0,0,0,0,0,0,0,0,0,1
3_40255c33a412805a0b88,0,0,0,0,0,0,0,0,0,0,1
3_7e687dff0ce97fc65b12,0,0,0,0,0,0,0,0,0,0,1
3_01f31957462d11ee7576,0,0,0,0,0,0,0,0,0,0,1
3_626a65fb1475512d4113,0,0,0,0,0,0,0,0,0,0,1
3_1275c320e2453a9cef7c,0,0,0,0,0,0,0,0,0,0,1
3_79589d84b47295e9c131,0,0,0,0,0,0,0,0,0,0,1
3_43785b0c4b900e703066,0,0,0,0,0,0,0,0,0,0,1
3_960eb8624b8c0524fed9,0,0,0,0,0,0,0,0,0,0,1
3_5fd21d8ed5bd538a363a,0,0,0,0,0,0,0,0,0,0,1
3_6fc795f01daa7e16d15e,0,0,0,0,0,0,0,0,0,0,1
3_0438d4f8b420117b4075,0,0,0,0,0,0,0,0,0,0,1
3_1d0d8fd2590187a97311,0,0,0,0,0,0,0,0,0,0,1
3_de588c9e1d96865d0407,0,0,0,0,0,0,0,0,0,0,1
3_e562678893af847fe428,0,0,0,0,0,0,0,0,0,0,1
3_dbd33ea55966beaaa18f,0,0,0,0,0,0,0,0,0,0,1
3_e5d514bc153db3d25cc4,0,0,0,0,0,0,0,0,0,0,1
3_e6f9bf429e832c28d06d,0,0,0,0,0,0,0,0,0,0,1
3_511cb55b0b110c51af50,0,0,0,0,0,0,0,0,0,0,1
3_4512b466d8217bc11264,0,0,0,0,0,0,0,0,0,0,1
3_98de0b73eef60f814eac,0,0,0,0,0,0,0,0,0,0,1
3_5ceb05090e58714521fe,0,0,0,0,0,0,0,0,0,0,1
3_232a3218ed7b158c4281,0,0,0,0,0,0,0,0,0,0,1
3_ef4aea11f31c2f52b7f0,0,0,0,0,0,0,0,0,0,0,1
3_1683175db92ecb757b32,0,0,0,0,0,0,0,0,0,0,1
3_38f5faa354a1d8b4a5a7,0,0,0,0,0,0,0,0,0,0,1
3_0e293245c968afb9b23e,0,0,0,0,0,0,0,0,0,0,1
3_cc55a67a90dc068586d4,0,0,0,0,0,0,0,0,0,0,1
3_9c426bc83a2642760864,0,0,0,0,0,0,0,0,0,0,1
3_c6345897c939662b9683,0,0,0,0,0,0,0,0,0,0,1
3_b0c6f96408a93b925419,0,0,0,0,0,0,0,0,0,0,1
3_6ff56c14ae9258daabae,0,0,0,0,0,0,0,0,0,0,1
3_dd81b3bf9d25e1fb4e89,0,0,0,0,0,0,0,0,0,0,1
3_34680e4b5c33e8a5d43e,0,0,0,0,0,0,0,0,0,0,1
3_7d3a670af9d99d9d0375,0,0,0,0,0,0,0,0,0,0,1
3_7517e8e2552184adddf0,0,0,0,0,0,0,0,0,0,0,1
3_198367bd56308b357155,0,0,0,0,0,0,0,0,0,0,1
3_64023d9ddeb64fec1550,0,0,0,0,0,0,0,0,0,0,1
3_017d264253d3d401ad69,0,0,0,0,0,0,0,0,0,0,1
3_d2a3ed6fbcff1a5f3676,0,0,0,0,0,0,0,0,0,0,1
3_23c2cd87078f22df72d7,0,0,0,0,0,0,0,0,0,0,1
3_9f983b5e03caf9670786,0,0,0,0,0,0,0,0,0,0,1
3_db624dce470c54644399,0,0,0,0,0,0,0,0,0,0,1
3_f3ae8aee925839ad8196,0,0,0,0,0,0,0,0,0,0,1
3_1921e66b15c9a2cd0e34,0,0,0,0,0,0,0,0,0,0,1
3_9e77ccac1581c83cf7e6,0,0,0,0,0,0,0,0,0,0,1
3_598a7262da6a26daf3de,0,0,0,0,0,0,0,0,0,0,1
3_d60957e4b88080b74a28,0,0,0,0,0,0,0,0,0,0,1
3_ad08251d7bc08e90fabb,0,0,0,0,0,0,0,0,0,0,1
3_c62c4c9e7e41939a4905,0,0,0,0,0,0,0,0,0,0,1
3_e71c89693149f5205a7b,0,0,0,0,0,0,0,0,0,0,1
3_2e8fc71b09c83c9fc794,0,0,0,0,0,0,0,0,0,0,1
3_2476ce9ed805ae6b7827,0,0,0,0,0,0,0,0,0,0,1
3_b9bd2fb3016d432ed7f5,0,0,0,0,0,0,0,0,0,0,1
3_1fae464a6d807d7717f7,0,0,0,0,0,0,0,0,0,0,1
3_0229f6f5db194195f1a8,0,0,0,0,0,0,0,0,0,0,1
3_d4787a5183cfe5301089,0,0,0,0,0,0,0,0,0,0,1
3_ec45ab722c5a941f60cc,0,0,0,0,0,0,0,0,0,0,1
3_b38b91e48284c8676320,0,0,0,0,0,0,0,0,0,0,1
3_8bb7218ecb3c4ef949ed,0,0,0,0,0,0,0,0,0,0,1
3_ff31de9201d2862b5db4,0,0,0,0,0,0,0,0,0,0,1
3_4603f7d74d1fdf489afe,0,0,0,0,0,0,0,0,0,0,1
3_9b63a30ee6c62731b5c3,0,0,0,0,0,0,0,0,0,0,1
3_6410676a31cd1cf3775c,0,0,0,0,0,0,0,0,0,0,1
3_5bae218e6b3fca70f2f3,0,0,0,0,0,0,0,0,0,0,1
3_d8714627a919afa3cd99,0,0,0,0,0,0,0,0,0,0,1
3_ba10276a3052e46b38fb,0,0,0,0,0,0,0,0,0,0,1
3_336e78fca0934c04b132,0,0,0,0,0,0,0,0,0,0,1
3_575574f043e04fe4a2ca,0,0,0,0,0,0,0,0,0,0,1
3_e3b7be52cf3791515028,0,0,0,0,0,0,0,0,0,0,1
3_976b388494ff5ab887a9,0,0,0,0,0,0,0,0,0,0,1
3_b8e001f1211e7a47a831,0,0,0,0,0,0,0,0,0,0,1
3_1035d14c8e07d0836152,0,0,0,0,0,0,0,0,0,0,1
3_f3141dd5cd0caec948d5,0,0,0,0,0,0,0,0,0,0,1
3_bcd01cd0abd1589fa8d0,0,0,0,0,0,0,0,0,0,0,1
3_eb0b50d4a14e5061ffe3,0,0,0,0,0,0,0,0,0,0,1
3_fccbc92257a05368ed16,0,0,0,0,0,0,0,0,0,0,1
3_88351daf8c24e6631a55,0,0,0,0,0,0,0,0,0,0,1
3_57749654062935bc1cc0,0,0,0,0,0,0,0,0,0,0,1
3_ff577c2256f4cb0b851f,0,0,0,0,0,0,0,0,0,0,1
3_a4e86b5af8d9702a5d3b,0,0,0,0,0,0,0,0,0,0,1
3_8541b22b78ae484a6ffe,0,0,0,0,0,0,0,0,0,0,1
3_ab9265b7626b1ce0b253,0,0,0,0,0,0,0,0,0,0,1
3_d555c5246cf6e6c844ca,0,0,0,0,0,0,0,0,0,0,1
3_7bf2ae50d9ca2b2bc659,0,0,0,0,0,0,0,0,0,0,1
3_0a932bb1f498c12b5859,0,0,0,0,0,0,0,0,0,0,1
3_f1a19a4e7a3e00fd97a0,0,0,0,0,0,0,0,0,0,0,1
3_7c1a8127b7ceddba6c0b,0,0,0,0,0,0,0,0,0,0,1
3_e4ef0ac1acae0630f6ec,0,0,0,0,0,0,0,0,0,0,1
3_f7dd0f0adbf5fc33ea77,0,0,0,0,0,0,0,0,0,0,1
3_07b3e42aaf9a59e5516f,0,0,0,0,0,0,0,0,0,0,1
3_a0bfb50187171f12ed58,0,0,0,0,0,0,0,0,0,0,1
3_747ced61a5336173c0bd,0,0,0,0,0,0,0,0,0,0,1
3_74c26ba479a789ac3ac4,0,0,0,0,0,0,0,0,0,0,1
3_06a0996b807df01e54ac,0,0,0,0,0,0,0,0,0,0,1
3_97664b770306678be712,0,0,0,0,0,0,0,0,0,0,1
3_8140803bfb6c53aa973d,0,0,0,0,0,0,0,0,0,0,1
3_37548520306a32142f3d,0,0,0,0,0,0,0,0,0,0,1
3_5dda5b62a024c48e2fd7,0,0,0,0,0,0,0,0,0,0,1
3_a1604101ed1b39e4df3f,0,0,0,0,0,0,0,0,0,0,1
3_4d25925f006b841fb4a7,0,0,0,0,0,0,0,0,0,0,1
3_1316c5c31f9f066dfb6d,0,0,0,0,0,0,0,0,0,0,1
3_cb14bde83a613e70e39c,0,0,0,0,0,0,0,0,0,0,1
3_2901d34546fc725c6950,0,0,0,0,0,0,0,0,0,0,1
3_f4d48221769643b06d15,0,0,0,0,0,0,0,0,0,0,1
3_77f9f674ae9eb965f11b,0,0,0,0,0,0,0,0,0,0,1
3_0f69f0d7cae989bf275b,0,0,0,0,0,0,0,0,0,0,1
3_71d527bbe8b7dc5cb2ae,0,0,0,0,0,0,0,0,0,0,1
3_5e388755b15e985a36db,0,0,0,0,0,0,0,0,0,0,1
3_efe3467a92f0ca314b8e,0,0,0,0,0,0,0,0,0,0,1
3_57ad2221abca7bdd5b97,0,0,0,0,0,0,0,0,0,0,1
3_681bbc76810dc4ff5846,0,0,0,0,0,0,0,0,0,0,1
3_52fdd9fe909985cbc9cd,0,0,0,0,0,0,0,0,0,0,1
3_09be97bce3df67b86802,0,0,0,0,0,0,0,0,0,0,1
3_4fb214d6ed729d8614ce,0,0,0,0,0,0,0,0,0,0,1
3_94015f59704831f957f4,0,0,0,0,0,0,0,0,0,0,1
3_775e86d1050b139f12e7,0,0,0,0,0,0,0,0,0,0,1
3_df296e5c5eb030c159c4,0,0,0,0,0,0,0,0,0,0,1
3_f9f71152e6c2a43020ae,0,0,0,0,0,0,0,0,0,0,1
3_176310dda1c14483d564,0,0,0,0,0,0,0,0,0,0,1
3_fecda2971a72e398020f,0,0,0,0,0,0,0,0,0,0,1
3_179410598be6ab885970,0,0,0,0,0,0,0,0,0,0,1
3_3c78cbb312fdf9b062c9,0,0,0,0,0,0,0,0,0,0,1
3_aba6aa887c548dd9d1a6,0,0,0,0,0,0,0,0,0,0,1
3_e09588735844c973cf2b,0,0,0,0,0,0,0,0,0,0,1
3_3c9bac9e82e96dcb53f6,0,0,0,0,0,0,0,0,0,0,1
3_86531d4b3594dc4e3734,0,0,0,0,0,0,0,0,0,0,1
3_273001a5d1d8e6b240fb,0,0,0,0,0,0,0,0,0,0,1
3_7049d2b19dc866710761,0,0,0,0,0,0,0,0,0,0,1
3_f50f35c9556034fbb593,0,0,0,0,0,0,0,0,0,0,1
3_1bdab208dca12e37899d,0,0,0,0,0,0,0,0,0,0,1
3_7e2d5e81c78cd3dc61b0,0,0,0,0,0,0,0,0,0,0,1
3_96bd75924f93705c8b97,0,0,0,0,0,0,0,0,0,0,1
3_de705a339521fa690db5,0,0,0,0,0,0,0,0,0,0,1
3_c0b09d52367304946ab7,0,0,0,0,0,0,0,0,0,0,1
3_cc6887c689bc8d401fbd,0,0,0,0,0,0,0,0,0,0,1
3_bc71c5313a83cd37ac74,0,0,0,0,0,0,0,0,0,0,1
3_9bd13905be4c41d2ae93,0,0,0,0,0,0,0,0,0,0,1
3_441fa744c7c14381a477,0,0,0,0,0,0,0,0,0,0,1
3_5404bbbd6bae992065ff,0,0,0,0,0,0,0,0,0,0,1
3_b9374b70cabb64cb3a60,0,0,0,0,0,0,0,0,0,0,1
3_0d8ce1a41bee766a6c86,0,0,0,0,0,0,0,0,0,0,1
3_1b6e58c8a7bc1af94519,0,0,0,0,0,0,0,0,0,0,1
3_79def61dfb4a818c7c1e,0,0,0,0,0,0,0,0,0,0,1
3_f8255fc26b05292e67ae,0,0,0,0,0,0,0,0,0,0,1
3_dc663ca601a7b0b26e02,0,0,0,0,0,0,0,0,0,0,1
3_5275b723e98c9bb88e76,0,0,0,0,0,0,0,0,0,0,1
3_ba353871a8153d14ed61,0,0,0,0,0,0,0,0,0,0,1
3_fff025fa1647284329da,0,0,0,0,0,0,0,0,0,0,1
3_adb2ed2a222b6e2082a0,0,0,0,0,0,0,0,0,0,0,1
3_66b7c4a5893fb9c01420,0,0,0,0,0,0,0,0,0,0,1
3_e2b255a6852ee01813a2,0,0,0,0,0,0,0,0,0,0,1
3_46da1a862cd7d7285e2b,0,0,0,0,0,0,0,0,0,0,1
3_3465b73794eea2b8738e,0,0,0,0,0,0,0,0,0,0,1
3_42c089b3ba3c4b9def46,0,0,0,0,0,0,0,0,0,0,1
3_8f68bb27519116aac02e,0,0,0,0,0,0,0,0,0,0,1
3_cb88fff0df185d5d25c8,0,0,0,0,0,0,0,0,0,0,1
3_1b7defdd1994c23ec582,0,0,0,0,0,0,0,0,0,0,1
3_640d9f0623cadf2806f6,0,0,0,0,0,0,0,0,0,0,1
3_7e787c9eb5ab95428ab3,0,0,0,0,0,0,0,0,0,0,1
3_8ceb406ed9ad19127be1,0,0,0,0,0,0,0,0,0,0,1
3_663f453df2ace556ccc6,0,0,0,0,0,0,0,0,0,0,1
3_bb2a3c9740bae3a78542,0,0,0,0,0,0,0,0,0,0,1
3_b2fac637f814dcf3c4c4,0,0,0,0,0,0,0,0,0,0,1
3_fb2a77ae7c34e63e6a9a,0,0,0,0,0,0,0,0,0,0,1
3_3440b40c640042f2e370,0,0,0,0,0,0,0,0,0,0,1
3_722e0217a3e5dab0c2ef,0,0,0,0,0,0,0,0,0,0,1
3_f090f35a017b6df88435,0,0,0,0,0,0,0,0,0,0,1
3_b4c89887c959c01491ff,0,0,0,0,0,0,0,0,0,0,1
3_c18b81622ff27df714f5,0,0,0,0,0,0,0,0,0,0,1
3_b024337aa5a951203414,0,0,0,0,0,0,0,0,0,0,1
3_ad385de7f20662b39e67,0,0,0,0,0,0,0,0,0,0,1
3_bcdce26dbfbc429030ef,0,0,0,0,0,0,0,0,0,0,1
3_514e10360ba126d02802,0,0,0,0,0,0,0,0,0,0,1
3_f9aebbd1f200c9d1d613,0,0,0,0,0,0,0,0,0,0,1
3_f0435719fd89c741b586,0,0,0,0,0,0,0,0,0,0,1
3_7ec040fedf7e4e3e95d1,0,0,0,0,0,0,0,0,0,0,1
3_f62c0ba0f38a25014afa,0,0,0,0,0,0,0,0,0,0,1
3_7e93a4366ca41787ea8c,0,0,0,0,0,0,0,0,0,0,1
3_1710bf9489e252776a2f,0,0,0,0,0,0,0,0,0,0,1
3_61f6c06bef233aae297f,0,0,0,0,0,0,0,0,0,0,1
3_3134aa3abf8b9181a5da,0,0,0,0,0,0,0,0,0,0,1
3_f7f1e801707cf6daf31b,0,0,0,0,0,0,0,0,0,0,1
3_1177d2f986812774fcfa,0,0,0,0,0,0,0,0,0,0,1
3_d7b9ec63f5e2358634f4,0,0,0,0,0,0,0,0,0,0,1
3_b8c9131cc35f9661358a,0,0,0,0,0,0,0,0,0,0,1
3_27a770bedec3d5a2b879,0,0,0,0,0,0,0,0,0,0,1
3_f0d2b3e824d4dd0e1398,0,0,0,0,0,0,0,0,0,0,1
3_204f2b3b3247adab93ed,0,0,0,0,0,0,0,0,0,0,1
3_7e7d8806849eb18a3167,0,0,0,0,0,0,0,0,0,0,1
3_76b592ae8b3402fa84fe,0,0,0,0,0,0,0,0,0,0,1
3_aff45c66eb56d9f48250,0,0,0,0,0,0,0,0,0,0,1
3_e80611299f0604f70def,0,0,0,0,0,0,0,0,0,0,1
3_044c9c3fd394075aaf3b,0,0,0,0,0,0,0,0,0,0,1
3_75d0512e6f7589313982,0,0,0,0,0,0,0,0,0,0,1
3_ad9bcead5f91628efb24,0,0,0,0,0,0,0,0,0,0,1
3_6928ecf270a9e117c590,0,0,0,0,0,0,0,0,0,0,1
3_0768197d8d9f2b7f83c7,0,0,0,0,0,0,0,0,0,0,1
3_2f90b8e50be3816431a5,0,0,0,0,0,0,0,0,0,0,1
3_a8da9100e67b6b6510fa,0,0,0,0,0,0,0,0,0,0,1
3_50c6852f5128bc175306,0,0,0,0,0,0,0,0,0,0,1
3_660f05f4c6c231abad48,0,0,0,0,0,0,0,0,0,0,1
3_a1fefe83d64166aa6f83,0,0,0,0,0,0,0,0,0,0,1
3_85a3788c338f1217d74b,0,0,0,0,0,0,0,0,0,0,1
3_78da2314760f9b39e7ed,0,0,0,0,0,0,0,0,0,0,1
3_721a7900aaa2df632f34,0,0,0,0,0,0,0,0,0,0,1
3_3e4b6c4a1ad568348e19,0,0,0,0,0,0,0,0,0,0,1
3_7393158bfb13417da469,0,0,0,0,0,0,0,0,0,0,1
3_613793f401813c79b097,0,0,0,0,0,0,0,0,0,0,1
3_4edcac8ca73eaf43730d,0,0,0,0,0,0,0,0,0,0,1
3_c782be03695e1ffed946,0,0,0,0,0,0,0,0,0,0,1
3_282c710ffa7501d7b9f0,0,0,0,0,0,0,0,0,0,0,1
3_32c68b95d36a665f4f9c,0,0,0,0,0,0,0,0,0,0,1
3_707adb61c79219732b02,0,0,0,0,0,0,0,0,0,0,1
3_7e65d3dcca3b6b83e018,0,0,0,0,0,0,0,0,0,0,1
3_eb8b21bbf5895a860434,0,0,0,0,0,0,0,0,0,0,1
3_f8cbff54e71565f6f63d,0,0,0,0,0,0,0,0,0,0,1
3_61f8a63ac258cebdcd12,0,0,0,0,0,0,0,0,0,0,1
3_b0ab32e19b754169cb2a,0,0,0,0,0,0,0,0,0,0,1
3_18aa5bbf44aa13114038,0,0,0,0,0,0,0,0,0,0,1
3_f929bc78fb54fb399667,0,0,0,0,0,0,0,0,0,0,1
3_536ef9c302e094ee1ae7,0,0,0,0,0,0,0,0,0,0,1
3_b1beaeb91800cf35cfdb,0,0,0,0,0,0,0,0,0,0,1
3_f49bc028080d465a4168,0,0,0,0,0,0,0,0,0,0,1
3_433a791522e89f6f6c57,0,0,0,0,0,0,0,0,0,0,1
3_03b51b4c4f6d885f30ec,0,0,0,0,0,0,0,0,0,0,1
3_56ab89cb09650bc741f2,0,0,0,0,0,0,0,0,0,0,1
3_c4c84728190993987dfa,0,0,0,0,0,0,0,0,0,0,1
3_ec4ed4855c2490bcd329,0,0,0,0,0,0,0,0,0,0,1
3_08cf2669802db3615e54,0,0,0,0,0,0,0,0,0,0,1
3_643c91fc834cdba3e861,0,0,0,0,0,0,0,0,0,0,1
3_4e780f9450cc48eae86d,0,0,0,0,0,0,0,0,0,0,1
3_2702ae360e83f4312452,0,0,0,0,0,0,0,0,0,0,1
3_c05af5082e6e5f4793fc,0,0,0,0,0,0,0,0,0,0,1
3_d857da231ca887acdc35,0,0,0,0,0,0,0,0,0,0,1
3_87daac1287fb824f2c0a,0,0,0,0,0,0,0,0,0,0,1
3_5d2589568b329379caad,0,0,0,0,0,0,0,0,0,0,1
3_61dba62a32fb556ff55a,0,0,0,0,0,0,0,0,0,0,1
3_2c91ff074d0bde685c05,0,0,0,0,0,0,0,0,0,0,1
3_8a2441f858bd9cceae7d,0,0,0,0,0,0,0,0,0,0,1
3_11d0985f32b78c9ac39f,0,0,0,0,0,0,0,0,0,0,1
3_b4ae3e1d09316c18c5ec,0,0,0,0,0,0,0,0,0,0,1
3_ec05d8c142d50e3d1239,0,0,0,0,0,0,0,0,0,0,1
3_cfc988cc82e3006e0597,0,0,0,0,0,0,0,0,0,0,1
3_3e347f15f50cf51e1565,0,0,0,0,0,0,0,0,0,0,1
3_9410afdb93a5890fd355,0,0,0,0,0,0,0,0,0,0,1
3_63a315e7553f324a876e,0,0,0,0,0,0,0,0,0,0,1
3_f94bfdf09e3429ed17e1,0,0,0,0,0,0,0,0,0,0,1
3_86928b78e736b0c635f0,0,0,0,0,0,0,0,0,0,0,1
3_4a7872458ec9cd9dab6b,0,0,0,0,0,0,0,0,0,0,1
3_75714ebc338077fc4bcd,0,0,0,0,0,0,0,0,0,0,1
3_c733facfad632ef75585,0,0,0,0,0,0,0,0,0,0,1
3_15a8a85bee0936e9d734,0,0,0,0,0,0,0,0,0,0,1
3_7be99ba996bd7221430d,0,0,0,0,0,0,0,0,0,0,1
3_1a1689e0f498aba221d5,0,0,0,0,0,0,0,0,0,0,1
3_28c845e76f8ecb067650,0,0,0,0,0,0,0,0,0,0,1
3_87fd3290ebd94ee663c3,0,0,0,0,0,0,0,0,0,0,1
3_e9a4332958a66bc5cbbc,0,0,0,0,0,0,0,0,0,0,1
3_c679957743ba7d35c379,0,0,0,0,0,0,0,0,0,0,1
3_300195744a042ad8f6c8,0,0,0,0,0,0,0,0,0,0,1
3_59d5ea1d4c28241733b9,0,0,0,0,0,0,0,0,0,0,1
3_e3af61798b203d63190e,0,0,0,0,0,0,0,0,0,0,1
3_925054c5a1425f06f589,0,0,0,0,0,0,0,0,0,0,1
3_a8caed0ada4e2428032b,0,0,0,0,0,0,0,0,0,0,1
3_87704550c6c51936e450,0,0,0,0,0,0,0,0,0,0,1
3_b9d128e465c54909a963,0,0,0,0,0,0,0,0,0,0,1
3_49681eff79fe7a497971,0,0,0,0,0,0,0,0,0,0,1
3_c367f3af7cb38d6cc76f,0,0,0,0,0,0,0,0,0,0,1
3_98f6f7204ff37118d6ce,0,0,0,0,0,0,0,0,0,0,1
3_34513ea3d6c9d89ac0fc,0,0,0,0,0,0,0,0,0,0,1
3_4fef7bdaa4aed0d95a62,0,0,0,0,0,0,0,0,0,0,1
3_b80a5edfef32719bff88,0,0,0,0,0,0,0,0,0,0,1
3_e243e58e40959d251688,0,0,0,0,0,0,0,0,0,0,1
3_a98c4684e3e8d227a49e,0,0,0,0,0,0,0,0,0,0,1
3_d4dcbc1daf7485897d4a,0,0,0,0,0,0,0,0,0,0,1
3_242a784587e438c5a669,0,0,0,0,0,0,0,0,0,0,1
3_31d597c1f3935ab65164,0,0,0,0,0,0,0,0,0,0,1
3_d5af8f7dd8359fa360bf,0,0,0,0,0,0,0,0,0,0,1
3_decd78d0960a27baa952,0,0,0,0,0,0,0,0,0,0,1
3_e4f9c14bf4f3960280c7,0,0,0,0,0,0,0,0,0,0,1
3_63dfb558ef3d9c9ec08e,0,0,0,0,0,0,0,0,0,0,1
3_2ad8228e79a0ba172320,0,0,0,0,0,0,0,0,0,0,1
3_71f8458d7f90c6ff534d,0,0,0,0,0,0,0,0,0,0,1
3_c4d0bc54be23af5358d0,0,0,0,0,0,0,0,0,0,0,1
3_08e9f8e29f760cbcd858,0,0,0,0,0,0,0,0,0,0,1
3_a6495916935ea3018098,0,0,0,0,0,0,0,0,0,0,1
3_ab5be466fb8c57f01e7c,2,1,0,0,0,0,0,0,0,0,0
3_ad3399a17e2619a172ba,0,0,0,0,0,0,0,0,0,0,1
3_4f7773f30a6a77432175,0,0,0,0,0,0,0,0,0,0,1
3_0b6712f3e095428cd2ee,0,0,0,0,0,0,0,0,0,0,1
3_a6963c5b079af43ac0f2,0,0,0,0,0,0,0,0,0,0,1
3_9b2d8eefe6ec30d87140,0,0,0,0,0,0,0,0,0,0,1
3_e7ed814c77c71d0bb23d,0,0,0,0,0,0,0,0,0,0,1
3_a5e8848e501331922a09,0,0,0,0,0,0,0,0,0,0,1
3_86d06987a4eea1fb9c6b,0,0,0,0,0,0,0,0,0,0,1
3_cecf265d7fd94d9bd270,0,0,0,0,0,0,0,0,0,0,1
3_69aba1aa108083d4256f,0,0,0,0,0,0,0,0,0,0,1
3_3c7010090f13201bf5ef,0,0,0,0,0,0,0,0,0,0,1
3_a3d20f89be39bd27dccb,0,0,0,0,0,0,0,0,0,0,1
3_4cd6d286c8af9a9bf3ae,0,0,0,0,0,0,0,0,0,0,1
3_4ff1e1549d2b1f1afca2,0,0,0,0,0,0,0,0,0,0,1
3_3593deca9daada2da633,0,0,0,0,0,0,0,0,0,0,1
3_43b949bfe16c15fd707b,0,0,0,0,0,0,0,0,0,0,1
3_a1c93f4d40098c02ec87,2,1,0,0,0,0,0,0,0,0,0
3_8dd169e3dad31683c360,0,0,0,0,0,0,0,0,0,0,1
3_6a7e7a9648b6e25fd15a,0,0,0,0,0,0,0,0,0,0,1
3_42c0af658ff08a58ae1e,0,0,0,0,0,0,0,0,0,0,1
3_dc7f910cfc2fbc7ae049,2,1,0,0,0,0,0,0,0,0,0
3_3db24bdc5d54fb2ba0aa,0,0,0,0,0,0,0,0,0,0,1
3_6e2e45948b49d5283b7f,0,0,0,0,0,0,0,0,0,0,1
3_6b88b02da00c39211a32,0,0,0,0,0,0,0,0,0,0,1
3_e11313ad307f4229b239,0,0,0,0,0,0,0,0,0,0,1
3_2666f64c5ebfbc817c05,2,1,0,0,0,0,0,0,0,0,0
3_9088ea67f4baedf7b270,0,0,0,0,0,0,0,0,0,0,1
3_0c20a059ba03a3f55470,0,0,0,0,0,0,0,0,0,0,1
3_9e1a73d9c54b72fb1fbf,0,0,0,0,0,0,0,0,0,0,1
3_0c500b8038749c98a438,0,0,0,0,0,0,0,0,0,0,1
3_c28266fcb91b0312c4d1,2,1,0,0,0,0,0,0,0,0,0
3_d9a454a8191e0f0e8602,0,0,0,0,0,0,0,0,0,0,1
3_227648d6ac469cdf061e,0,0,0,0,0,0,0,0,0,0,1
3_d73e63bd7727cc58866d,0,0,0,0,0,0,0,0,0,0,1
3_8e293cf1161ddd64b8bd,2,1,0,0,0,0,0,0,0,0,0
3_fefbc86e6c206d70aa18,0,0,0,0,0,0,0,0,0,0,1
3_59a9fb7f9ea9bd4795ee,0,0,0,0,0,0,0,0,0,0,1
3_b5326e943584af3f9363,0,0,0,0,0,0,0,0,0,0,1
3_849d51c053dac243970e,0,0,0,0,0,0,0,0,0,0,1
3_51e9699e7a8778d5d780,2,1,0,0,0,0,0,0,0,0,0
3_59efef7deae66c91f20f,0,0,0,0,0,0,0,0,0,0,1
3_7844baa40134dad6ae93,0,0,0,0,0,0,0,0,0,0,1
3_459bea6a1f56bb813c08,0,0,0,0,0,0,0,0,0,0,1
3_1de5d809809e5077fd33,0,0,0,0,0,0,0,0,0,0,1
3_761e5edd4051819efd22,0,0,0,0,0,0,0,0,0,0,1
3_33e2c7a427982df4e375,0,0,0,0,0,0,0,0,0,0,1
3_84d52ca2b449064b3fda,0,0,0,0,0,0,0,0,0,0,1
3_75eef3a0621a5967da5c,0,0,0,0,0,0,0,0,0,0,1
3_ee196b1fc18591d92954,0,0,0,0,0,0,0,0,0,0,1
3_69e41d1231bda1377891,0,0,0,0,0,0,0,0,0,0,1
3_72125829bbd840b02ec4,0,0,0,0,0,0,0,0,0,0,1
3_859e9d09add11b18f6bb,0,0,0,0,0,0,0,0,0,0,1
3_8e69bd3c102dca358623,0,0,0,0,0,0,0,0,0,0,1
3_286031cfd5c374b521ef,0,0,0,0,0,0,0,0,0,0,1
3_afd3242d145446fc0fd5,0,0,0,0,0,0,0,0,0,0,1
3_6966eb2c917ec9bee862,2,1,0,0,0,0,0,0,0,0,0
3_20b7c437dc25e74e81c2,0,0,0,0,0,0,0,0,0,0,1
3_09bfab0913a3faeca496,0,0,0,0,0,0,0,0,0,0,1
3_7c76175bc97b8ae89670,0,0,0,0,0,0,0,0,0,0,1
3_8507b6c868599b7573a6,0,0,0,0,0,0,0,0,0,0,1
3_e953fa8f5d14e6097efc,0,0,0,0,0,0,0,0,0,0,1
3_9c54a1231a1a3c2141e4,0,0,0,0,0,0,0,0,0,0,1
3_b8e645eec3ffe1a7634e,0,0,0,0,0,0,0,0,0,0,1
3_037518e339af9b282cd7,0,0,0,0,0,0,0,0,0,0,1
3_6c17ead4eaf9d76e9078,0,0,0,0,0,0,0,0,0,0,1
3_43864f87a35a38d58261,0,0,0,0,0,0,0,0,0,0,1
3_7ab78a714938304e4360,0,0,0,0,0,0,0,0,0,0,1
3_df79b72449c8f146b5fb,0,0,0,0,0,0,0,0,0,0,1
3_116f91a473222bed9157,0,0,0,0,0,0,0,0,0,0,1
3_2182fe8d7ae1883aabac,0,0,0,0,0,0,0,0,0,0,1
3_25ccc6a741c957744f59,0,0,0,0,0,0,0,0,0,0,1
3_8d5aca7c91f54777b01a,0,0,0,0,0,0,0,0,0,0,1
3_e4f3197e498241270f10,0,0,0,0,0,0,0,0,0,0,1
3_2dffce11feb54151c48c,2,1,0,0,0,0,0,0,0,0,0
3_c06b4ddbef93d7506259,0,0,0,0,0,0,0,0,0,0,1
3_1b6be32200ec10db2199,0,0,0,0,0,0,0,0,0,0,1
3_f3914623e8bfd73c9674,0,0,0,0,0,0,0,0,0,0,1
3_5945e9d02b179b4e6f18,0,0,0,0,0,0,0,0,0,0,1
3_a9eb83382bdffa45baa8,2,1,0,0,0,0,0,0,0,0,0
3_e19ed870c3237a7f7eef,0,0,0,0,0,0,0,0,0,0,1
3_6bfdcfcccf66f0b2a2ef,0,0,0,0,0,0,0,0,0,0,1
3_143fb21fa4b2e55371cc,0,0,0,0,0,0,0,0,0,0,1
3_4535b50ed4f973614c9b,0,0,0,0,0,0,0,0,0,0,1
3_35c7da649375a24cc4f5,0,0,0,0,0,0,0,0,0,0,1
3_70c7e348f5f1a6b41156,0,0,0,0,0,0,0,0,0,0,1
3_62ababfc2966cfa51963,0,0,0,0,0,0,0,0,0,0,1
3_b912b1a5dd8aa88213fb,2,1,0,0,0,0,0,0,0,0,0
3_e5077756ea45b5ec9a8e,0,0,0,0,0,0,0,0,0,0,1
3_9460fe400c96b64a8411,0,0,0,0,0,0,0,0,0,0,1
3_aad8416040ee84da1299,0,0,0,0,0,0,0,0,0,0,1
3_4a5e26de12fe3849aa8f,0,0,0,0,0,0,0,0,0,0,1
3_d67e3e4a8692234ddb1d,0,0,0,0,0,0,0,0,0,0,1
3_8bf869040c1e0dc8a2ff,0,0,0,0,0,0,0,0,0,0,1
3_997240b02d8f7e34d344,2,1,0,0,0,0,0,0,0,0,0
3_f1e94c215603f1baaa4a,0,0,0,0,0,0,0,0,0,0,1
3_adff384c03a756ec01cd,0,0,0,0,0,0,0,0,0,0,1
3_5636319b1a7b880c75aa,0,0,0,0,0,0,0,0,0,0,1
3_da4b79fddc5eee3e9acb,0,0,0,0,0,0,0,0,0,0,1
3_552a37c9bdf7bfbe05d7,0,0,0,0,0,0,0,0,0,0,1
3_ee9d3eba4fde68bd19ee,2,1,0,0,0,0,0,0,0,0,0
3_99320067c3172a873507,0,0,0,0,0,0,0,0,0,0,1
3_bc15f1ede4b54d580bc1,0,0,0,0,0,0,0,0,0,0,1
3_6af62f69ac2e0df0b9c2,0,0,0,0,0,0,0,0,0,0,1
3_5e1f852b27b29adbf49c,0,0,0,0,0,0,0,0,0,0,1
3_e55cd1a918fa01062668,0,0,0,0,0,0,0,0,0,0,1
3_5b138c6eb6a14cbd00e3,0,0,0,0,0,0,0,0,0,0,1
3_17b28d53aca4ff85faeb,0,0,0,0,0,0,0,0,0,0,1
3_8c030701d6fb2575a76a,0,0,0,0,0,0,0,0,0,0,1
3_bcb1ca339d858c480474,0,0,0,0,0,0,0,0,0,0,1
3_64c63f518bef1a2354ac,0,0,0,0,0,0,0,0,0,0,1
3_30740e65525908859756,0,0,0,0,0,0,0,0,0,0,1
3_3cfb75ee14690448447c,0,0,0,0,0,0,0,0,0,0,1
3_75f26f6414e8bcb2e998,0,0,0,0,0,0,0,0,0,0,1
3_f6c7b97de52df8d132d2,0,0,0,0,0,0,0,0,0,0,1
3_ee9f4bbc7f1cc64bb592,0,0,0,0,0,0,0,0,0,0,1
3_ea7fbf493366b1df6726,0,0,0,0,0,0,0,0,0,0,1
3_3dbb9899c28d732aa845,0,0,0,0,0,0,0,0,0,0,1
3_164bedf49a15b0c424ac,0,0,0,0,0,0,0,0,0,0,1
3_346dc0cb91a5f555b8da,0,0,0,0,0,0,0,0,0,0,1
3_18c2ceeeafc43b859382,0,0,0,0,0,0,0,0,0,0,1
3_f9b61a0e07376a1cf7ae,0,0,0,0,0,0,0,0,0,0,1
3_b534e6526f6fe108f71b,0,0,0,0,0,0,0,0,0,0,1
3_616c0c70d9575a29d4d1,0,0,0,0,0,0,0,0,0,0,1
3_ee53c1c3931acf2a9c14,0,0,0,0,0,0,0,0,0,0,1
3_15931c77e9928ffa0661,0,0,0,0,0,0,0,0,0,0,1
3_7aa29b7e7a0e50c9f5b7,0,0,0,0,0,0,0,0,0,0,1
3_386291d79a48e60a513d,0,0,0,0,0,0,0,0,0,0,1
3_831fc9a6e86cc890b1d9,0,0,0,0,0,0,0,0,0,0,1
3_55a24dc9786f02323b37,0,0,0,0,0,0,0,0,0,0,1
3_cf1f0e0b376a3f54743a,0,0,0,0,0,0,0,0,0,0,1
3_25b6f30aac6261880eee,0,0,0,0,0,0,0,0,0,0,1
3_cff8ff885cb4e80052d4,0,0,0,0,0,0,0,0,0,0,1
3_ebaf8f56cfb2610ce11d,0,0,0,0,0,0,0,0,0,0,1
3_eeb0174c19f1cc18adc8,0,0,0,0,0,0,0,0,0,0,1
3_56dac15bd828b9b78313,0,0,0,0,0,0,0,0,0,0,1
3_912845a2b9f2e003e55a,0,0,0,0,0,0,0,0,0,0,1
3_34633fc926114283d05e,0,0,0,0,0,0,0,0,0,0,1
3_d8d1d9477de04c1f3b2b,0,0,0,0,0,0,0,0,0,0,1
3_fadb8f1ab6e9fccd4099,0,0,0,0,0,0,0,0,0,0,1
3_34f3e689cc03465bbdba,0,0,0,0,0,0,0,0,0,0,1
3_e298aa9ab6b831fdaba4,0,0,0,0,0,0,0,0,0,0,1
3_e27bfcb8dead168141b1,0,0,0,0,0,0,0,0,0,0,1
3_54709e787810e62bd657,0,0,0,0,0,0,0,0,0,0,1
3_36427d4579fc48fdce7c,0,0,0,0,0,0,0,0,0,0,1
3_f6e6593f880bf084611d,0,0,0,0,0,0,0,0,0,0,1
3_3a5d0ceeb204541b6829,0,0,0,0,0,0,0,0,0,0,1
3_ffc757c65575140a0874,0,0,0,0,0,0,0,0,0,0,1
3_2e0d6e49a9f83823979a,3,1,0,0,0,0,0,0,0,0,0
3_50abbfc6e15be70e853b,0,0,0,0,0,0,0,0,0,0,1
3_957221817f69c2b2568e,0,0,0,0,0,0,0,0,0,0,1
3_d3414672cbcc7245e2cc,0,0,0,0,0,0,0,0,0,0,1
3_200d8121b28a6613b9f7,0,0,0,0,0,0,0,0,0,0,1
3_5e91ae3e8cf5ee5e69bc,0,0,0,0,0,0,0,0,0,0,1
3_574718fe88a4e7eb7a32,0,0,0,0,0,0,0,0,0,0,1
3_9bbd89eac837afc6a288,0,0,0,0,0,0,0,0,0,0,1
3_1c6c7a03b2eea8d4a17b,2,1,0,0,0,0,0,0,0,0,0
3_7e59a7c29fe043ea7f1c,2,1,0,0,0,0,0,0,0,0,0
3_d70f8bccf7256d6f2363,0,0,0,0,0,0,0,0,0,0,1
3_60919d2964ab6da6eb13,0,0,0,0,0,0,0,0,0,0,1
3_8a3ebc0f2abc45ced7fc,0,0,0,0,0,0,0,0,0,0,1
3_1987170418bd64911934,0,0,0,0,0,0,0,0,0,0,1
3_2d13746ff3289c964e05,0,0,0,0,0,0,0,0,0,0,1
3_105b8072c11baca05e9e,1,1,0,0,0,0,0,0,0,0,0
3_c674155e24fd932c7f3b,0,0,0,0,0,0,0,0,0,0,1
3_7cd094fe7592f2cfd755,0,0,0,0,0,0,0,0,0,0,1
3_a0e92117dd0baaf39cde,0,0,0,0,0,0,0,0,0,0,1
3_9d2f2ed92cc5d24afbfa,0,0,0,0,0,0,0,0,0,0,1
3_9c20615ed9668ef0b4b3,0,0,0,0,0,0,0,0,0,0,1
3_689056afb1a100698d48,0,0,0,0,0,0,0,0,0,0,1
3_b1bc8a83e59a58c17baa,0,0,0,0,0,0,0,0,0,0,1
3_dcb58bfd7efb2c1013ce,0,0,0,0,0,0,0,0,0,0,1
3_a6406f5be7f5f107cac3,0,0,0,0,0,0,0,0,0,0,1
3_57f19d59689961b4db7b,0,0,0,0,0,0,0,0,0,0,1
3_575ad4b444cd05cafd3d,0,0,0,0,0,0,0,0,0,0,1
3_7d7935b32495560f5484,0,0,0,0,0,0,0,0,0,0,1
3_0817b85aa1a34008202f,0,0,0,0,0,0,0,0,0,0,1
3_24ae338c5031fa92f003,0,0,0,0,0,0,0,0,0,0,1
3_78bae2a59f6725e64408,0,0,0,0,0,0,0,0,0,0,1
3_8afc2ca87b8bcd332c7c,0,0,0,0,0,0,0,0,0,0,1
3_e311af8e25499af326f9,0,0,0,0,0,0,0,0,0,0,1
3_35becb006c8efc47b38b,2,1,0,0,0,0,0,0,0,0,0
3_593447506b0bec305cce,0,0,0,0,0,0,0,0,0,0,1
3_d49c4590e83383e1a6e2,0,0,0,0,0,0,0,0,0,0,1
3_1941ef543c07190c5cab,0,0,0,0,0,0,0,0,0,0,1
3_30752b859a257e426d45,0,0,0,0,0,0,0,0,0,0,1
3_26e13bc58fe53c94b0cf,0,0,0,0,0,0,0,0,0,0,1
3_ae2538a13eb45c806495,2,1,0,0,0,0,0,0,0,0,0
3_3068e35ad159d8bb9a4e,0,0,0,0,0,0,0,0,0,0,1
3_f8aa81852c23709496c8,0,0,0,0,0,0,0,0,0,0,1
3_d57ea9dca3c2f0626241,0,0,0,0,0,0,0,0,0,0,1
3_e3692174097535d7e4a8,2,1,0,0,0,0,0,0,0,0,0
3_3ba2ace4adf83a1c308f,0,0,0,0,0,0,0,0,0,0,1
3_01a71709a480b57c99e3,0,0,0,0,0,0,0,0,0,0,1
3_52de27269abd66b001f9,0,0,0,0,0,0,0,0,0,0,1
3_888c30a87aeb649bcf51,0,0,0,0,0,0,0,0,0,0,1
3_e369df27a96aac212829,1,1,0,0,0,0,0,0,0,0,0
3_24eddb7582edaab1a873,0,0,0,0,0,0,0,0,0,0,1
3_1e8b15c1b7f8f9daa249,0,0,0,0,0,0,0,0,0,0,1
3_e3f250568f86f462a1e9,0,0,0,0,0,0,0,0,0,0,1
3_2bfe6d0079cf6fc70486,0,0,0,0,0,0,0,0,0,0,1
3_7befc1498a32b9cbd91f,0,0,0,0,0,0,0,0,0,0,1
3_b1a06affc1d831805791,0,0,0,0,0,0,0,0,0,0,1
3_f90660d0426f48726ff8,0,0,0,0,0,0,0,0,0,0,1
3_4babe385753d52c20b6a,0,0,0,0,0,0,0,0,0,0,1
3_3dfca89db099d0d364d9,0,0,0,0,0,0,0,0,0,0,1
3_84bdc63b600d5b109364,0,0,0,0,0,0,0,0,0,0,1
3_411ab049e4813fe51b76,2,1,0,0,0,0,0,0,0,0,0
3_34c4b084022415323e27,0,0,0,0,0,0,0,0,0,0,1
3_8408b30542a40ea8def6,0,0,0,0,0,0,0,0,0,0,1
3_581ce4d463fbbffa2e53,0,0,0,0,0,0,0,0,0,0,1
3_5c538ef6a6ac14633fb4,0,0,0,0,0,0,0,0,0,0,1
3_af51e1a48863f2d1ba70,0,0,0,0,0,0,0,0,0,0,1
3_666e798ad0f008e87d14,0,0,0,0,0,0,0,0,0,0,1
3_2d58f8e89113e1f9b818,2,1,0,0,0,0,0,0,0,0,0
3_21c074852132228ea0c5,0,0,0,0,0,0,0,0,0,0,1
3_33f028cf893b140a67a3,0,0,0,0,0,0,0,0,0,0,1
3_e4fcd1ee0bd7d14bde68,0,0,0,0,0,0,0,0,0,0,1
3_2edf610d77162c3a8cc3,0,0,0,0,0,0,0,0,0,0,1
3_11da9fd54f4e87a6264a,0,0,0,0,0,0,0,0,0,0,1
3_454d59e190c339f2cfe2,0,0,0,0,0,0,0,0,0,0,1
3_f7b00b015de280291815,1,1,0,0,0,0,0,0,0,0,0
3_4ea6391c945ec1a03632,2,1,0,0,0,0,0,0,0,0,0
3_2f3ea0b30af82b8fd89a,0,0,0,0,0,0,0,0,0,0,1
3_d8ed126f10b6018b27ca,0,0,0,0,0,0,0,0,0,0,1
3_65a76db46b4e7653f7ed,0,0,0,0,0,0,0,0,0,0,1
3_ffe7e0f915ca62d302ec,2,1,0,0,0,0,0,0,0,0,0
3_001400980ffb244ffcf1,0,0,0,0,0,0,0,0,0,0,1
3_9d5ed79fea458a6c2887,0,0,0,0,0,0,0,0,0,0,1
3_52b28f3ed3dbe51bb064,0,0,0,0,0,0,0,0,0,0,1
3_8b4d274348eb4febf47c,0,0,0,0,0,0,0,0,0,0,1
3_e02b6eb625715a0fa0f4,0,0,0,0,0,0,0,0,0,0,1
3_3dd5adfbed1baa7ed85f,0,0,0,0,0,0,0,0,0,0,1
3_c88654867574b3dc36c0,0,0,0,0,0,0,0,0,0,0,1
3_0a536c529ab2798204a8,0,0,0,0,0,0,0,0,0,0,1
3_eb5c6507dd0a16f32794,0,0,0,0,0,0,0,0,0,0,1
3_b3c0bc446ce1f95d33a1,0,0,0,0,0,0,0,0,0,0,1
3_ba2d38d2ec45f3d4156c,0,0,0,0,0,0,0,0,0,0,1
3_08a32f5dd7b030c49b3e,0,0,0,0,0,0,0,0,0,0,1
3_be77da7a6faac70e4672,0,0,0,0,0,0,0,0,0,0,1
3_305508394e560a4f089c,0,0,0,0,0,0,0,0,0,0,1
3_343d5f0a7846cd061fac,0,0,0,0,0,0,0,0,0,0,1
3_6a3a034bdb9ae6ea43ad,2,1,0,0,0,0,0,0,0,0,0
3_bb80d68fefaeb16a4183,0,0,0,0,0,0,0,0,0,0,1
3_85775fd7e72581b69f0e,2,1,0,0,0,0,0,0,0,0,0
3_664b06d225d134ef8a4e,0,0,0,0,0,0,0,0,0,0,1
3_5eee4250a9d5a024820d,0,0,0,0,0,0,0,0,0,0,1
3_3d85e4c4173315939cbd,0,0,0,0,0,0,0,0,0,0,1
3_015654d5b25d6d727144,3,1,0,0,0,0,0,0,0,0,0
3_a3ea33de95f35b8d32d5,0,0,0,0,0,0,0,0,0,0,1
3_667ab236815a7ca00216,0,0,0,0,0,0,0,0,0,0,1
3_62c871e60028f2912020,0,0,0,0,0,0,0,0,0,0,1
3_6ccb488c0140251065f7,0,0,0,0,0,0,0,0,0,0,1
3_b98bcd42fe90f6b93ea9,0,0,0,0,0,0,0,0,0,0,1
3_646093ed8e66b662efbc,0,0,0,0,0,0,0,0,0,0,1
3_c424b4175d03daedfd71,0,0,0,0,0,0,0,0,0,0,1
3_5e74fd4734db75fcfcf8,0,0,0,0,0,0,0,0,0,0,1
3_53c5ffc95a1247c1bc07,2,1,0,0,0,0,0,0,0,0,0
3_b9969635377104322c45,0,0,0,0,0,0,0,0,0,0,1
3_d0687a7bc807ff7e03e3,0,0,0,0,0,0,0,0,0,0,1
3_6294b6a72e70660b66fd,0,0,0,0,0,0,0,0,0,0,1
3_f214f50e73761ee01df4,0,0,0,0,0,0,0,0,0,0,1
3_495594c41f37434e28d0,2,1,0,0,0,0,0,0,0,0,0
3_7d001bf5e93f00bead00,0,0,0,0,0,0,0,0,0,0,1
3_0192dcfffe2286d91b3d,0,0,0,0,0,0,0,0,0,0,1
3_cf6384229639309de066,0,0,0,0,0,0,0,0,0,0,1
3_07e59e9457908561ee70,0,0,0,0,0,0,0,0,0,0,1
3_9c4a2e5f631d79ad7e82,0,0,0,0,0,0,0,0,0,0,1
3_baeb4749fd5ed86c549c,0,0,0,0,0,0,0,0,0,0,1
3_5b31f68679a7449bdd0e,2,1,0,0,0,0,0,0,0,0,0
3_eba2968a3e1232c09b54,0,0,0,0,0,0,0,0,0,0,1
3_38cfc93576fcfd5f0f8c,1,1,0,0,0,0,0,0,0,0,0
3_358ce1953501ad20ec4c,0,0,0,0,0,0,0,0,0,0,1
3_fc2f5d92a069202f9fa1,0,0,0,0,0,0,0,0,0,0,1
3_77bc6af84c1df6ac4252,0,0,0,0,0,0,0,0,0,0,1
3_58dce39a950e51b6ad42,0,0,0,0,0,0,0,0,0,0,1
3_5dbc320fb21c97377901,0,0,0,0,0,0,0,0,0,0,1
3_202a1e0a40d7029ee507,0,0,0,0,0,0,0,0,0,0,1
3_37a88215e609c07a1c6d,0,0,0,0,0,0,0,0,0,0,1
3_a982b4784f1d07a198cf,0,0,0,0,0,0,0,0,0,0,1
3_cb10973bb6f1655b307a,0,0,0,0,0,0,0,0,0,0,1
3_8a8dab88fff770ca3e86,0,0,0,0,0,0,0,0,0,0,1
3_3b6d4b63f0ae3f6fc98c,0,0,0,0,0,0,0,0,0,0,1
3_86d77f2404bbb98e5e9c,2,1,0,0,0,0,0,0,0,0,0
3_94e29bac5c87dc89d96a,0,0,0,0,0,0,0,0,0,0,1
3_fa0a3cd8e09d0dad2802,2,1,0,0,0,0,0,0,0,0,0
3_1f8a3526c44a7d3f53c7,0,0,0,0,0,0,0,0,0,0,1
3_36c6c5b83c006602504f,2,1,0,0,0,0,0,0,0,0,0
3_7567a67b45a36aa263bb,0,0,0,0,0,0,0,0,0,0,1
3_c7fd712fc4296269282c,2,1,0,0,0,0,0,0,0,0,0
3_905d47cb6029968df831,0,0,0,0,0,0,0,0,0,0,1
3_b7e6efe9304b83a8f3b7,0,0,0,0,0,0,0,0,0,0,1
3_fc3164a7be547575274f,0,0,0,0,0,0,0,0,0,0,1
3_f28c741c9f887d53bb1a,0,0,0,0,0,0,0,0,0,0,1
3_18d7718f51288ccf417e,0,0,0,0,0,0,0,0,0,0,1
3_a7a1ec3c5e807c244ce8,2,1,0,0,0,0,0,0,0,0,0
3_4290acb15e4a0f3bd5cd,0,0,0,0,0,0,0,0,0,0,1
3_7751dcd82b4bd36109aa,1,1,0,0,0,0,0,0,0,0,0
3_b5d6e760599c7ec3585c,2,1,0,0,0,0,0,0,0,0,0
3_d34e336ab4f8c70f20c1,1,1,0,0,0,0,0,0,0,0,0
3_d48ad1c8fa153ec9169d,0,0,0,0,0,0,0,0,0,0,1
3_7b958592d6c58d534598,0,0,0,0,0,0,0,0,0,0,1
3_9d2d2612ed0dda79aa8d,0,0,0,0,0,0,0,0,0,0,1
3_208700ea1273f20f0fe7,0,0,0,0,0,0,0,0,0,0,1
3_72788d94a74497ed15bd,0,0,0,0,0,0,0,0,0,0,1
3_0882ab9c2f9c127ca1b7,0,0,0,0,0,0,0,0,0,0,1
3_f8ea16ae7512136dc34e,0,0,0,0,0,0,0,0,0,0,1
3_524c8d58e155743966c5,0,0,0,0,0,0,0,0,0,0,1
3_2572fd26072ac28e6852,0,0,0,0,0,0,0,0,0,0,1
3_8eb2383b3085111fa16b,0,0,0,0,0,0,0,0,0,0,1
3_851c3625edf65cb58c26,0,0,0,0,0,0,0,0,0,0,1
3_c56d444ead5fb147dd82,0,0,0,0,0,0,0,0,0,0,1
3_be8a7a7d11abd553c4b6,0,0,0,0,0,0,0,0,0,0,1
3_26f28a65452da1f35098,0,0,0,0,0,0,0,0,0,0,1
3_6c2cf6810281a4617c4a,0,0,0,0,0,0,0,0,0,0,1
3_0eaa7d3237b46b658d31,0,0,0,0,0,0,0,0,0,0,1
3_d2aa717cd7da2cedcd67,0,0,0,0,0,0,0,0,0,0,1
3_fd5763e2a497b8360985,0,0,0,0,0,0,0,0,0,0,1
3_844f86454d3f71625084,0,0,0,0,0,0,0,0,0,0,1
3_16bfc15403db3a0e75b7,0,0,0,0,0,0,0,0,0,0,1
3_13174014562048f40e79,2,1,0,0,0,0,0,0,0,0,0
3_6e56c637f63057704b5e,0,0,0,0,0,0,0,0,0,0,1
3_b323a232e2fce37ce93b,0,0,0,0,0,0,0,0,0,0,1
3_2011ca882a39f75cd65b,0,0,0,0,0,0,0,0,0,0,1
3_50c2151a2dbe06413e84,2,1,0,0,0,0,0,0,0,0,0
3_5ed5bc52b38a18343dea,0,0,0,0,0,0,0,0,0,0,1
3_d9cd1af7e6309d344d27,2,1,0,0,0,0,0,0,0,0,0
3_ca915c367422883608d3,0,0,0,0,0,0,0,0,0,0,1
3_36d6a07f77533ace5d1d,0,0,0,0,0,0,0,0,0,0,1
3_500db70c05ed3e9180ba,0,0,0,0,0,0,0,0,0,0,1
3_89d3e5d309c2f2e77eaa,0,0,0,0,0,0,0,0,0,0,1
3_786ae7b828f5248a9f4b,2,1,0,0,0,0,0,0,0,0,0
3_14dcc97b60db29fd0874,0,0,0,0,0,0,0,0,0,0,1
3_7c1d2f37518b043b44b7,0,0,0,0,0,0,0,0,0,0,1
3_350fad464791fb276c5f,0,0,0,0,0,0,0,0,0,0,1
3_8f0b1f2a21d3ab70f648,0,0,0,0,0,0,0,0,0,0,1
3_28f8cb087becbd587696,0,0,0,0,0,0,0,0,0,0,1
3_fe638f57879134c9289a,0,0,0,0,0,0,0,0,0,0,1
3_b41b8168bebf4e4871f5,0,0,0,0,0,0,0,0,0,0,1
3_1ff911c4285e279adcd0,0,0,0,0,0,0,0,0,0,0,1
3_0347fdab522e177feaa8,0,0,0,0,0,0,0,0,0,0,1
3_b1acfdcc7aeb7d810f24,0,0,0,0,0,0,0,0,0,0,1
3_6a5dbb206ce85b9d99d7,0,0,0,0,0,0,0,0,0,0,1
3_cd7739f561bdaddfabb1,0,0,0,0,0,0,0,0,0,0,1
3_bb106e072312509ec393,2,1,0,0,0,0,0,0,0,0,0
3_b88fbb14aebd044e90d7,0,0,0,0,0,0,0,0,0,0,1
3_91ab181aaabace851262,0,0,0,0,0,0,0,0,0,0,1
3_4505008b7d15b8c2c169,0,0,0,0,0,0,0,0,0,0,1
3_9b881bb4ba2cb0e4d530,2,1,0,0,0,0,0,0,0,0,0
3_16522f77d54d244863fb,0,0,0,0,0,0,0,0,0,0,1
3_2bf65d81e59b589df091,0,0,0,0,0,0,0,0,0,0,1
3_cf9b37e559d34b47c8bc,2,1,0,0,0,0,0,0,0,0,0
3_dc74e524e39af8a1f44d,0,0,0,0,0,0,0,0,0,0,1
3_bdda1e33521e2d341b3b,2,1,0,0,0,0,0,0,0,0,0
3_eb1ef070d75b55d12af1,0,0,0,0,0,0,0,0,0,0,1
3_0d3ddccca3f1a619ed1a,0,0,0,0,0,0,0,0,0,0,1
3_0a3ad50336fa7acbfa9c,0,0,0,0,0,0,0,0,0,0,1
3_30ee78cd63d77dd9bb8b,0,0,0,0,0,0,0,0,0,0,1
3_e788c2c763b8310b8894,0,0,0,0,0,0,0,0,0,0,1
3_32d5649e1aba6e9ae415,0,0,0,0,0,0,0,0,0,0,1
3_60637b61bdc3d997bf37,0,0,0,0,0,0,0,0,0,0,1
3_423758443793f6c3503e,2,1,0,0,0,0,0,0,0,0,0
3_e24bdfc7dc70ca5e34f6,0,0,0,0,0,0,0,0,0,0,1
3_6632418988d0e75dbc58,0,0,0,0,0,0,0,0,0,0,1
3_3c6ef2a207808d6a3306,0,0,0,0,0,0,0,0,0,0,1
3_41679b5df275dd149b77,0,0,0,0,0,0,0,0,0,0,1
3_640dde26bad235a611d2,0,0,0,0,0,0,0,0,0,0,1
3_54850a3806bf5e8b2cc9,0,0,0,0,0,0,0,0,0,0,1
3_0ffb8354a10eff7a51a6,0,0,0,0,0,0,0,0,0,0,1
3_bf20204469dd04601acc,0,0,0,0,0,0,0,0,0,0,1
3_2a7a44ac0a74df8e6963,0,0,0,0,0,0,0,0,0,0,1
3_4153e498f4e51c37c1aa,0,0,0,0,0,0,0,0,0,0,1
3_ecc1b35f2df9c97a9ee6,0,0,0,0,0,0,0,0,0,0,1
3_1650eeaa72e49f2d7a50,0,0,0,0,0,0,0,0,0,0,1
3_4f1f0a6e50650e138f9c,0,0,0,0,0,0,0,0,0,0,1
3_0a06f5fcbcea0956122d,0,0,0,0,0,0,0,0,0,0,1
3_e1b7531062c2754df289,0,0,0,0,0,0,0,0,0,0,1
3_13677d4f1c538816bace,0,0,0,0,0,0,0,0,0,0,1
3_0a1f3b72555e1e64d9a5,0,0,0,0,0,0,0,0,0,0,1
3_4fe087a3146a1802577a,0,0,0,0,0,0,0,0,0,0,1
3_679764a57574a14a3a8f,0,0,0,0,0,0,0,0,0,0,1
3_26023c8444cea13d54d5,0,0,0,0,0,0,0,0,0,0,1
3_b411f87ba403bf13f439,0,0,0,0,0,0,0,0,0,0,1
3_39f1cea8f103a311d443,0,0,0,0,0,0,0,0,0,0,1
3_0123551129f96aea9066,0,0,0,0,0,0,0,0,0,0,1
3_d1a75a79641816ced690,0,0,0,0,0,0,0,0,0,0,1
3_ec55fef921861a0853ee,0,0,0,0,0,0,0,0,0,0,1
3_c092471dd4636eafc277,0,0,0,0,0,0,0,0,0,0,1
3_f1b3b3939e435419bc18,0,0,0,0,0,0,0,0,0,0,1
3_71b24674945fb6833d17,0,0,0,0,0,0,0,0,0,0,1
3_3a7e67821fc9cc561096,0,0,0,0,0,0,0,0,0,0,1
3_91ce6a0fd2ad7195e435,0,0,0,0,0,0,0,0,0,0,1
3_469d02b443fc4e53ae73,0,0,0,0,0,0,0,0,0,0,1
3_4e72e4f5a0062a3ebfc8,0,0,0,0,0,0,0,0,0,0,1
3_2b4a76c45fcc22a267b9,3,1,0,0,0,0,0,0,0,0,0
3_16759b3d1aa428781d32,0,0,0,0,0,0,0,0,0,0,1
3_7da320146100ee808e15,0,0,0,0,0,0,0,0,0,0,1
3_3947a128240b1c45f3c0,0,0,0,0,0,0,0,0,0,0,1
3_07d49a5ec1248d6f1c80,0,0,0,0,0,0,0,0,0,0,1
3_4867ede0c5701a8d2677,0,0,0,0,0,0,0,0,0,0,1
3_0101a4f10fce7be6de8b,0,0,0,0,0,0,0,0,0,0,1
3_6404523534e55a75f209,1,1,0,0,0,0,0,0,0,0,0
3_cb8bd87c38439c37cb36,0,0,0,0,0,0,0,0,0,0,1
3_4731badf2326643aa13d,0,0,0,0,0,0,0,0,0,0,1
3_208a42cb9ef6703de2ef,0,0,0,0,0,0,0,0,0,0,1
3_2ad863295d344acc0937,0,0,0,0,0,0,0,0,0,0,1
3_c212a83c503e7281c00e,0,0,0,0,0,0,0,0,0,0,1
3_78f569841ec041722484,0,0,0,0,0,0,0,0,0,0,1
3_e6f4172baebe90ab8f48,0,0,0,0,0,0,0,0,0,0,1
3_db2fd0698abb00c37ed9,0,0,0,0,0,0,0,0,0,0,1
3_5ee7d9854f8342c02593,0,0,0,0,0,0,0,0,0,0,1
3_cca56bd5f3525a7587bf,0,0,0,0,0,0,0,0,0,0,1
3_a0e5f48c6a2a8b90d916,0,0,0,0,0,0,0,0,0,0,1
3_349424f9e399759d61ca,0,0,0,0,0,0,0,0,0,0,1
3_d0c90c5d988836c5f072,0,0,0,0,0,0,0,0,0,0,1
3_bed993a1a5cdd0aaab79,0,0,0,0,0,0,0,0,0,0,1
3_ca7b1f5d366f847043f5,0,0,0,0,0,0,0,0,0,0,1
3_4c1c8039b9db56425b64,0,0,0,0,0,0,0,0,0,0,1
3_cd708cb2f763408e529e,0,0,0,0,0,0,0,0,0,0,1
3_70c4f17fd66bff63830c,0,0,0,0,0,0,0,0,0,0,1
3_4c22ea9b4d8893e23975,0,0,0,0,0,0,0,0,0,0,1
3_a67e2d7a26075870428d,0,0,0,0,0,0,0,0,0,0,1
3_0c39b73c8d0a8f9878cf,0,0,0,0,0,0,0,0,0,0,1
3_a663ca1dd210e9bcfe2f,0,0,0,0,0,0,0,0,0,0,1
3_0617eeef4c96b3abae06,0,0,0,0,0,0,0,0,0,0,1
3_0a5bf9bb55ed33a1eac2,0,0,0,0,0,0,0,0,0,0,1
3_ec51e5640bf85bc47873,0,0,0,0,0,0,0,0,0,0,1
3_0f3fcf140fa7859b932e,0,0,0,0,0,0,0,0,0,0,1
3_23f295a63f2232f6bba0,0,0,0,0,0,0,0,0,0,0,1
3_2df5f33ab599b098b474,0,0,0,0,0,0,0,0,0,0,1
3_96417270ac717f684d66,0,0,0,0,0,0,0,0,0,0,1
3_eff7b14fdb64522dc2dd,0,0,0,0,0,0,0,0,0,0,1
3_cd7b91b3485bf8096c2b,0,0,0,0,0,0,0,0,0,0,1
3_33c9972cf705f96620b6,0,0,0,0,0,0,0,0,0,0,1
3_7dde7e2a661766a89bef,0,0,0,0,0,0,0,0,0,0,1
3_a8d5c91256dfbf2cbaac,0,0,0,0,0,0,0,0,0,0,1
3_90137685d5c658610034,0,0,0,0,0,0,0,0,0,0,1
3_20902d133530fbd1686c,0,0,0,0,0,0,0,0,0,0,1
3_e538922865c1b07d1a05,0,0,0,0,0,0,0,0,0,0,1
3_bd133d01715e8c44d520,2,1,0,0,0,0,0,0,0,0,0
3_4c61f87c540ff2ae89f2,0,0,0,0,0,0,0,0,0,0,1
3_30e2b3a5cc072ed85ea0,0,0,0,0,0,0,0,0,0,0,1
3_36cfb357502a929a0241,2,1,0,0,0,0,0,0,0,0,0
3_90a4b0067b4fda6cd493,2,1,0,0,0,0,0,0,0,0,0
3_dd214ae9254e3a9fadca,0,0,0,0,0,0,0,0,0,0,1
3_c8b3e50f9521d700e07e,2,1,0,0,0,0,0,0,0,0,0
3_0a5dcb4b766c7b5f1e4c,0,0,0,0,0,0,0,0,0,0,1
3_2e66fdb3b306f2507183,0,0,0,0,0,0,0,0,0,0,1
3_67c71278983a7df50faa,0,0,0,0,0,0,0,0,0,0,1
3_b2cc76ba90b171b38a33,0,0,0,0,0,0,0,0,0,0,1
3_4b3ebcbb3f52121b2ce5,0,0,0,0,0,0,0,0,0,0,1
3_ffa179271261c4841ee4,0,0,0,0,0,0,0,0,0,0,1
3_6c625fdada9ac2acb132,0,0,0,0,0,0,0,0,0,0,1
3_f0ed28a5c3e85575016b,0,0,0,0,0,0,0,0,0,0,1
3_d011fd62c5967510321b,0,0,0,0,0,0,0,0,0,0,1
3_d8ca514be06806bfac2d,2,1,0,0,0,0,0,0,0,0,0
3_968409ca44e0ba5f88a3,0,0,0,0,0,0,0,0,0,0,1
3_7c84704850f5b7d50d61,0,0,0,0,0,0,0,0,0,0,1
3_e340f9676291799723ee,0,0,0,0,0,0,0,0,0,0,1
3_8ea845b263a2e6186588,0,0,0,0,0,0,0,0,0,0,1
3_b2f7c5457a07191b7efb,0,0,0,0,0,0,0,0,0,0,1
3_b5fe4ee786171cbb6dc1,0,0,0,0,0,0,0,0,0,0,1
3_ad89c5496bf6151fb166,0,0,0,0,0,0,0,0,0,0,1
3_085e55aff77fa8bd8f5c,0,0,0,0,0,0,0,0,0,0,1
3_e4d3dbc46084f1159729,0,0,0,0,0,0,0,0,0,0,1
3_52c46f8732151ecf8ff2,0,0,0,0,0,0,0,0,0,0,1
3_5571055d216e4a01d73f,0,0,0,0,0,0,0,0,0,0,1
3_107ad6072b0412802f81,0,0,0,0,0,0,0,0,0,0,1
3_59739ef94ef06b5ae9e3,0,0,0,0,0,0,0,0,0,0,1
3_35ba918ea31bf8b46337,0,0,0,0,0,0,0,0,0,0,1
3_4bc83526986727b5f2d8,0,0,0,0,0,0,0,0,0,0,1
3_55e3a658a3700d0885da,0,0,0,0,0,0,0,0,0,0,1
3_03b511a888677c664a8d,0,0,0,0,0,0,0,0,0,0,1
3_8710b85d9a5f65026ac0,3,1,0,0,0,0,0,0,0,0,0
3_de41f33aad523197034e,0,0,0,0,0,0,0,0,0,0,1
3_7c410bfdfff046f8b748,0,0,0,0,0,0,0,0,0,0,1
3_a97cad7c3a4915c0d5d8,0,0,0,0,0,0,0,0,0,0,1
3_f7e8611e3792c60c0c1c,0,0,0,0,0,0,0,0,0,0,1
3_95698a6b30ff40f4ae91,0,0,0,0,0,0,0,0,0,0,1
3_d629b661a69b7cb57d1c,0,0,0,0,0,0,0,0,0,0,1
3_0ea609bb5877bbdd8783,2,1,0,0,0,0,0,0,0,0,0
3_f8effe9e2fc0732cf2a6,0,0,0,0,0,0,0,0,0,0,1
3_f55afe6ceaf67ca92e7d,0,0,0,0,0,0,0,0,0,0,1
3_b2f2f445dce93fd4fb63,0,0,0,0,0,0,0,0,0,0,1
3_5fb16ca68018372a26a7,0,0,0,0,0,0,0,0,0,0,1
3_90d90a400f02ba174cc7,3,1,0,0,0,0,0,0,0,0,0
3_a7ddc536534bf1aef503,0,0,0,0,0,0,0,0,0,0,1
3_9123145091bce64b4078,0,0,0,0,0,0,0,0,0,0,1
3_788269a82517e6706e8c,0,0,0,0,0,0,0,0,0,0,1
3_b852deb26e6041ddfaa7,2,1,0,0,0,0,0,0,0,0,0
3_2d2490c5428d569ce2d0,0,0,0,0,0,0,0,0,0,0,1
3_4e81f335adf10691aa68,2,1,0,0,0,0,0,0,0,0,0
3_56fff4f83add4192c84e,0,0,0,0,0,0,0,0,0,0,1
3_de4b7481f0db2cf82a90,0,0,0,0,0,0,0,0,0,0,1
3_71454d3b7162bb5bbc58,0,0,0,0,0,0,0,0,0,0,1
3_4d396835a189711504d9,0,0,0,0,0,0,0,0,0,0,1
3_62bf56d4421201e44b84,0,0,0,0,0,0,0,0,0,0,1
3_836bcd53fb11cfb98af8,0,0,0,0,0,0,0,0,0,0,1
3_c627457df265bfe3d041,0,0,0,0,0,0,0,0,0,0,1
3_dfa6cc6b5c019afaf971,0,0,0,0,0,0,0,0,0,0,1
3_da919312e034f91c8f49,0,0,0,0,0,0,0,0,0,0,1
3_9a7b3dbaf07a805fe4db,2,1,0,0,0,0,0,0,0,0,0
3_cc18c31d8eab0b89780d,0,0,0,0,0,0,0,0,0,0,1
3_154959e1eba00b5880d2,2,1,0,0,0,0,0,0,0,0,0
3_1e61d1e17ce036bdc10d,0,0,0,0,0,0,0,0,0,0,1
3_14988c13bc0eea4e55f7,0,0,0,0,0,0,0,0,0,0,1
3_de2712743563fabbf68a,0,0,0,0,0,0,0,0,0,0,1
3_54af6bae04e9b77c41df,0,0,0,0,0,0,0,0,0,0,1
3_336a1741dcf7e3b3a31a,0,0,0,0,0,0,0,0,0,0,1
3_b4bd9022dcf0eaadea80,2,1,0,0,0,0,0,0,0,0,0
3_bf1213c02692970d4515,0,0,0,0,0,0,0,0,0,0,1
3_2f5875bec7614ff480d3,0,0,0,0,0,0,0,0,0,0,1
3_fe53392ed1b4e892888c,0,0,0,0,0,0,0,0,0,0,1
3_63d4b4b66e21650b2f79,0,0,0,0,0,0,0,0,0,0,1
3_cb8c10a43cc15b6f181a,0,0,0,0,0,0,0,0,0,0,1
3_f367e2260920d39ec92f,0,0,0,0,0,0,0,0,0,0,1
3_a49769d3a194e0c2ee5a,0,0,0,0,0,0,0,0,0,0,1
3_5727c0736d994241e854,0,0,0,0,0,0,0,0,0,0,1
3_66f91bad2d0968959336,0,0,0,0,0,0,0,0,0,0,1
3_2a0d7971b8781b99d93b,0,0,0,0,0,0,0,0,0,0,1
3_6b6c2ceb701e355862fe,0,0,0,0,0,0,0,0,0,0,1
3_f7cf15d3585564e438a8,0,0,0,0,0,0,0,0,0,0,1
3_219b19787d378f3d17d7,2,1,0,0,0,0,0,0,0,0,0
3_0eff17f9e989662b16d3,0,0,0,0,0,0,0,0,0,0,1
3_193e69e4cc23d028e208,0,0,0,0,0,0,0,0,0,0,1
3_a6aba51a7b0b5b65d0aa,0,0,0,0,0,0,0,0,0,0,1
3_17416db6040e2f296994,0,0,0,0,0,0,0,0,0,0,1
3_ce46a3b48988cf472fb3,2,1,0,0,0,0,0,0,0,0,0
3_330df2674f0f87cec604,0,0,0,0,0,0,0,0,0,0,1
3_14e1e301bc34133a2567,0,0,0,0,0,0,0,0,0,0,1
3_1032dc71121a8e20ce37,0,0,0,0,0,0,0,0,0,0,1
3_5468b4b72b553810fd6e,0,0,0,0,0,0,0,0,0,0,1
3_2fb68a84e19d25641bb7,0,0,0,0,0,0,0,0,0,0,1
3_52e8531557b89fa5607b,3,1,0,0,0,0,0,0,0,0,0
3_682cb151b6e274db493f,0,0,0,0,0,0,0,0,0,0,1
3_231dbf6f5dc7c2c01d15,0,0,0,0,0,0,0,0,0,0,1
3_e6434a4049f164ad7e84,0,0,0,0,0,0,0,0,0,0,1
3_363d94bfb5758041f19b,0,0,0,0,0,0,0,0,0,0,1
3_a473354d38574ba44fba,0,0,0,0,0,0,0,0,0,0,1
3_e97b97b72c7e95f89acb,0,0,0,0,0,0,0,0,0,0,1
3_a31c080f6fddc3a9d162,0,0,0,0,0,0,0,0,0,0,1
3_6cd88cdae7da646148c8,0,0,0,0,0,0,0,0,0,0,1
3_83093427b3ccdeed05d1,0,0,0,0,0,0,0,0,0,0,1
3_743c0020347b56e1e1a2,0,0,0,0,0,0,0,0,0,0,1
3_08e099d81900f4b2a8ef,0,0,0,0,0,0,0,0,0,0,1
3_6a49364b049308a2e0ed,0,0,0,0,0,0,0,0,0,0,1
3_eb64e4c8ccd7f0325b7d,2,1,0,0,0,0,0,0,0,0,0
3_4ae59b6d382ed837e4ab,0,0,0,0,0,0,0,0,0,0,1
3_05900240dd4eb2c27d5f,0,0,0,0,0,0,0,0,0,0,1
3_592d523f75bd72914b0d,0,0,0,0,0,0,0,0,0,0,1
3_da9c7ed9574b2a1f4dfc,0,0,0,0,0,0,0,0,0,0,1
3_ca3eb49db1991adedbc0,0,0,0,0,0,0,0,0,0,0,1
3_60bf2b172cdc1b795a28,0,0,0,0,0,0,0,0,0,0,1
3_291800cdd512cca21c06,0,0,0,0,0,0,0,0,0,0,1
3_60e32fcac7629b05af79,0,0,0,0,0,0,0,0,0,0,1
3_e8b5b5ec71a07b6e6b3c,0,0,0,0,0,0,0,0,0,0,1
3_1ee7f22c3bee4f0c3917,0,0,0,0,0,0,0,0,0,0,1
3_ad807bc5c38baff41a50,0,0,0,0,0,0,0,0,0,0,1
3_d96411933e9af05224d9,0,0,0,0,0,0,0,0,0,0,1
3_3f35fad14c018391f6f9,0,0,0,0,0,0,0,0,0,0,1
3_8ebadbfee5bb997398d0,0,0,0,0,0,0,0,0,0,0,1
3_527d9c70129eb711fa31,0,0,0,0,0,0,0,0,0,0,1
3_162e662787618a98a235,0,0,0,0,0,0,0,0,0,0,1
3_4651ddf48ebefda9d1e4,0,0,0,0,0,0,0,0,0,0,1
3_2f1bad718891ed09298c,0,0,0,0,0,0,0,0,0,0,1
3_39874708d0a7b3f3f729,0,0,0,0,0,0,0,0,0,0,1
3_7725ab14ef5b71fd1029,0,0,0,0,0,0,0,0,0,0,1
3_3a5fb93ac2f19f6a07dd,0,0,0,0,0,0,0,0,0,0,1
3_b900fc4d468efdf46ecd,0,0,0,0,0,0,0,0,0,0,1
3_510d8187e5b08816fd39,0,0,0,0,0,0,0,0,0,0,1
3_8875ddfef5088401689d,0,0,0,0,0,0,0,0,0,0,1
3_9f2e5ddf0beb948b9397,0,0,0,0,0,0,0,0,0,0,1
3_695b64318ec76a8298db,0,0,0,0,0,0,0,0,0,0,1
