D,curvature,scale_mode,hidden,loss_space,seed,x_oracle_error,x_swd,best_condition,best_swd,best_relative_swd_vs_x,best_swd_delta_ci_low,best_swd_delta_ci_high,mean_cos_xv_oracle_residual,mean_gamma_star_xv_oracle,mean_gap_xv_normal_fraction
512,0.5,unit_rms,128,direct,20260807,0.0037190500393334603,0.04735564633784958,xeps_gm0p03,0.04452912052106042,-0.05968719752284379,-0.009570156630246537,0.003995653445913671,-0.05073791177452862,-0.012074345262890042,0.9958916366812393
512,0.5,unit_rms,256,direct,20260807,0.003384769369882701,0.060683491552201985,xeps_gm0p1,0.05564838326284438,-0.08297327923239606,-0.014839844714848728,0.015854844710491797,-0.05382613566793293,-0.012649921401925373,0.9951880470391485
512,0.5,unit_rms,512,direct,20260807,0.00358545049574861,0.04224366982743805,xv_rms_etam0p03,0.03887659975872613,-0.07970590818615264,-0.003499337967198785,0.0015699179941380933,-0.06250206148394138,-0.016965734857632506,0.9931693133467787
512,0.5,unit_rms,128,direct,20260808,0.0038251039874946714,0.04272051435147062,xv_rms_etam0p03,0.037239484480544004,-0.12829971628695835,-0.007311374042351356,6.54222140594948e-05,-0.05397619523822108,-0.013076680745235195,0.9956100582404754
512,0.5,unit_rms,256,direct,20260808,0.0034906313344437835,0.04292756290877171,xv_rms_etam0p03,0.03885925436096281,-0.09477147716153234,-0.004515809787253991,0.0027310584991996163,-0.0531274677883062,-0.012561879919778085,0.9954791771762063
512,0.5,unit_rms,512,direct,20260808,0.0031935116839173715,0.03453894709027731,xeps_gm0p03,0.030917035139458544,-0.10486457335690835,-0.006755892689028521,0.005873383630074829,-0.06226365568784552,-0.01568932982383011,0.9931525749209026
512,0.5,unit_rms,128,direct,20260809,0.003554660804404186,0.04192819593752576,xv_normcomp_g0p1,0.04129894241251536,-0.015007884573617347,-0.0018005658723131107,0.0010088296505784357,-0.051068238027193055,-0.01195944308360251,0.9961068198905826
512,0.5,unit_rms,256,direct,20260809,0.0034181724926558134,0.06186254922045188,xeps_gm0p1,0.05753672409671397,-0.069926396151612,-0.021798426446694996,0.009146141186984492,-0.044279520094011836,-0.009985040256977334,0.9965908707859503
512,0.5,unit_rms,512,direct,20260809,0.0035390042961797263,0.053918098528631435,xv_rms_etam0p03,0.05197572961638383,-0.03602443270910549,-0.0063131284463819,0.000835016367380716,-0.06794339505319377,-0.017198430189982412,0.9931002982311045
