family,gamma,response,actual_rms_mean,actual_rms_std,actual_rms_q05,actual_rms_median,actual_rms_q95,actual_rms_min,actual_rms_max,linear_rms_mean,linear_rms_std,linear_rms_q05,linear_rms_median,linear_rms_q95,linear_rms_min,linear_rms_max,residual_rms_mean,residual_rms_std,residual_rms_q05,residual_rms_median,residual_rms_q95,residual_rms_min,residual_rms_max,relative_residual_mean,relative_residual_std,relative_residual_q05,relative_residual_median,relative_residual_q95,relative_residual_min,relative_residual_max,cosine_mean,cosine_std,cosine_q05,cosine_median,cosine_q95,cosine_min,cosine_max,magnitude_ratio_mean,magnitude_ratio_std,magnitude_ratio_q05,magnitude_ratio_median,magnitude_ratio_q95,magnitude_ratio_min,magnitude_ratio_max
x800,-0.009999999776482582,frozen,0.002231725135970919,0.0013923844781161979,0.0012021914531942456,0.0019168282742612064,0.00400005008559674,0.0010009417310357094,0.012852737680077553,0.002205190764470899,0.0012114337220624522,0.0012027758406475187,0.001921625342220068,0.004016442643478511,0.0010015435982495546,0.009071446023881435,0.00010884456866477876,0.0004772695936408198,1.0112382551596967e-05,3.187296351825353e-05,0.0002267544805363285,4.180687028565444e-06,0.005217165220528841,0.02650320551583718,0.042138374263554844,0.006444739433936775,0.016524200327694416,0.08255806937813745,0.0036342062521725893,0.40591859817504883,0.9990839990787208,0.005037023627018033,0.9975231200456619,0.9998690783977509,0.999979704618454,0.94459068775177,0.9999937415122986,1.0036095101386309,0.03977516449449482,0.9875268578529358,1.0009804964065552,1.0088338375091552,0.9326922297477722,1.4168344736099243
x800,-0.009999999776482582,closed,0.0022222069319468574,0.001367107281192353,0.0011997900786809624,0.0019131532171741128,0.003982813842594623,0.0009998665191233158,0.012546185404062271,0.002205190764470899,0.0012114337220624522,0.0012027758406475187,0.001921625342220068,0.004016442643478511,0.0010015435982495546,0.009071446023881435,0.00011038251060213611,0.0004526319708145061,1.1972150696237805e-05,3.546884181560017e-05,0.00023793786967871708,6.5604012888798025e-06,0.004920165985822678,0.028214288591698278,0.041269008814530536,0.00845441366545856,0.01759103685617447,0.0870808891952036,0.0054190559312701225,0.39216428995132446,0.999069535639137,0.004858122448141743,0.997455695271492,0.999851793050766,0.9999677479267121,0.9466918110847473,0.9999859929084778,1.0006782561540604,0.03759041920188827,0.9822937786579132,0.9995158910751343,1.0084611177444458,0.9232929348945618,1.3830413818359375
x800,0.009999999776482582,frozen,0.0021996826653776225,0.001182844338267198,0.0012031107733491808,0.00191853370051831,0.004058346722740677,0.00100127758923918,0.008543956093490124,0.002205190764470899,0.0012114337220624522,0.0012027758406475187,0.001921625342220068,0.004016442643478511,0.0010015435982495546,0.009071446023881435,8.388239182366419e-05,0.00022275874108756334,1.08096583517181e-05,3.120686233160086e-05,0.00027743365062633525,4.595409791363636e-06,0.001897061592899263,0.02511962771677645,0.030980552822369847,0.007110899779945612,0.01610615709796548,0.07128640264272686,0.0038987151347100735,0.2377159148454666,0.999373285099864,0.0020661499672510854,0.9975593715906144,0.9998781979084015,0.9999762624502182,0.9833658337593079,0.9999930262565613,0.9989934787154198,0.016148365913686177,0.9899086326360702,0.9990637898445129,1.0120218634605407,0.8797244429588318,1.0644017457962036
x800,0.009999999776482582,closed,0.002208076550232363,0.001196672676749919,0.001205516856862232,0.0019261091947555542,0.004073251411318776,0.0010023999493569136,0.008647006936371326,0.002205190764470899,0.0012114337220624522,0.0012027758406475187,0.001921625342220068,0.004016442643478511,0.0010015435982495546,0.009071446023881435,8.862856032365585e-05,0.00022421343493413435,1.3024034115005635e-05,3.4650547604542226e-05,0.00028709573089145106,7.014358288870426e-06,0.001865478465333581,0.026979724960256135,0.030909463445109354,0.009085408318787814,0.017537027597427368,0.07296425960958,0.005425968207418919,0.23074384033679962,0.9993250644765794,0.0021342750299384212,0.997478598356247,0.9998572468757629,0.999959546327591,0.982913613319397,0.999985933303833,1.0019049472175539,0.01676790060695977,0.9917998373508453,1.000689148902893,1.0175817430019378,0.8912172913551331,1.0822176933288574
x800,0.019999999552965164,frozen,0.004390953248730511,0.002321169021538305,0.0024078510003164412,0.0038252646336331964,0.00830154032446443,0.0020030701998621225,0.01626880094408989,0.004410381528941798,0.0024228674441249044,0.0024055516812950374,0.003843250684440136,0.008032885286957022,0.0020030871964991093,0.01814289204776287,0.00028769779339654633,0.0007448404799227761,3.369855730852578e-05,9.779263928066939e-05,0.0010472030495293433,1.7227222997462377e-05,0.005943663883954287,0.042591388348228065,0.05480011482251824,0.012308968510478736,0.025588282383978367,0.13629681542515718,0.007378309965133667,0.3958131670951843,0.9981195204891264,0.00623928787250881,0.9915297240018844,0.9996995627880096,0.9999312132596969,0.9531053304672241,0.9999753832817078,0.9983967579901218,0.028152987198409613,0.9741850316524505,0.9977753460407257,1.0211588740348816,0.8276705145835876,1.150156855583191
x800,0.019999999552965164,closed,0.004424067559739342,0.0023705648392209878,0.0024176182341761887,0.0038536578649654984,0.008367137215100219,0.002007623203098774,0.016568396240472794,0.004410381528941798,0.0024228674441249044,0.0024055516812950374,0.003843250684440136,0.008032885286957022,0.0020030871964991093,0.01814289204776287,0.00031015736530548565,0.0007571264789562954,3.9573288631800096e-05,0.00011700380127876997,0.001163177663693203,2.71235840045847e-05,0.0058957855217158794,0.04680740529875038,0.054987223344866706,0.015620271442458034,0.03001230675727129,0.1425187908112998,0.010843330062925816,0.3827895522117615,0.9979013595730066,0.00661055024260646,0.9907837986946106,0.9995755553245544,0.9998806565999985,0.951244056224823,0.9999433755874634,1.0043012741953135,0.030350517203387738,0.978472375869751,1.0011356472969055,1.0347048878669738,0.8489362597465515,1.1980299949645996
x800,0.05000000074505806,frozen,0.011022708458767738,0.005795349943825386,0.006029580836184323,0.009487317875027657,0.021198585815727696,0.0050099194049835205,0.03736471012234688,0.011025954208889743,0.006057168851699789,0.006013879552483559,0.009608127176761627,0.020082214009016747,0.0050077177584171295,0.04535723105072975,0.00168764336649474,0.004025002621859329,0.00014353340156958438,0.0005619661533273757,0.005833212891593568,8.68595961946994e-05,0.025967679917812347,0.09834136019344442,0.12895651808558756,0.02332551423460245,0.05783592350780964,0.39993924796581193,0.01733100228011608,0.7009268999099731,0.9892978053539991,0.03440934489054668,0.9451368749141693,0.9984665215015411,0.9997434496879578,0.7468048334121704,0.9998692274093628,1.0037335958331823,0.1014530689481209,0.9309185653924942,0.9939216077327728,1.0655855000019072,0.6832935810089111,1.8347609043121338
x800,0.05000000074505806,closed,0.011253503798798192,0.006140481539853805,0.006092644343152642,0.009569196961820126,0.02208569087088107,0.005039301700890064,0.040264010429382324,0.011025954208889743,0.006057168851699789,0.006013879552483559,0.009608127176761627,0.020082214009016747,0.0050077177584171295,0.04535723105072975,0.001896790168757434,0.0043301290865918485,0.0001998592335439753,0.0006558045279234648,0.006404785043559968,0.00014250869571696967,0.029748955741524696,0.11049686158366967,0.13036047138023432,0.0315919142216444,0.06722920015454292,0.41164217144250814,0.027067046612501144,0.7388473153114319,0.9873990756459534,0.03911147516728234,0.9372608810663223,0.9977916479110718,0.9995093524456025,0.7018033266067505,0.9996441006660461,1.0203621326945722,0.11549928954283677,0.944217324256897,1.002223551273346,1.1004869222640992,0.695610761642456,1.9771283864974976
x800,0.10000000149011612,frozen,0.021773973501694854,0.011197270917732224,0.012050587544217705,0.018859071657061577,0.04214531350880861,0.010031365789473057,0.08254671841859818,0.022051908417779487,0.012114337703399577,0.012027759104967117,0.019216254353523254,0.04016442801803349,0.010015435516834259,0.0907144621014595,0.005301924754121501,0.01083177389656775,0.000510384637163952,0.002118850010447204,0.01765006133355197,0.00030398290255106986,0.07919881492853165,0.16967384585586842,0.18509790798051284,0.040538254752755166,0.10535028949379921,0.5486917629837977,0.030303241685032845,1.3085204362869263,0.9767800602130592,0.056181460412412024,0.9046939671039581,0.994926780462265,0.9992399871349334,0.5663289427757263,0.9995414614677429,0.9973823963664472,0.11594146661053897,0.860131511092186,0.9875584542751312,1.1527329325675963,0.4978472590446472,1.6349084377288818
x800,0.10000000149011612,closed,0.022585245547816157,0.012023258147125035,0.01224698959849775,0.01944697927683592,0.04447062741965055,0.010157889686524868,0.08605728298425674,0.022051908417779487,0.012114337703399577,0.012027759104967117,0.019216254353523254,0.04016442801803349,0.010015435516834259,0.0907144621014595,0.006102935057242576,0.011345012650340103,0.0007709369325311855,0.0025519761256873608,0.02128054937347769,0.0005062678828835487,0.08200502395629883,0.1942407528113108,0.18154734819046098,0.06004553344100714,0.1302594467997551,0.576886904239654,0.04950367286801338,1.2564677000045776,0.97144361352548,0.05991662447589359,0.8634804934263229,0.9919962584972382,0.9982062548398971,0.5569148659706116,0.9987760186195374,1.0291154053993523,0.13034075154930133,0.8931216686964035,1.0033442974090576,1.2719605505466458,0.5199841260910034,1.7044380903244019
x800,0.20000000298023224,frozen,0.041807770234299824,0.017707259299136982,0.02388657843694091,0.03754272684454918,0.07481985986232757,0.02011493779718876,0.12036605924367905,0.04410381683555897,0.024228675406799155,0.024055518209934235,0.03843250870704651,0.08032885603606699,0.020030871033668518,0.181428924202919,0.015088026886587613,0.022872786802098644,0.002041673625353724,0.008147574961185455,0.046732775494456286,0.0009972205152735114,0.15021912753582,0.28185484040295705,0.2528703907462833,0.0783204272389412,0.20714516192674637,0.710194391012191,0.04915136098861694,1.852334976196289,0.9511415301822126,0.08023802147721001,0.8026830017566681,0.9822000861167908,0.9971819132566452,0.5607877373695374,0.9988099336624146,0.9798159312922508,0.16280831454527678,0.7722067058086395,0.9744352102279663,1.1774906635284423,0.43043252825737,1.9069974422454834
x800,0.20000000298023224,closed,0.045348448751610704,0.02129678817249446,0.02469910942018032,0.03897426463663578,0.0875748001039028,0.020500419661402702,0.1341010332107544,0.04410381683555897,0.024228675406799155,0.024055518209934235,0.03843250870704651,0.08032885603606699,0.020030871033668518,0.181428924202919,0.019112347725240397,0.025727822575741032,0.003042076446581632,0.009705547709017992,0.06171667668968429,0.001784903695806861,0.1555604338645935,0.33187198190717027,0.23825136437586314,0.11738620474934579,0.25220707058906555,0.7514939397573471,0.08706668764352798,1.6352530717849731,0.928676818497479,0.1015425639618581,0.7379708081483841,0.9699549078941345,0.9931120246648788,0.5081343054771423,0.9962039589881897,1.0529931290075183,0.22967746163237532,0.8160392284393311,1.0057421922683716,1.3453581631183622,0.5196604132652283,2.2494935989379883
x800,0.5,frozen,0.09389239165466279,0.033166961176986524,0.05661941058933735,0.08501113578677177,0.15420673415064806,0.048897530883550644,0.25339511036872864,0.11025954084470868,0.06057168614617857,0.060138790868222713,0.09608126804232597,0.20082214251160616,0.050077181309461594,0.45357227325439453,0.054290988144202856,0.06241608163929209,0.011093496112152934,0.03566469997167587,0.16483152136206602,0.0050581516698002815,0.4028898775577545,0.4989973356714472,0.36521152138591123,0.18420632779598237,0.41611702740192413,1.0534660041332242,0.10098311305046082,2.632040500640869,0.8956707753241062,0.1109984136546963,0.6817082464694977,0.9330930411815643,0.9859818428754806,0.4043257534503937,0.9951415061950684,0.9028773715253919,0.17252205507664234,0.6107215404510498,0.9074385166168213,1.1355756700038906,0.3481476306915283,1.68490731716156
x800,0.5,closed,0.10626685552415438,0.042314980845773766,0.06006094291806221,0.0961826890707016,0.1848063692450523,0.051064632833004,0.2981581389904022,0.11025954084470868,0.06057168614617857,0.060138790868222713,0.09608126804232597,0.20082214251160616,0.050077181309461594,0.45357227325439453,0.06937154800107237,0.0672072985452184,0.01837525423616171,0.04964208044111729,0.20409021750092501,0.010393519885838032,0.41032636165618896,0.5763763365102932,0.3050259609655506,0.27336741238832474,0.525483250617981,1.011524114012718,0.20119667053222656,2.3912854194641113,0.838305315002799,0.1304202080830471,0.585808539390564,0.8760263025760651,0.9631915152072906,0.3383071720600128,0.9795766472816467,1.016700778156519,0.24079105108097712,0.6777386516332626,1.0049693584442139,1.3172907829284668,0.3942211866378784,2.4389734268188477
x800,0.75,frozen,0.1288652762887068,0.037448463972010085,0.08066974952816963,0.12097648903727531,0.19622721299529075,0.07061445713043213,0.2870561182498932,0.165389311441686,0.090857532441756,0.09020818583667278,0.1441219002008438,0.3012332186102866,0.07511577010154724,0.6803584694862366,0.08979834238562034,0.09239735117146547,0.02226848714053631,0.06381445750594139,0.23861113488674157,0.010619251988828182,0.6176879405975342,0.6289474974619225,0.4464571685595923,0.25666791796684263,0.5219481587409973,1.3668142259120932,0.14303866028785706,3.1975581645965576,0.8690832378342748,0.11210057650508805,0.6541351258754731,0.9010909497737885,0.9748336553573608,0.37585780024528503,0.9904986619949341,0.8422035719268024,0.17349962801886532,0.526816463470459,0.8618100583553314,1.0497566699981689,0.29101982712745667,1.588592767715454
x800,0.75,closed,0.15027784154517576,0.04916683326644377,0.09163658581674099,0.142457515001297,0.26166090369224543,0.0755019560456276,0.3570859134197235,0.165389311441686,0.090857532441756,0.09020818583667278,0.1441219002008438,0.3012332186102866,0.07511577010154724,0.6803584694862366,0.11805629789887462,0.09674074625430604,0.03932863473892212,0.09082554653286934,0.2886340573430061,0.022763865068554878,0.6418347954750061,0.7228938990738243,0.35299554525333454,0.3751977369189262,0.6637736558914185,1.274622583389282,0.29118239879608154,2.811408042907715,0.7729893634095788,0.13694061175916725,0.4996825039386749,0.7976574897766113,0.9304241985082626,0.30468037724494934,0.9568995833396912,0.9784319545142353,0.2287684219492494,0.6002172023057938,0.987178772687912,1.3249499917030332,0.33900198340415955,1.8226585388183594
x800,1.0,frozen,0.16053772257873788,0.04075611540507707,0.10571424290537834,0.15470106899738312,0.23853014558553692,0.09166987985372543,0.3189763128757477,0.22051908168941736,0.12114337229235714,0.12027758173644543,0.19216253608465195,0.4016442850232123,0.10015436261892319,0.9071445465087891,0.12844617642986123,0.12331514174776093,0.03567018304020166,0.09518808498978615,0.31300034075975386,0.017594942823052406,0.8348209857940674,0.7384298969991505,0.5190866936795036,0.3055363744497299,0.606450080871582,1.638492017984389,0.18018504977226257,3.684842109680176,0.8454706659540534,0.11607434516404058,0.6150031328201294,0.873545229434967,0.9625583618879318,0.3639504015445709,0.9853751063346863,0.7960866198409349,0.17388256945929537,0.4577923431992531,0.8155393898487091,1.037546807527542,0.2545091211795807,1.3405767679214478
x800,1.0,closed,0.19220335100544617,0.05457540951876177,0.12460088767111302,0.1817074939608574,0.2983501881361007,0.10007863491773605,0.3922745883464813,0.22051908168941736,0.12114337229235714,0.12027758173644543,0.19216253608465195,0.4016442850232123,0.10015436261892319,0.9071445465087891,0.1722171860456001,0.12608272520526487,0.06616805717349053,0.1376049891114235,0.38474728763103455,0.03995085135102272,0.873255729675293,0.8427015074994415,0.398948343799936,0.4605048358440399,0.7658137679100037,1.5045497834682455,0.37857159972190857,3.2367236614227295,0.712040570564568,0.14118032536995964,0.4448211669921875,0.7419665455818176,0.8937754720449447,0.28131258487701416,0.9264172911643982,0.9521635246928781,0.24202081545609525,0.5351493746042252,0.9652887284755707,1.2758003056049345,0.2958551347255707,1.9842522144317627
v500,-0.009999999776482582,frozen,0.001378203308377124,0.0006747971623151618,0.0007241645333124324,0.0011964896693825722,0.0030093302601017047,0.0005693586426787078,0.004328402690589428,0.0013812631286782562,0.0006867366349423695,0.0007234354969114065,0.0011964150471612811,0.0029324878472834826,0.0005688232486136258,0.004393402021378279,3.4914962995458154e-05,5.959592804594423e-05,3.4144788855883237e-06,1.9402852558414452e-05,9.088356309803202e-05,1.3013091120228637e-06,0.00045973958913236856,0.01988153751790378,0.018583757625577745,0.003874718712177128,0.013805286027491093,0.051060759462416144,0.001588065060786903,0.12219412624835968,0.9996935897506773,0.0006945153387299581,0.9987170159816742,0.9999099373817444,0.9999928325414658,0.9938286542892456,0.9999987483024597,0.9993605883792043,0.010519108249441326,0.9876793444156646,1.0003040432929993,1.0102395713329315,0.9346241354942322,1.041320562362671
v500,-0.009999999776482582,closed,0.00137655001708481,0.0006726158050074365,0.0007243277184898033,0.0011959292460232973,0.002998238522559403,0.0005685280193574727,0.004310627467930317,0.0013812631286782562,0.0006867366349423695,0.0007234354969114065,0.0011964150471612811,0.0029324878472834826,0.0005688232486136258,0.004393402021378279,3.6521822606161436e-05,5.968158409287405e-05,4.26163571773941e-06,2.0057397705386393e-05,9.799177059903738e-05,2.3625339053978678e-06,0.0004488949489314109,0.02096494482611888,0.018530181869660888,0.004983444721437991,0.015244489070028067,0.05145149417221543,0.002883478067815304,0.11880011111497879,0.9996788781136274,0.0006851425115090378,0.9987051725387573,0.9998979568481445,0.9999879151582718,0.9940103888511658,0.9999957084655762,0.9984884178265929,0.010959259465475494,0.9827714323997497,0.9996416866779327,1.0103025674819945,0.9324172139167786,1.037180781364441
v500,0.009999999776482582,frozen,0.0013872532563254936,0.0007118753145860607,0.0007223259482998401,0.001195596531033516,0.0029065213748253873,0.0005698003224097192,0.004461976233869791,0.0013812631286782562,0.0006867366349423695,0.0007234354969114065,0.0011964150471612811,0.0029324878472834826,0.0005688232486136258,0.004393402021378279,3.873841972801273e-05,8.700636719017566e-05,3.656928981854435e-06,1.6352426428056788e-05,9.81278008111985e-05,1.2955582633367158e-06,0.0008175044786185026,0.020660745172790485,0.022479369346528492,0.004341372498311103,0.013411061838269234,0.053673202730715255,0.0015822206623852253,0.18546335399150848,0.9996238886378706,0.0012314683061953526,0.9989132583141327,0.999914675951004,0.9999909043312073,0.9872541427612305,0.9999988079071045,1.001339967828244,0.015396557518842969,0.9892854928970337,0.9996477663516998,1.0122285068035126,0.9690612554550171,1.1210371255874634
v500,0.009999999776482582,closed,0.0013889428496440814,0.0007137224922003619,0.0007221821550047025,0.0011964529985561967,0.002916630858089774,0.0005706680822186172,0.004483116790652275,0.0013812631286782562,0.0006867366349423695,0.0007234354969114065,0.0011964150471612811,0.0029324878472834826,0.0005688232486136258,0.004393402021378279,4.04671559373071e-05,8.543881203101894e-05,4.584123894346704e-06,1.8865281163016334e-05,0.00010588776058284555,2.342850621062098e-06,0.0007820703322067857,0.021807616720252554,0.022221389196055763,0.005251981201581657,0.014028876554220915,0.0543071374297142,0.002860825276002288,0.17869336903095245,0.9996089027263224,0.0011794847887792966,0.9987928479909897,0.9999050199985504,0.9999866664409638,0.9879725575447083,0.9999960064888,1.0022562192752957,0.015424583730015203,0.9903246760368347,1.0002606511116028,1.0164243817329406,0.9700719118118286,1.1130772829055786
v500,0.019999999552965164,frozen,0.002809352358781325,0.001593640352996181,0.0014432116935495288,0.0023894462501630187,0.005773958330973979,0.0011401850497350097,0.012317442335188389,0.0027625262573565124,0.001373473269884739,0.001446870993822813,0.0023928300943225622,0.005864975694566965,0.0011376464972272515,0.008786804042756557,0.00016461139535550728,0.0005893594603048301,1.2071513674527525e-05,5.2016803238075227e-05,0.00038431718567153426,4.963822448189603e-06,0.006271359045058489,0.03571001941418217,0.052924672904168565,0.006890085712075234,0.02230483666062355,0.0953812118619678,0.0030321648810058832,0.5091446042060852,0.9984138333238661,0.00908016010086113,0.9970883399248123,0.9997828304767609,0.9999781399965286,0.8993611335754395,0.9999956488609314,1.005923761986196,0.05569379586711081,0.9782209277153016,0.9992647767066956,1.024712324142456,0.9371840357780457,1.5663127899169922
v500,0.019999999552965164,closed,0.0028145091546321055,0.0015873618004978954,0.0014441970444750041,0.0023908299626782537,0.005814573634415862,0.0011437073117122054,0.01193709671497345,0.0027625262573565124,0.001373473269884739,0.001446870993822813,0.0023928300943225622,0.005864975694566965,0.0011376464972272515,0.008786804042756557,0.0001705786776540208,0.0005565716482965997,1.583249168106704e-05,5.80389350943733e-05,0.0004182410528301258,9.29229281609878e-06,0.005832225549966097,0.038282792003883515,0.051873828221516205,0.009361518267542123,0.024564990773797035,0.0966624595224856,0.005674721673130989,0.4885798990726471,0.9983852473087609,0.008423099032552043,0.9967790454626083,0.999727189540863,0.9999571472406388,0.9071908593177795,0.9999839663505554,1.0075935102067888,0.052553538841309706,0.981726023554802,1.0003681182861328,1.0342893421649932,0.9385018348693848,1.5179473161697388
v500,0.05000000074505806,frozen,0.007168406204073108,0.004749174490756965,0.003604861767962575,0.0060191163793206215,0.01458955849520861,0.0028507786337286234,0.04209763929247856,0.006906315940796048,0.0034336832835774335,0.003617177507840097,0.005982075817883015,0.01466244044713676,0.002844116184860468,0.02196701057255268,0.0009190832827243867,0.0030257547918524654,5.945021457591793e-05,0.00026540773978922516,0.002659700752701605,3.0625400540884584e-05,0.030932560563087463,0.07586000198352849,0.0968805897876057,0.015235015423968434,0.04426336847245693,0.2463936552405355,0.007490873336791992,0.7347813844680786,0.993310664780438,0.027312293759141876,0.9840680480003356,0.9991433620452881,0.9998901337385178,0.7261039018630981,0.9999733567237854,1.0153380739502609,0.11970640802203263,0.9497913509607315,0.9979049563407898,1.0726965069770813,0.8565510511398315,2.1412909030914307
v500,0.05000000074505806,closed,0.007224880135254352,0.0048081981624673925,0.0036115044145844876,0.005976152839139104,0.014842558605596414,0.0028730856720358133,0.04199570417404175,0.006906315940796048,0.0034336832835774335,0.003617177507840097,0.005982075817883015,0.01466244044713676,0.002844116184860468,0.02196701057255268,0.0009920624569303982,0.0030493678396548178,8.340506683452986e-05,0.00030629329557996243,0.002769391820766029,5.5170152336359024e-05,0.03087850660085678,0.08374760278093163,0.09938183537076777,0.021515364944934844,0.05057425983250141,0.24492341876029933,0.014169581234455109,0.7352777719497681,0.9925556718371809,0.02794823457174951,0.9802315890789032,0.9988605082035065,0.9997694045305252,0.724698543548584,0.9999001026153564,1.0212720879353583,0.1223863506649823,0.9607791662216186,1.0005677342414856,1.104989331960678,0.8573392033576965,2.136106014251709
v500,0.10000000149011612,frozen,0.013996645633596927,0.007394215854478102,0.007211361080408096,0.012042093090713024,0.02786818370223045,0.005701380781829357,0.0501231774687767,0.013812631881592097,0.006867366567154867,0.007234355015680194,0.01196415163576603,0.02932488089427352,0.005688232369720936,0.04393402114510536,0.002513846575993739,0.004059476817897979,0.00020899887895211577,0.000916715624043718,0.010110092954710116,0.00012029161734972149,0.02855956181883812,0.1312677894893568,0.12644419133056214,0.028335678298026325,0.08293467015028,0.4531946554780006,0.014731228351593018,0.60474693775177,0.9856205461546779,0.032007729623140774,0.9271267920732499,0.996685802936554,0.9996284931898117,0.8047277927398682,0.9998964667320251,1.0097062555141747,0.09284070511149732,0.9096263974905014,0.9960874915122986,1.1715532481670379,0.7436482310295105,1.450584888458252
v500,0.10000000149011612,closed,0.014233665686333552,0.007721795546104941,0.007243322511203587,0.012069922406226397,0.029273441247642036,0.005792140029370785,0.05003080517053604,0.013812631881592097,0.006867366567154867,0.007234355015680194,0.01196415163576603,0.02932488089427352,0.005688232369720936,0.04393402114510536,0.0028318733344576685,0.004371357809084445,0.0003191756244632415,0.00114072096766904,0.011435817228630182,0.00021893513621762395,0.028858592733740807,0.1469741175096715,0.13099706396029934,0.04217910896986723,0.09906068444252014,0.47138582170009596,0.028441322967410088,0.6304654479026794,0.9829422379843891,0.03552860524018899,0.9178504288196564,0.9956575930118561,0.9991140335798263,0.7872534394264221,0.9995975494384766,1.022557384800166,0.10831226181069928,0.9266897350549698,1.001928448677063,1.2326843380928032,0.7582451701164246,1.5246316194534302
v500,0.20000000298023224,frozen,0.027441240345069673,0.013106944840369129,0.014034044835716486,0.023988915607333183,0.053931340761482705,0.011401745490729809,0.0857943668961525,0.027625263763184194,0.013734733134309734,0.014468710031360387,0.02392830327153206,0.05864976178854704,0.011376464739441872,0.08786804229021072,0.00783071406021918,0.009584358166926519,0.0008116408687783405,0.003745516180060804,0.030550554208457426,0.0004697112599387765,0.045590952038764954,0.2249489437235752,0.18272187182929367,0.052347649820148945,0.1700657606124878,0.5786880016326902,0.028868915513157845,1.1853482723236084,0.9679256919771433,0.045217496833830674,0.8627610355615616,0.987678736448288,0.998696717619896,0.7925403714179993,0.9996092915534973,1.0044861626811326,0.14003441188567198,0.8441683918237686,0.9915438890457153,1.298609513044357,0.5179063081741333,1.6141549348831177
v500,0.20000000298023224,closed,0.028748237353283912,0.015733664537903386,0.014181980118155479,0.024205011315643787,0.059448305517435046,0.011616791598498821,0.1069379448890686,0.027625263763184194,0.013734733134309734,0.014468710031360387,0.02392830327153206,0.05864976178854704,0.011376464739441872,0.08786804229021072,0.00955676598368882,0.01267912764503184,0.0012399082246702165,0.004636269761249423,0.03785800542682407,0.0008525618468411267,0.08861861377954483,0.25760053188423626,0.1909315213540386,0.07978889048099518,0.18881609290838242,0.622130087018013,0.056627728044986725,1.1588748693466187,0.9577192068099976,0.05811845888241853,0.8286052018404007,0.9843116104602814,0.9969499677419662,0.6916868686676025,0.9984086751937866,1.044115490745753,0.2672393302922775,0.8423239409923553,1.0032168626785278,1.3466872572898863,0.5315394401550293,3.5052409172058105
v500,0.5,frozen,0.0654904556722613,0.027756236091788577,0.034807182103395465,0.057646678760647774,0.12401772327721115,0.028214002028107643,0.1625138372182846,0.06906315786181949,0.034336831969486316,0.036171775124967095,0.059820756316185,0.14662439599633217,0.028441162779927254,0.2196701020002365,0.032867951018488384,0.032015364771885914,0.004800211824476719,0.020617667585611343,0.10571814179420468,0.0024893488734960556,0.1438639760017395,0.427676148887258,0.27819539059449355,0.12765996232628823,0.3496149182319641,0.8464840203523633,0.07043807208538055,1.9187649488449097,0.9043155433610082,0.10135257866161088,0.6869256347417831,0.9426615238189697,0.9927207410335541,0.519301176071167,0.997788667678833,0.9851351354736835,0.2222250638072395,0.7052917838096618,0.9683032035827637,1.3853074848651876,0.430364191532135,2.264409065246582
v500,0.5,closed,0.06869916112918872,0.030312289434151537,0.03519484791904688,0.05935593508183956,0.1273984171450138,0.02808033861219883,0.1720559000968933,0.06906315786181949,0.034336831969486316,0.036171775124967095,0.059820756316185,0.14662439599633217,0.028441162779927254,0.2196701020002365,0.03820046755936346,0.03409722613364454,0.006728962925262749,0.024485614150762558,0.1138004444539547,0.005057208240032196,0.1553386002779007,0.48291136394254863,0.25780853349047844,0.1963039666414261,0.4275258928537369,0.8475964725017546,0.13631272315979004,1.7319167852401733,0.8772556255571544,0.11298711574699122,0.6499921202659606,0.9241234660148621,0.9821099877357483,0.45650315284729004,0.9908973574638367,1.0279104583896697,0.23865336130739354,0.7040621966123581,0.9995850324630737,1.5040781080722798,0.5088714361190796,2.046677589416504
v500,0.75,frozen,0.09189240582054481,0.034431239630244775,0.0511307492852211,0.08212358132004738,0.15934025719761846,0.04141910746693611,0.24191156029701233,0.10359473680728115,0.0515052477844448,0.05425766073167324,0.0897311307489872,0.21993658617138861,0.042661745101213455,0.32950514554977417,0.05506038056773832,0.04785443881016944,0.009205102408304812,0.039138052612543106,0.16400207877159118,0.005299970041960478,0.236673504114151,0.5323089337325655,0.3145369316269988,0.18034721836447715,0.4694935828447342,1.0561046898365019,0.10317622870206833,2.1867878437042236,0.874995140125975,0.107006133794848,0.6805313140153885,0.9011586606502533,0.9867779523134231,0.42412635684013367,0.9954204559326172,0.9386117786634713,0.21817865278508314,0.6242915034294129,0.940569281578064,1.2655349552631376,0.4141499102115631,2.2471389770507812
v500,0.75,closed,0.10332677912083454,0.04765005575935002,0.05209160428494215,0.08694123476743698,0.21554409712553024,0.04166097566485405,0.290363609790802,0.10359473680728115,0.0515052477844448,0.05425766073167324,0.0897311307489872,0.21993658617138861,0.042661745101213455,0.32950514554977417,0.07196808153821621,0.05949799882990372,0.013715677848085762,0.04918831214308739,0.20076217874884603,0.010827114805579185,0.2792224586009979,0.6191799292573705,0.2966701578870534,0.2780444577336311,0.568247377872467,1.0917843461036676,0.19611477851867676,2.0609655380249023,0.8113102088682353,0.14923229718868658,0.5063122525811196,0.8580892980098724,0.9630889236927033,0.27599358558654785,0.9814203977584839,1.0550022260285914,0.4235160089027729,0.6596107900142669,0.9747025370597839,1.953436678647994,0.4239555597305298,4.06662654876709
v500,1.0,frozen,0.11754020728403702,0.04156097526456939,0.06780714951455594,0.10504280403256416,0.1989863581955432,0.054271161556243896,0.26294320821762085,0.13812631572363898,0.06867366393897263,0.07234355024993419,0.11964151263237,0.29324879199266435,0.05688232555985451,0.439340204000473,0.08097270424332237,0.06548568549755265,0.015272730821743609,0.05923253297805786,0.22527508586645123,0.009028906933963299,0.3214590549468994,0.6227889971341938,0.3598384012585098,0.2276008404791355,0.5388479232788086,1.2333798110485075,0.13488589227199554,2.5450263023376465,0.8456876869313419,0.12120939603398553,0.6348909169435502,0.8760303556919098,0.9796890586614608,0.386568546295166,0.992417573928833,0.9118760952260345,0.24017067931651148,0.5586978942155838,0.9121720492839813,1.285455912351608,0.3625010550022125,1.9715263843536377
v500,1.0,closed,0.13111469440627843,0.05676316880539255,0.06746154353022575,0.1123703271150589,0.2607478693127631,0.056881193071603775,0.3282419443130493,0.13812631572363898,0.06867366393897263,0.07234355024993419,0.11964151263237,0.29324879199266435,0.05688232555985451,0.439340204000473,0.10301148556754924,0.07734220506055459,0.025475215166807175,0.07636617124080658,0.27738611996173856,0.01828758418560028,0.33077067136764526,0.7188098973128945,0.3283741838021355,0.35458361357450485,0.6520532071590424,1.2387841224670406,0.2524230480194092,2.3585212230682373,0.7681762274587527,0.15561469644946907,0.4479538515210152,0.8017894625663757,0.9401325225830078,0.23936878144741058,0.96965092420578,1.015639184275642,0.3891274997491741,0.6128962934017181,0.9573829472064972,1.7696831405162796,0.3699057400226593,3.447842836380005
