mode,rank,batch_index,batch_size,nfe,elapsed_seconds,endpoint_mean,endpoint_std
velocity,0,0,64,50,2.1176511240191758,0.05561162531375885,0.8308307528495789
velocity,0,1,64,56,1.760645109694451,0.0661032572388649,0.8445486426353455
velocity,0,2,64,56,1.9555973741225898,0.05045779049396515,0.7897450923919678
velocity,0,3,64,56,1.779434028081596,0.04566697031259537,0.8247584700584412
velocity,0,4,64,56,1.939154116436839,0.04553593322634697,0.8141393661499023
velocity,0,5,64,56,1.781258497852832,0.04066682234406471,0.8255906105041504
velocity,0,6,64,50,1.779366425704211,0.0900019109249115,0.8169753551483154
velocity,0,7,64,56,1.780063564889133,0.03352582827210426,0.8120630979537964
velocity,0,8,64,50,1.7798063619993627,0.059260811656713486,0.8338150978088379
velocity,0,9,64,56,1.7843272779136896,0.06463157385587692,0.8203381299972534
velocity,0,10,64,50,1.7779350252822042,0.07959777861833572,0.8323162794113159
velocity,0,11,64,50,1.5998962228186429,0.05821963772177696,0.8621912598609924
velocity,0,12,64,50,1.7823123633861542,0.0666843056678772,0.8003548979759216
velocity,0,13,64,50,1.6326083950698376,0.08434636890888214,0.8192345499992371
velocity,0,14,64,56,1.9247126230038702,0.06653702259063721,0.806652307510376
velocity,0,15,64,56,1.9416317180730402,0.04592064023017883,0.8276215195655823
velocity,0,16,64,56,1.7800008729100227,0.09043942391872406,0.7977399230003357
velocity,0,17,64,62,2.13801100384444,0.04770227521657944,0.8092934489250183
velocity,0,18,64,56,1.7689526989124715,0.035306982696056366,0.8222203254699707
velocity,0,19,64,56,1.9367869971320033,0.03544360399246216,0.8260788917541504
velocity,1,0,64,56,1.6623561950400472,0.07062894105911255,0.8278637528419495
velocity,1,1,64,50,1.2360047181136906,0.07019959390163422,0.8026672005653381
velocity,1,2,64,50,1.2377081983722746,0.05241035670042038,0.8050869703292847
velocity,1,3,64,50,1.2368905702605844,0.053835831582546234,0.8157839179039001
velocity,1,4,64,56,1.3811736330389977,0.034399859607219696,0.806513786315918
velocity,1,5,64,56,1.380472688935697,0.05517422780394554,0.8444116711616516
velocity,1,6,64,62,1.5245522316545248,0.04981261491775513,0.7997668385505676
velocity,1,7,64,56,1.3828595308586955,0.0771428719162941,0.8402355313301086
velocity,1,8,64,50,1.2414528378285468,0.047829966992139816,0.8210703134536743
velocity,1,9,64,56,1.3846849533729255,0.06844741106033325,0.8358830213546753
velocity,1,10,64,56,1.385599269066006,0.04283572733402252,0.8064059615135193
velocity,1,11,64,50,1.241251200903207,0.06757277250289917,0.8076892495155334
velocity,1,12,64,50,1.242882311809808,0.0555061511695385,0.837272047996521
velocity,1,13,64,56,1.385738033335656,0.06833969056606293,0.8395557999610901
velocity,1,14,64,50,1.2424494167789817,0.05499250441789627,0.8008257150650024
velocity,1,15,64,56,1.3880612030625343,0.047311216592788696,0.8009698987007141
velocity,1,16,64,44,1.0970533192157745,0.05843835324048996,0.8170334696769714
velocity,1,17,64,50,1.242235769983381,0.038533780723810196,0.8148934841156006
velocity,1,18,64,56,1.3860394372604787,0.05423266440629959,0.7988119125366211
velocity,1,19,64,50,1.2418879172764719,0.03099471516907215,0.8334037661552429
velocity,2,0,64,50,1.8684965828433633,0.023355551064014435,0.7959797978401184
velocity,2,1,64,56,1.7003819970414042,0.04097173735499382,0.8359178304672241
velocity,2,2,64,50,1.5965740759857,0.0444069504737854,0.8319692611694336
velocity,2,3,64,44,1.3667752309702337,0.042589880526065826,0.814935564994812
velocity,2,4,64,50,1.6086451169103384,0.03175024688243866,0.8318625092506409
velocity,2,5,64,56,1.7125542741268873,0.03652380406856537,0.8094853162765503
velocity,2,6,64,56,1.774486525915563,0.03309199959039688,0.8137640357017517
velocity,2,7,64,44,1.3667336492799222,0.04127497971057892,0.8241065144538879
velocity,2,8,64,50,1.5996045819483697,0.032036200165748596,0.8241492509841919
velocity,2,9,64,44,1.3641604371368885,0.06057075411081314,0.8319345116615295
velocity,2,10,64,50,1.5976412608288229,0.04800238460302353,0.8214059472084045
velocity,2,11,64,56,1.7120768656022847,0.031361714005470276,0.8287639617919922
velocity,2,12,64,56,1.7739309668540955,0.044243164360523224,0.8279479742050171
velocity,2,13,64,50,1.5382668026722968,0.08223727345466614,0.828682005405426
velocity,2,14,64,56,1.7625020500272512,0.014026161283254623,0.8458119630813599
velocity,2,15,64,56,1.7115756617859006,0.049109846353530884,0.8134363293647766
velocity,2,16,64,56,1.774829679634422,0.026369011029601097,0.809945821762085
velocity,2,17,64,56,1.7148968325927854,0.026583723723888397,0.831678032875061
velocity,2,18,64,56,1.7753984038718045,0.05610165372490883,0.8382755517959595
velocity,2,19,64,56,1.7813897770829499,0.08576395362615585,0.8151662945747375
velocity,3,0,64,56,1.74264732375741,0.07644619047641754,0.8206278681755066
velocity,3,1,64,50,1.2318866830319166,0.05915676802396774,0.8021888136863708
velocity,3,2,64,44,1.0897651319392025,0.05576099455356598,0.8045377135276794
velocity,3,3,64,44,1.0891650556586683,0.05479627102613449,0.817854642868042
velocity,3,4,64,50,1.2339782589115202,0.06204700097441673,0.8143273591995239
velocity,3,5,64,50,1.234640338923782,0.0880776047706604,0.8408012986183167
velocity,3,6,64,56,1.3781623062677681,0.03797297924757004,0.8066893815994263
velocity,3,7,64,56,1.3833283032290637,0.05159813165664673,0.7963972091674805
velocity,3,8,64,56,1.3801855221390724,0.09947504103183746,0.8223848342895508
velocity,3,9,64,56,1.380841812118888,0.003725985065102577,0.804071307182312
velocity,3,10,64,50,1.2395995277911425,0.022535111755132675,0.8472798466682434
velocity,3,11,64,56,1.3849693210795522,0.0342511311173439,0.8192740082740784
velocity,3,12,64,50,1.2408567019738257,0.04517323151230812,0.815554141998291
velocity,3,13,64,56,1.3856476657092571,0.040084801614284515,0.8091412782669067
velocity,3,14,64,56,1.385717554949224,0.06180068850517273,0.8267717957496643
velocity,3,15,64,50,1.2426080307923257,0.09143862128257751,0.8222386240959167
velocity,3,16,64,50,1.2417500987648964,0.05902823060750961,0.8259447813034058
velocity,3,17,64,50,1.2430155170150101,0.0216256994754076,0.8351690173149109
velocity,3,18,64,56,1.3861516397446394,0.07983504235744476,0.8094260692596436
velocity,3,19,64,56,1.3867811849340796,0.0770508274435997,0.8097853660583496
x,0,0,64,110,3.574562574736774,0.05630834773182869,0.834392786026001
x,0,1,64,98,3.223896209616214,0.06764952838420868,0.8450523018836975
x,0,2,64,122,3.9437602879479527,0.05145750939846039,0.7882383465766907
x,0,3,64,110,3.5866256677545607,0.0431254617869854,0.8250733613967896
x,0,4,64,110,3.581378536298871,0.04410235583782196,0.8122849464416504
x,0,5,64,98,3.221273094881326,0.03966190665960312,0.8278857469558716
x,0,6,64,104,3.400314725935459,0.08833067119121552,0.8171470761299133
x,0,7,64,98,3.0430790269747376,0.034515880048274994,0.8116239905357361
x,0,8,64,122,4.120735062286258,0.060025885701179504,0.8342779874801636
x,0,9,64,110,3.5838479651138186,0.06468772888183594,0.8191957473754883
x,0,10,64,104,3.3368836962617934,0.08266259729862213,0.833464503288269
x,0,11,64,110,3.5707248020917177,0.060568585991859436,0.8640998601913452
x,0,12,64,110,3.5680719786323607,0.06723810732364655,0.7991658449172974
x,0,13,64,122,4.022405652794987,0.08526528626680374,0.8234103918075562
x,0,14,64,104,3.4031856381334364,0.06610935926437378,0.8006733059883118
x,0,15,64,86,2.686974502168596,0.04562177136540413,0.8247721195220947
x,0,16,64,134,4.4746670527383685,0.08960841596126556,0.8012812733650208
x,0,17,64,86,2.6825234526768327,0.04645117372274399,0.803622841835022
x,0,18,64,110,3.572496483102441,0.03578969091176987,0.8217064738273621
x,0,19,64,110,3.573743665125221,0.035740237683057785,0.8282000422477722
x,1,0,64,80,1.96831723023206,0.07146968692541122,0.8299992680549622
x,1,1,64,128,3.1266993996687233,0.06900791823863983,0.8057844638824463
x,1,2,64,110,2.6941044041886926,0.05321227386593819,0.8057608604431152
x,1,3,64,122,2.9863563370890915,0.0553855299949646,0.814132571220398
x,1,4,64,110,2.6962980567477643,0.03455816209316254,0.8060855865478516
x,1,5,64,110,2.6951597100123763,0.0541936531662941,0.8434719443321228
x,1,6,64,92,2.2616910696960986,0.04707039147615433,0.7990030646324158
x,1,7,64,110,2.6961958962492645,0.07632412761449814,0.8358826637268066
x,1,8,64,98,2.4100471641868353,0.046383388340473175,0.8147098422050476
x,1,9,64,122,2.991007215809077,0.06910773366689682,0.8332919478416443
x,1,10,64,74,1.8289053766056895,0.041144080460071564,0.8015152215957642
x,1,11,64,134,3.281144231092185,0.0685320794582367,0.8063215017318726
x,1,12,64,104,2.5547677520662546,0.05647635459899902,0.8354918956756592
x,1,13,64,128,3.13651573844254,0.06673352420330048,0.8348938822746277
x,1,14,64,86,2.1198927988298237,0.05507912486791611,0.8063268661499023
x,1,15,64,92,2.2654043789952993,0.045260071754455566,0.8003846406936646
x,1,16,64,122,2.9915510858409107,0.05561413988471031,0.814220130443573
x,1,17,64,98,2.4103149860166013,0.038788456469774246,0.8125504851341248
x,1,18,64,128,3.1371283321641386,0.05337447673082352,0.7983852028846741
x,1,19,64,110,2.7010843688622117,0.02991122379899025,0.8242020010948181
x,2,0,64,122,3.688825920689851,0.021252892911434174,0.7968032360076904
x,2,1,64,128,3.8589853793382645,0.04056483879685402,0.8345028758049011
x,2,2,64,122,3.6904747616499662,0.04579756036400795,0.8304697871208191
x,2,3,64,110,3.3475016690790653,0.0414089560508728,0.8164983987808228
x,2,4,64,104,3.173773223068565,0.031146962195634842,0.8302983045578003
x,2,5,64,110,3.346866086591035,0.0376586988568306,0.8119019865989685
x,2,6,64,110,3.3483272888697684,0.03429373353719711,0.8115219473838806
x,2,7,64,122,3.6932858121581376,0.04094327986240387,0.82425856590271
x,2,8,64,92,2.8310039811767638,0.03193621337413788,0.8252715468406677
x,2,9,64,110,3.3487783786840737,0.05966911464929581,0.8302754759788513
x,2,10,64,104,3.173541688825935,0.04982323199510574,0.8230707049369812
x,2,11,64,104,3.1762210014276206,0.030234742909669876,0.8218616843223572
x,2,12,64,110,3.348572392947972,0.04217818006873131,0.8262168765068054
x,2,13,64,122,3.6987137920223176,0.08271743357181549,0.8285021781921387
x,2,14,64,116,3.5260057002305984,0.00937611237168312,0.845260500907898
x,2,15,64,98,3.0081320060417056,0.04710051044821739,0.8143568634986877
x,2,16,64,104,3.173612187616527,0.024473819881677628,0.8088877201080322
x,2,17,64,104,3.171097128652036,0.026819903403520584,0.8288652300834656
x,2,18,64,104,3.1538229938596487,0.05647173523902893,0.8443604707717896
x,2,19,64,98,2.9649358582682908,0.08751867711544037,0.8186287879943848
x,3,0,64,86,2.117618209682405,0.07800105214118958,0.8201490640640259
x,3,1,64,104,2.5528664621524513,0.06014863774180412,0.8055170178413391
x,3,2,64,116,2.8441981463693082,0.05600486323237419,0.806445837020874
x,3,3,64,98,2.4098657332360744,0.057110726833343506,0.8174832463264465
x,3,4,64,98,2.4103645398281515,0.06285499036312103,0.8101982474327087
x,3,5,64,134,3.2820660737343132,0.08639608323574066,0.8404777646064758
x,3,6,64,98,2.410830901004374,0.037604477256536484,0.8026832342147827
x,3,7,64,110,2.7012561690062284,0.05006314441561699,0.7965573072433472
x,3,8,64,110,2.7027453631162643,0.09959996491670609,0.8196243643760681
x,3,9,64,122,2.9947090381756425,0.0031215809285640717,0.7974897027015686
x,3,10,64,104,2.5590030970051885,0.02223811484873295,0.8510468602180481
x,3,11,64,104,2.5626439382322133,0.03453654795885086,0.8177427053451538
x,3,12,64,80,1.9790806113742292,0.04191678389906883,0.8133006691932678
x,3,13,64,92,2.2722620577551425,0.038783468306064606,0.8066146969795227
x,3,14,64,110,2.709916076157242,0.06092279404401779,0.8311551809310913
x,3,15,64,140,3.4413809860125184,0.09123629331588745,0.8249131441116333
x,3,16,64,122,3.004733347799629,0.058400388807058334,0.827463686466217
x,3,17,64,116,2.8581794584169984,0.021662376821041107,0.8320829272270203
x,3,18,64,134,3.2983919009566307,0.07979081571102142,0.8096871376037598
x,3,19,64,104,2.566913804039359,0.076866015791893,0.8062198162078857
epsilon,0,0,64,80,2.68165834620595,0.05759783461689949,0.8443667888641357
epsilon,0,1,64,80,2.686827451456338,0.06420255452394485,0.8637323379516602
epsilon,0,2,64,86,2.8601139709353447,0.048588890582323074,0.8148866891860962
epsilon,0,3,64,92,2.8657681359909475,0.044837553054094315,0.8412387371063232
epsilon,0,4,64,86,2.8656313181854784,0.04029947146773338,0.8265408873558044
epsilon,0,5,64,80,2.6771638933569193,0.03336764872074127,0.844328761100769
epsilon,0,6,64,80,2.6778199677355587,0.08112657815217972,0.8221656084060669
epsilon,0,7,64,86,2.8607662660069764,0.02771545574069023,0.8247666358947754
epsilon,0,8,64,86,2.6853474536910653,0.06188887357711792,0.8484026193618774
epsilon,0,9,64,86,2.861235437914729,0.06950453668832779,0.8456298112869263
epsilon,0,10,64,80,2.68109537800774,0.08809328079223633,0.8430156111717224
epsilon,0,11,64,80,2.6760808709077537,0.07191430777311325,0.8873235583305359
epsilon,0,12,64,80,2.5037023797631264,0.06601723283529282,0.8130959272384644
epsilon,0,13,64,86,2.863590315915644,0.09006068110466003,0.8421377539634705
epsilon,0,14,64,86,2.855810736771673,0.0702507272362709,0.8213993906974792
epsilon,0,15,64,80,2.6854716828092933,0.050743646919727325,0.8310800194740295
epsilon,0,16,64,86,2.867995871696621,0.08315881341695786,0.8202559947967529
epsilon,0,17,64,86,2.6812963001430035,0.04131767526268959,0.8088736534118652
epsilon,0,18,64,80,2.6835055500268936,0.027970319613814354,0.8326711654663086
epsilon,0,19,64,86,2.8589752637781203,0.03162837773561478,0.8311281204223633
epsilon,1,0,64,86,2.1213567019440234,0.07765432447195053,0.8381124138832092
epsilon,1,1,64,86,2.1200853968039155,0.06727781146764755,0.813160240650177
epsilon,1,2,64,92,2.26681811735034,0.05366441234946251,0.8237694501876831
epsilon,1,3,64,80,1.9762544841505587,0.05559258908033371,0.8219701051712036
epsilon,1,4,64,80,1.9752839719876647,0.02227778360247612,0.8124335408210754
epsilon,1,5,64,86,2.1202057292684913,0.051462456583976746,0.8605220317840576
epsilon,1,6,64,86,2.121841278858483,0.05057546868920326,0.8029370903968811
epsilon,1,7,64,86,2.121024625841528,0.0735849142074585,0.8483321070671082
epsilon,1,8,64,80,1.9752176450565457,0.05441462621092796,0.835137128829956
epsilon,1,9,64,86,2.1210151007398963,0.06983587890863419,0.8481485843658447
epsilon,1,10,64,80,1.9750608899630606,0.03996863216161728,0.8154261708259583
epsilon,1,11,64,86,2.120789126958698,0.06678414344787598,0.8203560709953308
epsilon,1,12,64,80,1.9753123600967228,0.049406878650188446,0.8403999209403992
epsilon,1,13,64,80,1.9751929040066898,0.06008337810635567,0.8552759885787964
epsilon,1,14,64,80,1.9757852801121771,0.05793698877096176,0.8159270882606506
epsilon,1,15,64,86,2.120641636662185,0.04642463102936745,0.8173556327819824
epsilon,1,16,64,80,1.9756073029711843,0.06376594305038452,0.8387396335601807
epsilon,1,17,64,80,1.9752412550151348,0.03611164540052414,0.8351870775222778
epsilon,1,18,64,86,2.1207373761571944,0.05055157095193863,0.8034044504165649
epsilon,1,19,64,92,2.265692855697125,0.02625402808189392,0.8322645425796509
epsilon,2,0,64,86,2.657686833757907,0.022509723901748657,0.8065508008003235
epsilon,2,1,64,80,2.482746051158756,0.03574651479721069,0.8382889628410339
epsilon,2,2,64,80,2.483995239716023,0.04432516545057297,0.8476666808128357
epsilon,2,3,64,80,2.4196967692114413,0.04435908794403076,0.819402813911438
epsilon,2,4,64,86,2.6594690321944654,0.029631581157445908,0.8531211018562317
epsilon,2,5,64,80,2.4840938257984817,0.03363249450922012,0.8245178461074829
epsilon,2,6,64,86,2.646283882204443,0.03216193616390228,0.8224438428878784
epsilon,2,7,64,86,2.6581219281069934,0.03827039897441864,0.8338222503662109
epsilon,2,8,64,86,2.594039442948997,0.024682041257619858,0.8197043538093567
epsilon,2,9,64,86,2.6575114112347364,0.06376123428344727,0.8370377421379089
epsilon,2,10,64,80,2.4860336198471487,0.04991444945335388,0.8339013457298279
epsilon,2,11,64,86,2.652690790127963,0.032979317009449005,0.8409355282783508
epsilon,2,12,64,86,2.6360029908828437,0.04554150998592377,0.8356754779815674
epsilon,2,13,64,80,2.446120394859463,0.07973195612430573,0.8494548201560974
epsilon,2,14,64,80,2.489384338259697,0.006169145926833153,0.8594470024108887
epsilon,2,15,64,80,2.4838153240270913,0.04902525991201401,0.8294780254364014
epsilon,2,16,64,86,2.661626271903515,0.016417596489191055,0.815747857093811
epsilon,2,17,64,80,2.4141445476561785,0.02064722217619419,0.8462024927139282
epsilon,2,18,64,80,2.485770722851157,0.05836488679051399,0.8566011190414429
epsilon,2,19,64,86,2.6497085192240775,0.08621883392333984,0.8212749361991882
epsilon,3,0,64,80,1.98481380706653,0.07401253283023834,0.8230018615722656
epsilon,3,1,64,86,2.131529409904033,0.06079261749982834,0.8187057971954346
epsilon,3,2,64,86,2.1318484721705317,0.0529189296066761,0.8237842917442322
epsilon,3,3,64,80,1.9854790000244975,0.05071531981229782,0.8209620714187622
epsilon,3,4,64,80,1.9863664130680263,0.0651388019323349,0.8194227814674377
epsilon,3,5,64,80,1.9857915230095387,0.08883625268936157,0.8590719103813171
epsilon,3,6,64,86,2.132466817740351,0.043943483382463455,0.8186005353927612
epsilon,3,7,64,80,1.9869016213342547,0.0485253743827343,0.816601574420929
epsilon,3,8,64,80,1.9865132151171565,0.10575073212385178,0.8302165269851685
epsilon,3,9,64,86,2.13348747510463,-0.006937110796570778,0.8102293014526367
epsilon,3,10,64,80,1.9872035081498325,0.024236340075731277,0.8755157589912415
epsilon,3,11,64,80,1.98700962215662,0.025266174226999283,0.8334822654724121
epsilon,3,12,64,92,2.280170800630003,0.03751059249043465,0.8378795385360718
epsilon,3,13,64,86,2.1332457433454692,0.04119899123907089,0.8275282382965088
epsilon,3,14,64,80,1.9874499537982047,0.05402696877717972,0.8429485559463501
epsilon,3,15,64,86,2.133463444188237,0.0979941263794899,0.8274807929992676
epsilon,3,16,64,80,1.9883757941424847,0.051774829626083374,0.8304003477096558
epsilon,3,17,64,80,1.987542875111103,0.028521372005343437,0.8439260721206665
epsilon,3,18,64,86,2.1332353269681334,0.08042988181114197,0.8253203630447388
epsilon,3,19,64,86,2.1344953309744596,0.07843274623155594,0.8160253167152405
dynamic,0,0,64,62,2.1450025378726423,0.056267764419317245,0.8336796164512634
dynamic,0,1,64,62,1.962366885971278,0.06747235357761383,0.8447074294090271
dynamic,0,2,64,62,2.134004589635879,0.051046039909124374,0.7898775339126587
dynamic,0,3,64,68,2.1402258980087936,0.042913954704999924,0.8244626522064209
dynamic,0,4,64,62,2.1256669987924397,0.044091083109378815,0.8133533596992493
dynamic,0,5,64,62,2.133232763968408,0.03968977555632591,0.8270319700241089
dynamic,0,6,64,74,2.323329269886017,0.08788762986660004,0.8170441389083862
dynamic,0,7,64,62,2.1362847071141005,0.03389061614871025,0.812891960144043
dynamic,0,8,64,56,1.7880064980126917,0.060204457491636276,0.8335103392601013
dynamic,0,9,64,68,2.3232327960431576,0.06484411656856537,0.8208391070365906
dynamic,0,10,64,62,2.1390420109964907,0.08259797096252441,0.8325657248497009
dynamic,0,11,64,56,1.7836916632950306,0.061184607446193695,0.8654148578643799
dynamic,0,12,64,62,2.1388621260412037,0.06735128164291382,0.8003518581390381
dynamic,0,13,64,62,1.9635036690160632,0.08507104218006134,0.8229769468307495
dynamic,0,14,64,62,2.1373367942869663,0.0657951682806015,0.8009636402130127
dynamic,0,15,64,56,1.9648593729361892,0.04568185284733772,0.825968861579895
dynamic,0,16,64,62,1.9655327829532325,0.08991024643182755,0.8011735081672668
dynamic,0,17,64,68,2.308406136929989,0.04565104842185974,0.8034993410110474
dynamic,0,18,64,56,1.7866695099510252,0.03556803613901138,0.8215489983558655
dynamic,0,19,64,56,1.9616559511050582,0.03504151105880737,0.8273316621780396
dynamic,1,0,64,56,1.3935658261179924,0.07196922600269318,0.8271885514259338
dynamic,1,1,64,62,1.5388293070718646,0.06910806894302368,0.8051459193229675
dynamic,1,2,64,68,1.684395902324468,0.05333933234214783,0.8052549362182617
dynamic,1,3,64,62,1.5389199638739228,0.054819826036691666,0.8144032955169678
dynamic,1,4,64,56,1.393783192615956,0.03317585960030556,0.8055742383003235
dynamic,1,5,64,62,1.538926905952394,0.05438319966197014,0.8441359400749207
dynamic,1,6,64,62,1.5384870767593384,0.04776851832866669,0.7990396022796631
dynamic,1,7,64,56,1.3935025329701602,0.07556018233299255,0.8347935676574707
dynamic,1,8,64,68,1.6840427378192544,0.046421460807323456,0.8164441585540771
dynamic,1,9,64,62,1.538982599042356,0.06916601210832596,0.8339301943778992
dynamic,1,10,64,56,1.3938515791669488,0.04036403447389603,0.8038645386695862
dynamic,1,11,64,62,1.5390165750868618,0.06854462623596191,0.8070039749145508
dynamic,1,12,64,62,1.5392181160859764,0.05587567761540413,0.8330773711204529
dynamic,1,13,64,62,1.53977265721187,0.06662839651107788,0.8358636498451233
dynamic,1,14,64,68,1.6850273599848151,0.05462628975510597,0.8051506876945496
dynamic,1,15,64,56,1.3938269396312535,0.04512964189052582,0.8012838363647461
dynamic,1,16,64,62,1.5403837310150266,0.056187935173511505,0.8146377205848694
dynamic,1,17,64,56,1.3938410650007427,0.03877541422843933,0.8126013278961182
dynamic,1,18,64,68,1.6839175876230001,0.053548019379377365,0.7980711460113525
dynamic,1,19,64,74,1.8291871850378811,0.028933167457580566,0.8242482542991638
dynamic,2,0,64,62,1.9012857018969953,0.020633744075894356,0.79604572057724
dynamic,2,1,64,62,1.9641722827218473,0.04048003628849983,0.8338656425476074
dynamic,2,2,64,62,1.9616702166385949,0.04520589858293533,0.8326420187950134
dynamic,2,3,64,62,1.9009317429736257,0.04183546453714371,0.8151553273200989
dynamic,2,4,64,74,2.2975296238437295,0.030527878552675247,0.8306598663330078
dynamic,2,5,64,62,1.9491791520267725,0.036714859306812286,0.8119967579841614
dynamic,2,6,64,62,1.9131258111447096,0.033817194402217865,0.8117684125900269
dynamic,2,7,64,62,1.9600553312338889,0.040663786232471466,0.8240038156509399
dynamic,2,8,64,56,1.7248147241771221,0.030822157859802246,0.8237868547439575
dynamic,2,9,64,56,1.779341563116759,0.059540607035160065,0.830051839351654
dynamic,2,10,64,56,1.7249490120448172,0.04949827864766121,0.8240070343017578
dynamic,2,11,64,62,1.9589196108281612,0.030237989500164986,0.8229124546051025
dynamic,2,12,64,56,1.7545102848671377,0.04232165589928627,0.8271138668060303
dynamic,2,13,64,56,1.7585112447850406,0.08251416683197021,0.8284031748771667
dynamic,2,14,64,56,1.7854557489044964,0.008427705615758896,0.8462256193161011
dynamic,2,15,64,68,2.0736554791219532,0.046984657645225525,0.8154873847961426
dynamic,2,16,64,56,1.7798344078473747,0.024155093356966972,0.8075857758522034
dynamic,2,17,64,56,1.72528466116637,0.02618015743792057,0.8298436403274536
dynamic,2,18,64,62,1.9590227762237191,0.05535949021577835,0.843178391456604
dynamic,2,19,64,56,1.7713746600784361,0.08715324103832245,0.8170894384384155
dynamic,3,0,64,56,1.4018049500882626,0.07770788669586182,0.8195353746414185
dynamic,3,1,64,68,1.6949280579574406,0.06002850830554962,0.805062472820282
dynamic,3,2,64,68,1.6943341423757374,0.055291879922151566,0.8072673678398132
dynamic,3,3,64,56,1.4026154577732086,0.0566442497074604,0.818025529384613
dynamic,3,4,64,62,1.5476733627729118,0.06268741935491562,0.8110108375549316
dynamic,3,5,64,62,1.5479636709205806,0.08683986961841583,0.8403466939926147
dynamic,3,6,64,62,1.5487640788778663,0.03761661797761917,0.8026505708694458
dynamic,3,7,64,56,1.4022406856529415,0.04978054761886597,0.797771155834198
dynamic,3,8,64,68,1.694790470879525,0.09929150342941284,0.818306028842926
dynamic,3,9,64,62,1.5485797030851245,0.0026549920439720154,0.7989247441291809
dynamic,3,10,64,62,1.5490182666108012,0.022340945899486542,0.8516871929168701
dynamic,3,11,64,62,1.5479190237820148,0.03408179059624672,0.8187081217765808
dynamic,3,12,64,62,1.5487732402980328,0.04154128581285477,0.8142143487930298
dynamic,3,13,64,56,1.4017584738321602,0.03862615302205086,0.807640016078949
dynamic,3,14,64,62,1.5489874766208231,0.05954791605472565,0.8302069902420044
dynamic,3,15,64,74,1.8420256078243256,0.09117799252271652,0.8241581916809082
dynamic,3,16,64,56,1.4027210171334445,0.058087896555662155,0.8267536759376526
dynamic,3,17,64,56,1.402192945126444,0.021022293716669083,0.8336235284805298
dynamic,3,18,64,62,1.5481087788939476,0.08034427464008331,0.8113989233970642
dynamic,3,19,64,56,1.4023368400521576,0.0765681266784668,0.8078675270080566
