seed,setting_seed,D,output_rank,time,condition,velocity_mse,velocity_tangent_mse,velocity_normal_mse,native_target_mse,predicted_velocity_residual_energy,native_output_effective_rank,native_output_numerical_rank,native_output_variance_per_dim
20260823,1249500363,64,16,0.1,native_x,0.04511877242475748,0.04329628590494394,0.0018224864616058767,0.0004511877923505381,1.937383621931076,1.985317841076479,4,0.9753553207723871
20260823,1249500363,64,16,0.1,native_v,0.7866254895925522,0.04003862198442221,0.7465868443250656,0.7866254895925522,1.2137382924556732,2.8998081702833094,16,1.2025853892737635
20260823,1249500363,64,16,0.1,legacy_scalar_k0p9,0.28052252531051636,0.0408451221883297,0.23967740312218666,0.009088930441066623,1.3010421693325043,1.9912052948865202,16,0.7913900409603053
20260823,1249500363,64,16,0.1,centered_scalar_k0p9,0.28297925740480423,0.04247780703008175,0.24050144106149673,0.009168531047180295,1.2908890545368195,1.9904603308873343,16,0.7908611762584508
20260823,1249500363,64,16,0.1,fixed_operator_t050_n0p9,0.2714288532733917,0.03809591569006443,0.23333292827010155,0.017083968501538038,1.3565866649150848,2.017759002937968,16,0.24763422838162852
20260823,1249500363,64,16,0.1,kdiff_spectrum,0.04100242629647255,0.04040977358818054,0.0005926505837123841,0.030968230683356524,1.9270655512809753,1.8683149972572104,16,0.0007615013214619162
20260823,1249500363,64,16,0.1,subspace_velocity_raw_input,0.036273120902478695,0.036273120902478695,6.92345188341506e-13,0.036273120902478695,0.984559178352356,1.984854396970969,2,0.9847679634896649
20260823,1249500363,64,16,0.1,lmmse_residual_raw_input,0.036608620546758175,0.036608620546758175,6.98289082806669e-13,0.02966464404016733,0.0028750546043738723,1.9859002867556834,2,0.002277906159331311
20260823,1249500363,64,16,0.1,lmmse_residual_whitened_input,0.03984654322266579,0.03984654136002064,6.982262532907735e-13,0.032288383692502975,5.82919039970875e-06,1.1653216139522717,2,7.319432092883157e-07
20260823,1249500363,64,16,0.1,lmmse_residual_active_whitened_input,0.03984779957681894,0.03984779957681894,6.98746101127426e-13,0.03228940162807703,5.938295657870185e-06,1.158285655510355,2,6.569531958956979e-08
20260823,1249500363,64,16,0.1,lmmse_residual_projected_raw_input,0.035608784295618534,0.035608782432973385,6.976582262200812e-13,0.028854466043412685,0.003063567273784429,1.9980769050381284,2,0.002447861552788912
20260823,1249500363,64,16,0.1,lmmse_residual_projected_whitened_input,0.040019151754677296,0.040019151754677296,6.978736707442812e-13,0.03242825157940388,0.00022101988361100666,1.7993060722934573,2,0.00016937093474811852
20260823,1249500363,64,16,0.3,native_x,0.06371073797345161,0.06346702761948109,0.0002437071962049231,0.005733966710977256,1.9454337358474731,1.9796745911384848,5,0.9898507304722377
20260823,1249500363,64,16,0.3,native_v,0.8098461031913757,0.05865113623440266,0.7511949092149734,0.8098461031913757,1.217586487531662,2.8825189044581507,16,1.200974240072095
20260823,1249500363,64,16,0.3,legacy_scalar_k0p9,0.12287234514951706,0.05707534495741129,0.0657969992607832,0.014204042265191674,1.582843154668808,1.9888115923080394,16,0.8024615592999584
20260823,1249500363,64,16,0.3,centered_scalar_k0p9,0.12775715813040733,0.06192041654139757,0.06583674065768719,0.014768727822229266,1.576757699251175,1.9893466687277277,16,0.8003012688861451
20260823,1249500363,64,16,0.3,fixed_operator_t050_n0p9,0.11358184181153774,0.04795005824416876,0.06563178449869156,0.0195745462551713,1.5853199362754822,2.0076087792230184,16,0.2468832560345599
20260823,1249500363,64,16,0.3,kdiff_spectrum,0.06443869322538376,0.06436093337833881,7.775939047860447e-05,0.030442189890891314,1.9444094598293304,1.9384800655346248,16,0.0006590527142454653
20260823,1249500363,64,16,0.3,subspace_velocity_raw_input,0.039181651547551155,0.039181651547551155,8.223609273205149e-14,0.039181651547551155,1.0109483897686005,1.977154511990508,2,1.010620146299453
20260823,1249500363,64,16,0.3,lmmse_residual_raw_input,0.03968106955289841,0.03968106955289841,8.197806786159299e-14,0.019557418767362833,0.024164265487343073,1.9950457283411738,2,0.011708765823279177
20260823,1249500363,64,16,0.3,lmmse_residual_whitened_input,0.06409020535647869,0.06409020535647869,8.182013348637975e-14,0.03158776368945837,7.986370292201173e-06,1.1739903411009571,2,7.391248167416599e-07
20260823,1249500363,64,16,0.3,lmmse_residual_active_whitened_input,0.06408743187785149,0.06408743001520634,8.201859330592143e-14,0.031586398370563984,7.993103281478398e-06,1.2425925293988058,2,1.6675496784543457e-07
20260823,1249500363,64,16,0.3,lmmse_residual_projected_raw_input,0.03788044676184654,0.03788044769316912,8.199034645119639e-14,0.018669920042157173,0.025302266236394644,1.9995526654173983,2,0.012446723470193898
20260823,1249500363,64,16,0.3,lmmse_residual_projected_whitened_input,0.04001026041805744,0.04001025948673487,8.221435109036137e-14,0.019719451665878296,0.021267842035740614,1.999818402938383,2,0.010432234163322115
20260823,1249500363,64,16,0.5,native_x,0.12134782411158085,0.12123098596930504,0.00011683686170727015,0.030336956027895212,1.8876037001609802,1.9715968187037662,7,0.9608509604176307
20260823,1249500363,64,16,0.5,native_v,0.8686015605926514,0.1144906971603632,0.7541108578443527,0.8686015605926514,1.185070961713791,2.966752039111606,16,1.1700107050428517
20260823,1249500363,64,16,0.5,legacy_scalar_k0p9,0.14307117462158203,0.11244318820536137,0.030627985019236803,0.03576779458671808,1.6562611162662506,1.980174589921779,16,0.7898984948256703
20260823,1249500363,64,16,0.5,centered_scalar_k0p9,0.14889520034193993,0.11830147169530392,0.03059372864663601,0.03722379822283983,1.6514122188091278,1.9806460507590091,16,0.7880296246325529
20260823,1249500363,64,16,0.5,fixed_operator_t050_n0p9,0.12167226523160934,0.09108677506446838,0.030585484113544226,0.03041806537657976,1.6701714992523193,2.0032135057467193,16,0.24160903822708668
20260823,1249500363,64,16,0.5,kdiff_spectrum,0.12179173529148102,0.12176414020359516,2.75912520919519e-05,0.030447934288531542,1.8842949569225311,1.7917731790902378,16,0.0004258932315793975
20260823,1249500363,64,16,0.5,subspace_velocity_raw_input,0.07816958241164684,0.07816958241164684,4.033099182176652e-14,0.07816958427429199,0.9792765378952026,1.971730009431838,2,0.9792415138155257
20260823,1249500363,64,16,0.5,lmmse_residual_raw_input,0.07757464610040188,0.07757464610040188,4.024765394415207e-14,0.020011624321341515,0.046923558227717876,1.9945283315241014,2,0.012035125436056605
20260823,1249500363,64,16,0.5,lmmse_residual_whitened_input,0.12294791452586651,0.12294791452586651,3.961112477791646e-14,0.031720382161438465,1.3093943607600522e-05,1.1687656507996835,2,7.675497056404211e-07
20260823,1249500363,64,16,0.5,lmmse_residual_active_whitened_input,0.12294967286288738,0.12294967100024223,3.958880207162452e-14,0.03172082779929042,1.2174007679277565e-05,1.2397983380803885,2,3.7310698288363096e-07
20260823,1249500363,64,16,0.5,lmmse_residual_projected_raw_input,0.07466282695531845,0.0746628250926733,4.036459615988294e-14,0.019261290319263935,0.04821912758052349,1.9990475700496309,2,0.01241714092869994
20260823,1249500363,64,16,0.5,lmmse_residual_projected_whitened_input,0.07628913037478924,0.07628912478685379,4.014176296728402e-14,0.019680549390614033,0.04622265510261059,1.990071447473063,2,0.01189408290927814
20260823,1249500363,64,16,0.7,native_x,0.28698666393756866,0.2869078516960144,7.880124758230522e-05,0.14062345772981644,1.7351393401622772,1.9760025778958168,12,0.8689573956626642
20260823,1249500363,64,16,0.7,native_v,1.0304855108261108,0.281636580824852,0.74884894490242,1.0304855108261108,0.9961621016263962,3.1464112103318698,16,0.9842118028558299
20260823,1249500363,64,16,0.7,legacy_scalar_k0p9,0.3021380305290222,0.2845168188214302,0.017621210776269436,0.13161131739616394,1.530432939529419,1.984704619253591,16,0.6930285885177414
20260823,1249500363,64,16,0.7,centered_scalar_k0p9,0.30193106830120087,0.28443295508623123,0.017498095519840717,0.13152116537094116,1.5272255539894104,1.9817263500289661,16,0.6943001012528518
20260823,1249500363,64,16,0.7,fixed_operator_t050_n0p9,0.2944951802492142,0.27705882489681244,0.017436356283724308,0.0768599845468998,1.5497799217700958,2.006618587750874,16,0.1978429112664407
20260823,1249500363,64,16,0.7,kdiff_spectrum,0.29023799300193787,0.29019856452941895,3.941724389733281e-05,0.028330425266176462,1.7130673825740814,2.000537837247521,16,0.001781128624781295
20260823,1249500363,64,16,0.7,subspace_velocity_raw_input,0.27385658025741577,0.2738565728068352,3.2458405876804354e-14,0.27385658025741577,0.7684053629636765,1.954166150731843,2,0.7685287477379056
20260823,1249500363,64,16,0.7,lmmse_residual_raw_input,0.27429697662591934,0.27429697662591934,3.2504809729786734e-14,0.028967001475393772,0.022907142993062735,1.9516297942965826,2,0.0024167673876500503
20260823,1249500363,64,16,0.7,lmmse_residual_whitened_input,0.2983486279845238,0.2983486205339432,3.210841101596593e-14,0.03150914143770933,2.286764402015251e-05,1.1735427921758927,2,7.072209901770548e-07
20260823,1249500363,64,16,0.7,lmmse_residual_active_whitened_input,0.29835137724876404,0.29835136234760284,3.214246597561029e-14,0.03150940500199795,2.604832116048783e-05,1.2585721180149518,2,6.189324907220171e-07
20260823,1249500363,64,16,0.7,lmmse_residual_projected_raw_input,0.27254484593868256,0.27254484593868256,3.2629925813458614e-14,0.0287822806276381,0.024055452551692724,1.938464146974875,2,0.0025420292301170343
20260823,1249500363,64,16,0.7,lmmse_residual_projected_whitened_input,0.2736331969499588,0.2736331894993782,3.2601656088844e-14,0.028897321317344904,0.026695528533309698,1.95445483454293,2,0.002809986565156895
20260823,1249500363,64,16,0.9,native_x,0.8900627493858337,0.8900202512741089,4.2476626731513534e-05,0.7209507673978806,1.1150238513946533,1.9616064019781256,15,0.2712879611848717
20260823,1249500363,64,16,0.9,native_v,1.6394301652908325,0.8905075192451477,0.7489225715398788,1.6394301652908325,0.40619228035211563,8.032909587368518,16,0.3882112801593123
20260823,1249500363,64,16,0.9,legacy_scalar_k0p9,0.9028913974761963,0.8911940455436707,0.011697352165356278,0.6071041226387024,1.0024707317352295,1.989817109426682,16,0.24729635510108078
20260823,1249500363,64,16,0.9,centered_scalar_k0p9,0.9018923938274384,0.8902983963489532,0.011593990726396441,0.6064323782920837,0.9909651875495911,1.9895945659021015,16,0.23715711999593134
20260823,1249500363,64,16,0.9,fixed_operator_t050_n0p9,0.9023425877094269,0.8910436630249023,0.011298917001113296,0.2303583174943924,0.9541517794132233,2.0710730546155256,16,0.037178197243916314
20260823,1249500363,64,16,0.9,kdiff_spectrum,0.8989482074975967,0.8988056480884552,0.00014254704728955403,0.014062123373150826,1.1467379033565521,2.00678361537327,16,0.017399280836766878
20260823,1249500363,64,16,0.9,subspace_velocity_raw_input,0.8928538709878922,0.8928538411855698,2.6063652290960393e-14,0.8928538411855698,0.16518694534897804,1.7653992658881852,2,0.16391833217664192
20260823,1249500363,64,16,0.9,lmmse_residual_raw_input,0.8891638219356537,0.8891638219356537,2.6303319839869523e-14,0.03169169556349516,0.004722766578197479,1.9690964420730641,2,0.0001571881419023835
20260823,1249500363,64,16,0.9,lmmse_residual_whitened_input,0.8897701948881149,0.8897701650857925,2.6326221069664438e-14,0.031715834978967905,0.0001289564315811731,1.1607124755367686,2,7.596032803728067e-07
20260823,1249500363,64,16,0.9,lmmse_residual_active_whitened_input,0.8898023068904877,0.8898023068904877,2.6236892975047e-14,0.031717083882540464,0.000139317249704618,1.2235921233467324,2,1.0199275519705582e-06
20260823,1249500363,64,16,0.9,lmmse_residual_projected_raw_input,0.888266921043396,0.8882668912410736,2.6523337494951775e-14,0.031660192646086216,0.0036973938695155084,1.9481732982476045,2,0.00012060795928147902
20260823,1249500363,64,16,0.9,lmmse_residual_projected_whitened_input,0.888404905796051,0.8884048908948898,2.633241796270655e-14,0.03166516404598951,0.005334297777153552,1.8685149079090222,2,0.0001869172901027273
