D,curvature,hidden,loss_space,seeds,mean_x_swd,mean_v_swd,mean_v_over_x_swd,x_better_swd_seed_fraction,mean_v_minus_x_mmd,x_better_mmd_seed_fraction,mean_x_manifold_rms,mean_v_manifold_rms,mean_v_over_x_manifold_rms
16,0.0,256,v,4,0.07082305183762652,0.05872795037323258,0.8314939123225165,0.0,-0.0004281401634216067,0.0,0.0007865683874115001,0.00379237509332595,4.879537552793334
512,0.5,64,v,4,0.06109354840600475,0.04681124112941808,0.7668820693296309,0.0,0.0002764761447906107,1.0,0.0735074486583471,0.9758436977863312,13.47626392667195
512,0.5,96,v,4,0.05367825176852415,0.043680227675342805,0.8148087033676485,0.25,1.5199184417715814e-05,0.5,0.0383664388209581,0.9703038185834885,26.67690520707468
512,0.5,128,v,4,0.046742809750037174,0.05442106432270418,1.2188117864778345,0.75,0.000654518604278575,1.0,0.0244108620099723,0.9619964212179184,39.98561058632416
512,0.5,160,v,4,0.04521584251600455,0.06170885029332475,1.4315609637407833,0.75,0.0009397268295288126,1.0,0.019073553383350324,0.9493721276521683,51.57820008440981
512,0.5,192,v,4,0.03456424369576815,0.041898901501676626,1.2079290820529054,0.75,0.00028195977210994415,1.0,0.013856364646926451,0.9347699284553528,69.06095228536967
512,0.5,224,v,4,0.028955953955602423,0.04419925110806292,1.5125110138189366,1.0,0.0006317794322966858,1.0,0.012319537578150574,0.9153397530317307,76.53401160754773
512,0.5,256,v,4,0.03140149914786095,0.05194432298486515,1.719906861998373,1.0,0.0009709596633910648,1.0,0.01107251853682095,0.8992335051298141,84.97205487155858
512,0.5,1024,v,4,0.040709959642084126,0.04954143968826513,1.2428503677931244,1.0,0.00037840008735655004,1.0,0.009198776795528775,0.4184355363249779,46.682487310011055
