sample_index,global_seed,class_slot,class_id,final_severity,blur_component_consensus,discrete_structure_component_consensus
0,250,0,207,clean_good,false,false
1,250,1,602,clean_good,false,false
2,250,2,795,clean_good,false,false
3,251,0,207,clean_good,false,false
4,251,1,602,clean_good,false,false
5,251,2,795,clean_good,false,false
6,252,0,207,clean_good,false,false
7,252,1,602,clean_good,false,false
8,252,2,795,clean_good,false,false
9,253,0,207,clean_good,false,false
10,253,1,602,clean_good,false,false
11,253,2,795,clean_good,false,false
12,254,0,207,clean_good,false,false
13,254,1,602,clean_good,false,false
14,254,2,795,clean_good,false,false
15,255,0,207,clean_good,false,false
16,255,1,602,clean_good,false,false
17,255,2,795,clean_good,false,false
18,256,0,207,clean_good,false,false
19,256,1,602,clean_good,false,false
20,256,2,795,clean_good,false,false
21,257,0,207,clean_good,false,false
22,257,1,602,clean_good,false,false
23,257,2,795,clean_good,false,false
24,258,0,207,clean_good,false,false
25,258,1,602,clean_good,false,false
26,258,2,795,clean_good,false,false
27,259,0,207,clean_good,false,false
28,259,1,602,clean_good,false,false
29,259,2,795,clean_good,false,false
30,260,0,207,clean_good,false,false
31,260,1,602,clean_good,false,false
32,260,2,795,clean_good,false,false
33,261,0,207,clean_good,false,false
34,261,1,602,clean_good,false,false
35,261,2,795,clean_good,false,false
36,262,0,207,clean_good,false,false
37,262,1,602,clean_good,false,false
38,262,2,795,clean_good,false,false
39,263,0,207,clean_good,false,false
40,263,1,602,clean_good,false,false
41,263,2,795,clean_good,false,false
42,264,0,207,clean_good,false,false
43,264,1,602,clean_good,false,false
44,264,2,795,clean_good,false,false
45,265,0,207,clean_good,false,false
46,265,1,602,clean_good,false,false
47,265,2,795,clean_good,false,false
48,266,0,207,clean_good,false,false
49,266,1,602,clean_good,false,false
50,266,2,795,clean_good,false,false
51,267,0,207,clean_good,false,false
52,267,1,602,clean_good,false,false
53,267,2,795,clean_good,false,false
54,268,0,207,clean_good,false,false
55,268,1,602,clean_good,false,false
56,268,2,795,clean_good,false,false
57,269,0,207,clean_good,false,false
58,269,1,602,clean_good,false,false
59,269,2,795,clean_good,false,false
60,270,0,207,clean_good,false,false
61,270,1,602,clean_good,false,false
62,270,2,795,clean_good,false,false
63,271,0,207,clean_good,false,false
64,271,1,602,clean_good,false,false
65,271,2,795,clean_good,false,false
66,272,0,207,clean_good,false,false
67,272,1,602,clean_good,false,false
68,272,2,795,clean_good,false,false
69,273,0,207,clean_good,false,false
70,273,1,602,clean_good,false,false
71,273,2,795,clean_good,false,false
72,274,0,207,clean_good,false,false
73,274,1,602,clean_good,false,false
74,274,2,795,clean_good,false,false
75,275,0,207,mild_or_disputed,true,false
76,275,1,602,clean_good,false,false
77,275,2,795,clean_good,false,false
78,276,0,207,clean_good,false,false
79,276,1,602,clean_good,false,false
80,276,2,795,clean_good,false,false
81,277,0,207,clean_good,false,false
82,277,1,602,clean_good,false,false
83,277,2,795,clean_good,false,false
84,278,0,207,mild_or_disputed,true,false
85,278,1,602,clean_good,false,false
86,278,2,795,clean_good,false,false
87,279,0,207,clean_good,false,false
88,279,1,602,clean_good,false,false
89,279,2,795,clean_good,false,false
90,280,0,207,clean_good,false,false
91,280,1,602,clean_good,false,false
92,280,2,795,clean_good,false,false
93,281,0,207,clean_good,false,false
94,281,1,602,clean_good,false,false
95,281,2,795,clean_good,false,false
96,282,0,207,clean_good,false,false
97,282,1,602,clean_good,false,false
98,282,2,795,clean_good,false,false
99,283,0,207,clean_good,false,false
100,283,1,602,clean_good,false,false
101,283,2,795,clean_good,false,false
102,284,0,207,clean_good,false,false
103,284,1,602,clean_good,false,false
104,284,2,795,clean_good,false,false
105,285,0,207,clean_good,false,false
106,285,1,602,clean_good,false,false
107,285,2,795,clean_good,false,false
108,286,0,207,clean_good,false,false
109,286,1,602,clean_good,false,false
110,286,2,795,clean_good,false,false
111,287,0,207,clean_good,false,false
112,287,1,602,clean_good,false,false
113,287,2,795,clean_good,false,false
114,288,0,207,clean_good,false,false
115,288,1,602,clean_good,false,false
116,288,2,795,clean_good,false,false
117,289,0,207,clean_good,false,false
118,289,1,602,clean_good,false,false
119,289,2,795,clean_good,false,false
120,290,0,207,clean_good,false,false
121,290,1,602,clean_good,false,false
122,290,2,795,clean_good,false,false
123,291,0,207,clean_good,false,false
124,291,1,602,clean_good,false,false
125,291,2,795,clean_good,false,false
126,292,0,207,clean_good,false,false
127,292,1,602,clean_good,false,false
128,292,2,795,clean_good,false,false
129,293,0,207,clean_good,false,false
130,293,1,602,clean_good,false,false
131,293,2,795,clean_good,false,false
132,294,0,207,mild_or_disputed,true,false
133,294,1,602,clean_good,false,false
134,294,2,795,clean_good,false,false
135,295,0,207,clean_good,false,false
136,295,1,602,clean_good,false,false
137,295,2,795,clean_good,false,false
138,296,0,207,clean_good,false,false
139,296,1,602,clean_good,false,false
140,296,2,795,clean_good,false,false
141,297,0,207,clean_good,false,false
142,297,1,602,clean_good,false,false
143,297,2,795,clean_good,false,false
144,298,0,207,clean_good,false,false
145,298,1,602,clean_good,false,false
146,298,2,795,clean_good,false,false
147,299,0,207,mild_or_disputed,true,false
148,299,1,602,clean_good,false,false
149,299,2,795,clean_good,false,false
150,300,0,207,clean_good,false,false
151,300,1,602,clean_good,false,false
152,300,2,795,clean_good,false,false
153,301,0,207,clean_good,false,false
154,301,1,602,clean_good,false,false
155,301,2,795,clean_good,false,false
156,302,0,207,clean_good,false,false
157,302,1,602,clean_good,false,false
158,302,2,795,clean_good,false,false
159,303,0,207,clean_good,false,false
160,303,1,602,clean_good,false,false
161,303,2,795,clean_good,false,false
162,304,0,207,clean_good,false,false
163,304,1,602,clean_good,false,false
164,304,2,795,clean_good,false,false
165,305,0,207,clean_good,false,false
166,305,1,602,clean_good,false,false
167,305,2,795,clean_good,false,false
168,306,0,207,clean_good,false,false
169,306,1,602,clean_good,false,false
170,306,2,795,clean_good,false,false
171,307,0,207,clean_good,false,false
172,307,1,602,clean_good,false,false
173,307,2,795,clean_good,false,false
174,308,0,207,clean_good,false,false
175,308,1,602,clean_good,false,false
176,308,2,795,clean_good,false,false
177,309,0,207,clean_good,false,false
178,309,1,602,clean_good,false,false
179,309,2,795,clean_good,false,false
180,310,0,207,clean_good,false,false
181,310,1,602,clean_good,false,false
182,310,2,795,clean_good,false,false
183,311,0,207,clean_good,false,false
184,311,1,602,clean_good,false,false
185,311,2,795,clean_good,false,false
186,312,0,207,clean_good,false,false
187,312,1,602,clean_good,false,false
188,312,2,795,clean_good,false,false
189,313,0,207,clean_good,false,false
190,313,1,602,clean_good,false,false
191,313,2,795,clean_good,false,false
192,314,0,207,clean_good,false,false
193,314,1,602,clean_good,false,false
194,314,2,795,clean_good,false,false
195,315,0,207,clean_good,false,false
196,315,1,602,clean_good,false,false
197,315,2,795,clean_good,false,false
198,316,0,207,clean_good,false,false
199,316,1,602,clean_good,false,false
200,316,2,795,clean_good,false,false
201,317,0,207,mild_or_disputed,true,false
202,317,1,602,clean_good,false,false
203,317,2,795,clean_good,false,false
204,318,0,207,clean_good,false,false
205,318,1,602,clean_good,false,false
206,318,2,795,clean_good,false,false
207,319,0,207,clean_good,false,false
208,319,1,602,clean_good,false,false
209,319,2,795,clean_good,false,false
210,320,0,207,clean_good,false,false
211,320,1,602,clean_good,false,false
212,320,2,795,clean_good,false,false
213,321,0,207,clean_good,false,false
214,321,1,602,clean_good,false,false
215,321,2,795,clean_good,false,false
216,322,0,207,mild_or_disputed,true,false
217,322,1,602,clean_good,false,false
218,322,2,795,clean_good,false,false
219,323,0,207,clean_good,false,false
220,323,1,602,clean_good,false,false
221,323,2,795,clean_good,false,false
222,324,0,207,clean_good,false,false
223,324,1,602,clean_good,false,false
224,324,2,795,clean_good,false,false
225,325,0,207,clean_good,false,false
226,325,1,602,clean_good,false,false
227,325,2,795,clean_good,false,false
228,326,0,207,clean_good,false,false
229,326,1,602,clean_good,false,false
230,326,2,795,clean_good,false,false
231,327,0,207,clean_good,false,false
232,327,1,602,clean_good,false,false
233,327,2,795,clean_good,false,false
234,328,0,207,clean_good,false,false
235,328,1,602,clean_good,false,false
236,328,2,795,clean_good,false,false
237,329,0,207,clean_good,false,false
238,329,1,602,clean_good,false,false
239,329,2,795,clean_good,false,false
240,330,0,207,mild_or_disputed,true,false
241,330,1,602,clean_good,false,false
242,330,2,795,clean_good,false,false
243,331,0,207,clean_good,false,false
244,331,1,602,clean_good,false,false
245,331,2,795,clean_good,false,false
246,332,0,207,clean_good,false,false
247,332,1,602,clean_good,false,false
248,332,2,795,clean_good,false,false
249,333,0,207,mild_or_disputed,false,false
250,333,1,602,clean_good,false,false
251,333,2,795,clean_good,false,false
252,334,0,207,clean_good,false,false
253,334,1,602,clean_good,false,false
254,334,2,795,clean_good,false,false
255,335,0,207,mild_or_disputed,true,false
256,335,1,602,clean_good,false,false
257,335,2,795,clean_good,false,false
258,336,0,207,clean_good,false,false
259,336,1,602,clean_good,false,false
260,336,2,795,clean_good,false,false
261,337,0,207,clean_good,false,false
262,337,1,602,clean_good,false,false
263,337,2,795,clean_good,false,false
264,338,0,207,clean_good,false,false
265,338,1,602,clean_good,false,false
266,338,2,795,clean_good,false,false
267,339,0,207,clean_good,false,false
268,339,1,602,clean_good,false,false
269,339,2,795,clean_good,false,false
270,340,0,207,clean_good,false,false
271,340,1,602,clean_good,false,false
272,340,2,795,clean_good,false,false
273,341,0,207,clean_good,false,false
274,341,1,602,clean_good,false,false
275,341,2,795,clean_good,false,false
276,342,0,207,clean_good,false,false
277,342,1,602,clean_good,false,false
278,342,2,795,clean_good,false,false
279,343,0,207,clean_good,false,false
280,343,1,602,clean_good,false,false
281,343,2,795,clean_good,false,false
282,344,0,207,clean_good,false,false
283,344,1,602,clean_good,false,false
284,344,2,795,clean_good,false,false
285,345,0,207,clean_good,false,false
286,345,1,602,clean_good,false,false
287,345,2,795,clean_good,false,false
288,346,0,207,clean_good,false,false
289,346,1,602,clean_good,false,false
290,346,2,795,clean_good,false,false
291,347,0,207,clean_good,false,false
292,347,1,602,clean_good,false,false
293,347,2,795,clean_good,false,false
294,348,0,207,clean_good,false,false
295,348,1,602,clean_good,false,false
296,348,2,795,clean_good,false,false
297,349,0,207,clean_good,false,false
298,349,1,602,clean_good,false,false
299,349,2,795,clean_good,false,false
300,350,0,207,clean_good,false,false
301,350,1,602,clean_good,false,false
302,350,2,795,clean_good,false,false
303,351,0,207,clean_good,false,false
304,351,1,602,clean_good,false,false
305,351,2,795,clean_good,false,false
306,352,0,207,clean_good,false,false
307,352,1,602,clean_good,false,false
308,352,2,795,clean_good,false,false
309,353,0,207,clean_good,false,false
310,353,1,602,clean_good,false,false
311,353,2,795,clean_good,false,false
312,354,0,207,clean_good,false,false
313,354,1,602,clean_good,false,false
314,354,2,795,clean_good,false,false
315,355,0,207,clean_good,false,false
316,355,1,602,clean_good,false,false
317,355,2,795,clean_good,false,false
318,356,0,207,clean_good,false,false
319,356,1,602,clean_good,false,false
320,356,2,795,clean_good,false,false
321,357,0,207,clean_good,false,false
322,357,1,602,clean_good,false,false
323,357,2,795,clean_good,false,false
324,358,0,207,clean_good,false,false
325,358,1,602,clean_good,false,false
326,358,2,795,clean_good,false,false
327,359,0,207,clean_good,false,false
328,359,1,602,clean_good,false,false
329,359,2,795,clean_good,false,false
330,360,0,207,clean_good,false,false
331,360,1,602,clean_good,false,false
332,360,2,795,clean_good,false,false
333,361,0,207,clean_good,false,false
334,361,1,602,clean_good,false,false
335,361,2,795,clean_good,false,false
336,362,0,207,clean_good,false,false
337,362,1,602,clean_good,false,false
338,362,2,795,clean_good,false,false
339,363,0,207,clean_good,false,false
340,363,1,602,clean_good,false,false
341,363,2,795,clean_good,false,false
342,364,0,207,clean_good,false,false
343,364,1,602,clean_good,false,false
344,364,2,795,clean_good,false,false
345,365,0,207,clean_good,false,false
346,365,1,602,clean_good,false,false
347,365,2,795,clean_good,false,false
348,366,0,207,clean_good,false,false
349,366,1,602,clean_good,false,false
350,366,2,795,clean_good,false,false
351,367,0,207,clean_good,false,false
352,367,1,602,clean_good,false,false
353,367,2,795,clean_good,false,false
354,368,0,207,clean_good,false,false
355,368,1,602,clean_good,false,false
356,368,2,795,clean_good,false,false
357,369,0,207,clean_good,false,false
358,369,1,602,clean_good,false,false
359,369,2,795,clean_good,false,false
360,370,0,207,clean_good,false,false
361,370,1,602,clean_good,false,false
362,370,2,795,clean_good,false,false
363,371,0,207,clean_good,false,false
364,371,1,602,clean_good,false,false
365,371,2,795,clean_good,false,false
366,372,0,207,clean_good,false,false
367,372,1,602,clean_good,false,false
368,372,2,795,clean_good,false,false
369,373,0,207,clean_good,false,false
370,373,1,602,clean_good,false,false
371,373,2,795,clean_good,false,false
372,374,0,207,clean_good,false,false
373,374,1,602,clean_good,false,false
374,374,2,795,clean_good,false,false
375,375,0,207,mild_or_disputed,true,false
376,375,1,602,clean_good,false,false
377,375,2,795,clean_good,false,false
378,376,0,207,clean_good,false,false
379,376,1,602,clean_good,false,false
380,376,2,795,clean_good,false,false
381,377,0,207,clean_good,false,false
382,377,1,602,clean_good,false,false
383,377,2,795,clean_good,false,false
384,378,0,207,clean_good,false,false
385,378,1,602,clean_good,false,false
386,378,2,795,clean_good,false,false
387,379,0,207,clean_good,false,false
388,379,1,602,clean_good,false,false
389,379,2,795,clean_good,false,false
390,380,0,207,clean_good,false,false
391,380,1,602,clean_good,false,false
392,380,2,795,clean_good,false,false
393,381,0,207,clean_good,false,false
394,381,1,602,clean_good,false,false
395,381,2,795,clean_good,false,false
396,382,0,207,clean_good,false,false
397,382,1,602,clean_good,false,false
398,382,2,795,clean_good,false,false
399,383,0,207,mild_or_disputed,true,true
400,383,1,602,clean_good,false,false
401,383,2,795,clean_good,false,false
402,384,0,207,clean_good,false,false
403,384,1,602,clean_good,false,false
404,384,2,795,clean_good,false,false
405,385,0,207,clean_good,false,false
406,385,1,602,clean_good,false,false
407,385,2,795,clean_good,false,false
408,386,0,207,clean_good,false,false
409,386,1,602,clean_good,false,false
410,386,2,795,clean_good,false,false
411,387,0,207,clean_good,false,false
412,387,1,602,clean_good,false,false
413,387,2,795,clean_good,false,false
414,388,0,207,clean_good,false,false
415,388,1,602,clean_good,false,false
416,388,2,795,clean_good,false,false
417,389,0,207,clean_good,false,false
418,389,1,602,clean_good,false,false
419,389,2,795,clean_good,false,false
420,390,0,207,clean_good,false,false
421,390,1,602,clean_good,false,false
422,390,2,795,clean_good,false,false
423,391,0,207,clean_good,false,false
424,391,1,602,clean_good,false,false
425,391,2,795,clean_good,false,false
426,392,0,207,clean_good,false,false
427,392,1,602,clean_good,false,false
428,392,2,795,clean_good,false,false
429,393,0,207,clean_good,false,false
430,393,1,602,clean_good,false,false
431,393,2,795,clean_good,false,false
432,394,0,207,clean_good,false,false
433,394,1,602,clean_good,false,false
434,394,2,795,clean_good,false,false
435,395,0,207,clean_good,false,false
436,395,1,602,clean_good,false,false
437,395,2,795,clean_good,false,false
438,396,0,207,clean_good,false,false
439,396,1,602,clean_good,false,false
440,396,2,795,clean_good,false,false
441,397,0,207,clean_good,false,false
442,397,1,602,clean_good,false,false
443,397,2,795,clean_good,false,false
444,398,0,207,clean_good,false,false
445,398,1,602,clean_good,false,false
446,398,2,795,clean_good,false,false
447,399,0,207,clean_good,false,false
448,399,1,602,clean_good,false,false
449,399,2,795,clean_good,false,false
450,400,0,207,clean_good,false,false
451,400,1,602,clean_good,false,false
452,400,2,795,clean_good,false,false
453,401,0,207,clean_good,false,false
454,401,1,602,clean_good,false,false
455,401,2,795,clean_good,false,false
456,402,0,207,clean_good,false,false
457,402,1,602,clean_good,false,false
458,402,2,795,clean_good,false,false
459,403,0,207,clean_good,false,false
460,403,1,602,clean_good,false,false
461,403,2,795,clean_good,false,false
462,404,0,207,clean_good,false,false
463,404,1,602,clean_good,false,false
464,404,2,795,clean_good,false,false
465,405,0,207,clean_good,false,false
466,405,1,602,clean_good,false,false
467,405,2,795,clean_good,false,false
468,406,0,207,clean_good,false,false
469,406,1,602,clean_good,false,false
470,406,2,795,clean_good,false,false
471,407,0,207,clean_good,false,false
472,407,1,602,clean_good,false,false
473,407,2,795,clean_good,false,false
474,408,0,207,clean_good,false,false
475,408,1,602,clean_good,false,false
476,408,2,795,clean_good,false,false
477,409,0,207,clean_good,false,false
478,409,1,602,clean_good,false,false
479,409,2,795,clean_good,false,false
480,410,0,207,clean_good,false,false
481,410,1,602,clean_good,false,false
482,410,2,795,clean_good,false,false
483,411,0,207,clean_good,false,false
484,411,1,602,clean_good,false,false
485,411,2,795,clean_good,false,false
486,412,0,207,clean_good,false,false
487,412,1,602,clean_good,false,false
488,412,2,795,clean_good,false,false
489,413,0,207,clean_good,false,false
490,413,1,602,clean_good,false,false
491,413,2,795,clean_good,false,false
492,414,0,207,mild_or_disputed,true,false
493,414,1,602,clean_good,false,false
494,414,2,795,clean_good,false,false
495,415,0,207,clean_good,false,false
496,415,1,602,clean_good,false,false
497,415,2,795,clean_good,false,false
498,416,0,207,clean_good,false,false
499,416,1,602,clean_good,false,false
500,416,2,795,clean_good,false,false
501,417,0,207,mild_or_disputed,false,false
502,417,1,602,clean_good,false,false
503,417,2,795,clean_good,false,false
504,418,0,207,clean_good,false,false
505,418,1,602,clean_good,false,false
506,418,2,795,clean_good,false,false
507,419,0,207,clean_good,false,false
508,419,1,602,clean_good,false,false
509,419,2,795,clean_good,false,false
510,420,0,207,clean_good,false,false
511,420,1,602,clean_good,false,false
512,420,2,795,clean_good,false,false
513,421,0,207,clean_good,false,false
514,421,1,602,clean_good,false,false
515,421,2,795,clean_good,false,false
516,422,0,207,clean_good,false,false
517,422,1,602,clean_good,false,false
518,422,2,795,clean_good,false,false
519,423,0,207,clean_good,false,false
520,423,1,602,clean_good,false,false
521,423,2,795,clean_good,false,false
522,424,0,207,clean_good,false,false
523,424,1,602,clean_good,false,false
524,424,2,795,clean_good,false,false
525,425,0,207,clean_good,false,false
526,425,1,602,clean_good,false,false
527,425,2,795,clean_good,false,false
528,426,0,207,clean_good,false,false
529,426,1,602,clean_good,false,false
530,426,2,795,clean_good,false,false
531,427,0,207,clean_good,false,false
532,427,1,602,clean_good,false,false
533,427,2,795,clean_good,false,false
534,428,0,207,clean_good,false,false
535,428,1,602,clean_good,false,false
536,428,2,795,clean_good,false,false
537,429,0,207,clean_good,false,false
538,429,1,602,clean_good,false,false
539,429,2,795,clean_good,false,false
540,430,0,207,clean_good,false,false
541,430,1,602,clean_good,false,false
542,430,2,795,clean_good,false,false
543,431,0,207,clean_good,false,false
544,431,1,602,clean_good,false,false
545,431,2,795,clean_good,false,false
546,432,0,207,clean_good,false,false
547,432,1,602,clean_good,false,false
548,432,2,795,clean_good,false,false
549,433,0,207,clean_good,false,false
550,433,1,602,clean_good,false,false
551,433,2,795,clean_good,false,false
552,434,0,207,clean_good,false,false
553,434,1,602,clean_good,false,false
554,434,2,795,clean_good,false,false
555,435,0,207,clean_good,false,false
556,435,1,602,clean_good,false,false
557,435,2,795,clean_good,false,false
558,436,0,207,clean_good,false,false
559,436,1,602,clean_good,false,false
560,436,2,795,clean_good,false,false
561,437,0,207,clean_good,false,false
562,437,1,602,clean_good,false,false
563,437,2,795,clean_good,false,false
564,438,0,207,clean_good,false,false
565,438,1,602,clean_good,false,false
566,438,2,795,clean_good,false,false
567,439,0,207,clean_good,false,false
568,439,1,602,clean_good,false,false
569,439,2,795,clean_good,false,false
570,440,0,207,clean_good,false,false
571,440,1,602,clean_good,false,false
572,440,2,795,clean_good,false,false
573,441,0,207,clean_good,false,false
574,441,1,602,clean_good,false,false
575,441,2,795,clean_good,false,false
576,442,0,207,clean_good,false,false
577,442,1,602,clean_good,false,false
578,442,2,795,clean_good,false,false
579,443,0,207,clean_good,false,false
580,443,1,602,clean_good,false,false
581,443,2,795,clean_good,false,false
582,444,0,207,clean_good,false,false
583,444,1,602,clean_good,false,false
584,444,2,795,clean_good,false,false
585,445,0,207,clean_good,false,false
586,445,1,602,clean_good,false,false
587,445,2,795,clean_good,false,false
588,446,0,207,clean_good,false,false
589,446,1,602,clean_good,false,false
590,446,2,795,clean_good,false,false
591,447,0,207,clean_good,false,false
592,447,1,602,clean_good,false,false
593,447,2,795,clean_good,false,false
594,448,0,207,clean_good,false,false
595,448,1,602,clean_good,false,false
596,448,2,795,clean_good,false,false
597,449,0,207,clean_good,false,false
598,449,1,602,clean_good,false,false
599,449,2,795,clean_good,false,false
600,450,0,207,clean_good,false,false
601,450,1,602,clean_good,false,false
602,450,2,795,clean_good,false,false
603,451,0,207,clean_good,false,false
604,451,1,602,clean_good,false,false
605,451,2,795,clean_good,false,false
606,452,0,207,clean_good,false,false
607,452,1,602,clean_good,false,false
608,452,2,795,clean_good,false,false
609,453,0,207,clean_good,false,false
610,453,1,602,clean_good,false,false
611,453,2,795,clean_good,false,false
612,454,0,207,clean_good,false,false
613,454,1,602,clean_good,false,false
614,454,2,795,clean_good,false,false
615,455,0,207,clean_good,false,false
616,455,1,602,clean_good,false,false
617,455,2,795,clean_good,false,false
618,456,0,207,clean_good,false,false
619,456,1,602,clean_good,false,false
620,456,2,795,clean_good,false,false
621,457,0,207,clean_good,false,false
622,457,1,602,clean_good,false,false
623,457,2,795,clean_good,false,false
624,458,0,207,clean_good,false,false
625,458,1,602,clean_good,false,false
626,458,2,795,clean_good,false,false
627,459,0,207,clean_good,false,false
628,459,1,602,clean_good,false,false
629,459,2,795,clean_good,false,false
630,460,0,207,clean_good,false,false
631,460,1,602,clean_good,false,false
632,460,2,795,clean_good,false,false
633,461,0,207,clean_good,false,false
634,461,1,602,clean_good,false,false
635,461,2,795,clean_good,false,false
636,462,0,207,clean_good,false,false
637,462,1,602,clean_good,false,false
638,462,2,795,clean_good,false,false
639,463,0,207,clean_good,false,false
640,463,1,602,clean_good,false,false
641,463,2,795,clean_good,false,false
642,464,0,207,clean_good,false,false
643,464,1,602,clean_good,false,false
644,464,2,795,clean_good,false,false
645,465,0,207,clean_good,false,false
646,465,1,602,clean_good,false,false
647,465,2,795,clean_good,false,false
648,466,0,207,clean_good,false,false
649,466,1,602,clean_good,false,false
650,466,2,795,clean_good,false,false
651,467,0,207,clean_good,false,false
652,467,1,602,clean_good,false,false
653,467,2,795,clean_good,false,false
654,468,0,207,clean_good,false,false
655,468,1,602,clean_good,false,false
656,468,2,795,clean_good,false,false
657,469,0,207,clean_good,false,false
658,469,1,602,clean_good,false,false
659,469,2,795,clean_good,false,false
660,470,0,207,clean_good,false,false
661,470,1,602,clean_good,false,false
662,470,2,795,clean_good,false,false
663,471,0,207,clean_good,false,false
664,471,1,602,clean_good,false,false
665,471,2,795,clean_good,false,false
666,472,0,207,clean_good,false,false
667,472,1,602,clean_good,false,false
668,472,2,795,clean_good,false,false
669,473,0,207,clean_good,false,false
670,473,1,602,clean_good,false,false
671,473,2,795,clean_good,false,false
672,474,0,207,clean_good,false,false
673,474,1,602,clean_good,false,false
674,474,2,795,clean_good,false,false
675,475,0,207,clean_good,false,false
676,475,1,602,clean_good,false,false
677,475,2,795,clean_good,false,false
678,476,0,207,clean_good,false,false
679,476,1,602,clean_good,false,false
680,476,2,795,clean_good,false,false
681,477,0,207,clean_good,false,false
682,477,1,602,clean_good,false,false
683,477,2,795,clean_good,false,false
684,478,0,207,clean_good,false,false
685,478,1,602,clean_good,false,false
686,478,2,795,clean_good,false,false
687,479,0,207,clean_good,false,false
688,479,1,602,clean_good,false,false
689,479,2,795,clean_good,false,false
690,480,0,207,clean_good,false,false
691,480,1,602,clean_good,false,false
692,480,2,795,clean_good,false,false
693,481,0,207,clean_good,false,false
694,481,1,602,clean_good,false,false
695,481,2,795,clean_good,false,false
696,482,0,207,clean_good,false,false
697,482,1,602,clean_good,false,false
698,482,2,795,clean_good,false,false
699,483,0,207,clean_good,false,false
700,483,1,602,clean_good,false,false
701,483,2,795,clean_good,false,false
702,484,0,207,clean_good,false,false
703,484,1,602,clean_good,false,false
704,484,2,795,clean_good,false,false
705,485,0,207,clean_good,false,false
706,485,1,602,clean_good,false,false
707,485,2,795,clean_good,false,false
708,486,0,207,clean_good,false,false
709,486,1,602,clean_good,false,false
710,486,2,795,clean_good,false,false
711,487,0,207,clean_good,false,false
712,487,1,602,clean_good,false,false
713,487,2,795,clean_good,false,false
714,488,0,207,clean_good,false,false
715,488,1,602,clear_bad,false,true
716,488,2,795,clean_good,false,false
717,489,0,207,clean_good,false,false
718,489,1,602,clean_good,false,false
719,489,2,795,clean_good,false,false
720,490,0,207,clean_good,false,false
721,490,1,602,clean_good,false,false
722,490,2,795,clean_good,false,false
723,491,0,207,clean_good,false,false
724,491,1,602,clean_good,false,false
725,491,2,795,clean_good,false,false
726,492,0,207,clean_good,false,false
727,492,1,602,clean_good,false,false
728,492,2,795,clean_good,false,false
729,493,0,207,clean_good,false,false
730,493,1,602,clean_good,false,false
731,493,2,795,clean_good,false,false
732,494,0,207,clean_good,false,false
733,494,1,602,clean_good,false,false
734,494,2,795,clean_good,false,false
735,495,0,207,clean_good,false,false
736,495,1,602,clean_good,false,false
737,495,2,795,clean_good,false,false
738,496,0,207,clean_good,false,false
739,496,1,602,clean_good,false,false
740,496,2,795,clean_good,false,false
741,497,0,207,clean_good,false,false
742,497,1,602,clean_good,false,false
743,497,2,795,clean_good,false,false
744,498,0,207,clean_good,false,false
745,498,1,602,clean_good,false,false
746,498,2,795,clean_good,false,false
747,499,0,207,clean_good,false,false
748,499,1,602,clean_good,false,false
749,499,2,795,clean_good,false,false
750,500,0,207,clean_good,false,false
751,500,1,602,clean_good,false,false
752,500,2,795,clean_good,false,false
753,501,0,207,mild_or_disputed,true,false
754,501,1,602,clean_good,false,false
755,501,2,795,clean_good,false,false
756,502,0,207,clean_good,false,false
757,502,1,602,clean_good,false,false
758,502,2,795,clean_good,false,false
759,503,0,207,clean_good,false,false
760,503,1,602,clean_good,false,false
761,503,2,795,clean_good,false,false
762,504,0,207,clean_good,false,false
763,504,1,602,clean_good,false,false
764,504,2,795,clean_good,false,false
765,505,0,207,clean_good,false,false
766,505,1,602,clean_good,false,false
767,505,2,795,clean_good,false,false
768,506,0,207,clean_good,false,false
769,506,1,602,clean_good,false,false
770,506,2,795,clean_good,false,false
771,507,0,207,mild_or_disputed,true,false
772,507,1,602,clean_good,false,false
773,507,2,795,clean_good,false,false
774,508,0,207,mild_or_disputed,false,false
775,508,1,602,clean_good,false,false
776,508,2,795,clean_good,false,false
777,509,0,207,clean_good,false,false
778,509,1,602,clear_bad,true,true
779,509,2,795,clean_good,false,false
780,510,0,207,clean_good,false,false
781,510,1,602,clean_good,false,false
782,510,2,795,clean_good,false,false
783,511,0,207,mild_or_disputed,true,false
784,511,1,602,clean_good,false,false
785,511,2,795,clean_good,false,false
786,512,0,207,clean_good,false,false
787,512,1,602,clean_good,false,false
788,512,2,795,clean_good,false,false
789,513,0,207,mild_or_disputed,true,false
790,513,1,602,clean_good,false,false
791,513,2,795,clean_good,false,false
792,514,0,207,clean_good,false,false
793,514,1,602,clean_good,false,false
794,514,2,795,clean_good,false,false
795,515,0,207,clean_good,false,false
796,515,1,602,clean_good,false,false
797,515,2,795,clean_good,false,false
798,516,0,207,clean_good,false,false
799,516,1,602,clean_good,false,false
800,516,2,795,clean_good,false,false
801,517,0,207,clean_good,false,false
802,517,1,602,clean_good,false,false
803,517,2,795,clean_good,false,false
804,518,0,207,clean_good,false,false
805,518,1,602,clean_good,false,false
806,518,2,795,clean_good,false,false
807,519,0,207,clean_good,false,false
808,519,1,602,clean_good,false,false
809,519,2,795,clean_good,false,false
810,520,0,207,clean_good,false,false
811,520,1,602,clean_good,false,false
812,520,2,795,clean_good,false,false
813,521,0,207,clean_good,false,false
814,521,1,602,clean_good,false,false
815,521,2,795,clean_good,false,false
816,522,0,207,clean_good,false,false
817,522,1,602,clean_good,false,false
818,522,2,795,clean_good,false,false
819,523,0,207,clean_good,false,false
820,523,1,602,clean_good,false,false
821,523,2,795,clean_good,false,false
822,524,0,207,clean_good,false,false
823,524,1,602,clean_good,false,false
824,524,2,795,clean_good,false,false
825,525,0,207,clean_good,false,false
826,525,1,602,clean_good,false,false
827,525,2,795,clean_good,false,false
828,526,0,207,clean_good,false,false
829,526,1,602,clean_good,false,false
830,526,2,795,clean_good,false,false
831,527,0,207,clean_good,false,false
832,527,1,602,clean_good,false,false
833,527,2,795,clean_good,false,false
834,528,0,207,clean_good,false,false
835,528,1,602,clean_good,false,false
836,528,2,795,clean_good,false,false
837,529,0,207,clean_good,false,false
838,529,1,602,clean_good,false,false
839,529,2,795,clean_good,false,false
840,530,0,207,clean_good,false,false
841,530,1,602,clean_good,false,false
842,530,2,795,clean_good,false,false
843,531,0,207,clean_good,false,false
844,531,1,602,clean_good,false,false
845,531,2,795,clean_good,false,false
846,532,0,207,clean_good,false,false
847,532,1,602,clean_good,false,false
848,532,2,795,clean_good,false,false
849,533,0,207,clean_good,false,false
850,533,1,602,clean_good,false,false
851,533,2,795,clean_good,false,false
852,534,0,207,clean_good,false,false
853,534,1,602,clean_good,false,false
854,534,2,795,clean_good,false,false
855,535,0,207,mild_or_disputed,true,false
856,535,1,602,clean_good,false,false
857,535,2,795,clean_good,false,false
858,536,0,207,mild_or_disputed,true,false
859,536,1,602,clean_good,false,false
860,536,2,795,clean_good,false,false
861,537,0,207,clean_good,false,false
862,537,1,602,clean_good,false,false
863,537,2,795,clean_good,false,false
864,538,0,207,clean_good,false,false
865,538,1,602,clean_good,false,false
866,538,2,795,clean_good,false,false
867,539,0,207,clean_good,false,false
868,539,1,602,clean_good,false,false
869,539,2,795,clean_good,false,false
870,540,0,207,clean_good,false,false
871,540,1,602,clean_good,false,false
872,540,2,795,clean_good,false,false
873,541,0,207,clean_good,false,false
874,541,1,602,clean_good,false,false
875,541,2,795,clean_good,false,false
876,542,0,207,clean_good,false,false
877,542,1,602,clean_good,false,false
878,542,2,795,clean_good,false,false
879,543,0,207,clean_good,false,false
880,543,1,602,clean_good,false,false
881,543,2,795,clean_good,false,false
882,544,0,207,clean_good,false,false
883,544,1,602,clean_good,false,false
884,544,2,795,clean_good,false,false
885,545,0,207,clean_good,false,false
886,545,1,602,clean_good,false,false
887,545,2,795,clean_good,false,false
888,546,0,207,clean_good,false,false
889,546,1,602,clean_good,false,false
890,546,2,795,clean_good,false,false
891,547,0,207,clean_good,false,false
892,547,1,602,clean_good,false,false
893,547,2,795,clean_good,false,false
894,548,0,207,clean_good,false,false
895,548,1,602,clean_good,false,false
896,548,2,795,clean_good,false,false
897,549,0,207,clean_good,false,false
898,549,1,602,clean_good,false,false
899,549,2,795,clean_good,false,false
900,550,0,207,mild_or_disputed,false,false
901,550,1,602,clean_good,false,false
902,550,2,795,clean_good,false,false
903,551,0,207,clean_good,false,false
904,551,1,602,clean_good,false,false
905,551,2,795,clean_good,false,false
906,552,0,207,clean_good,false,false
907,552,1,602,clean_good,false,false
908,552,2,795,clean_good,false,false
909,553,0,207,clean_good,false,false
910,553,1,602,clean_good,false,false
911,553,2,795,clean_good,false,false
912,554,0,207,clean_good,false,false
913,554,1,602,clean_good,false,false
914,554,2,795,clean_good,false,false
915,555,0,207,clean_good,false,false
916,555,1,602,clean_good,false,false
917,555,2,795,clean_good,false,false
918,556,0,207,clean_good,false,false
919,556,1,602,clean_good,false,false
920,556,2,795,clean_good,false,false
921,557,0,207,clean_good,false,false
922,557,1,602,clean_good,false,false
923,557,2,795,clean_good,false,false
924,558,0,207,clean_good,false,false
925,558,1,602,clean_good,false,false
926,558,2,795,clean_good,false,false
927,559,0,207,mild_or_disputed,true,false
928,559,1,602,clean_good,false,false
929,559,2,795,clean_good,false,false
930,560,0,207,clean_good,false,false
931,560,1,602,clean_good,false,false
932,560,2,795,clean_good,false,false
933,561,0,207,clean_good,false,false
934,561,1,602,clean_good,false,false
935,561,2,795,clean_good,false,false
936,562,0,207,clean_good,false,false
937,562,1,602,clean_good,false,false
938,562,2,795,clean_good,false,false
939,563,0,207,clean_good,false,false
940,563,1,602,clean_good,false,false
941,563,2,795,clean_good,false,false
942,564,0,207,clean_good,false,false
943,564,1,602,clean_good,false,false
944,564,2,795,clean_good,false,false
945,565,0,207,clean_good,false,false
946,565,1,602,clean_good,false,false
947,565,2,795,clean_good,false,false
948,566,0,207,clean_good,false,false
949,566,1,602,clean_good,false,false
950,566,2,795,clean_good,false,false
951,567,0,207,mild_or_disputed,true,false
952,567,1,602,clean_good,false,false
953,567,2,795,clean_good,false,false
954,568,0,207,clean_good,false,false
955,568,1,602,clean_good,false,false
956,568,2,795,clean_good,false,false
957,569,0,207,clean_good,false,false
958,569,1,602,clean_good,false,false
959,569,2,795,clean_good,false,false
960,570,0,207,clean_good,false,false
961,570,1,602,clean_good,false,false
962,570,2,795,clean_good,false,false
963,571,0,207,clean_good,false,false
964,571,1,602,clean_good,false,false
965,571,2,795,clean_good,false,false
966,572,0,207,clean_good,false,false
967,572,1,602,clean_good,false,false
968,572,2,795,clean_good,false,false
969,573,0,207,clean_good,false,false
970,573,1,602,clean_good,false,false
971,573,2,795,clean_good,false,false
972,574,0,207,clean_good,false,false
973,574,1,602,clean_good,false,false
974,574,2,795,clean_good,false,false
975,575,0,207,clean_good,false,false
976,575,1,602,clean_good,false,false
977,575,2,795,clean_good,false,false
978,576,0,207,clean_good,false,false
979,576,1,602,clean_good,false,false
980,576,2,795,clean_good,false,false
981,577,0,207,clean_good,false,false
982,577,1,602,clean_good,false,false
983,577,2,795,clean_good,false,false
984,578,0,207,clean_good,false,false
985,578,1,602,clean_good,false,false
986,578,2,795,clean_good,false,false
987,579,0,207,mild_or_disputed,true,false
988,579,1,602,clean_good,false,false
989,579,2,795,clear_bad,false,true
990,580,0,207,clean_good,false,false
991,580,1,602,clean_good,false,false
992,580,2,795,clean_good,false,false
993,581,0,207,clean_good,false,false
994,581,1,602,clean_good,false,false
995,581,2,795,clean_good,false,false
996,582,0,207,clean_good,false,false
997,582,1,602,clean_good,false,false
998,582,2,795,clean_good,false,false
999,583,0,207,clean_good,false,false
1000,583,1,602,clean_good,false,false
1001,583,2,795,clean_good,false,false
1002,584,0,207,clean_good,false,false
1003,584,1,602,clean_good,false,false
1004,584,2,795,clean_good,false,false
1005,585,0,207,mild_or_disputed,false,false
1006,585,1,602,clean_good,false,false
1007,585,2,795,clean_good,false,false
1008,586,0,207,clean_good,false,false
1009,586,1,602,clean_good,false,false
1010,586,2,795,clean_good,false,false
1011,587,0,207,clean_good,false,false
1012,587,1,602,clean_good,false,false
1013,587,2,795,clean_good,false,false
1014,588,0,207,clean_good,false,false
1015,588,1,602,clean_good,false,false
1016,588,2,795,clean_good,false,false
1017,589,0,207,clean_good,false,false
1018,589,1,602,clean_good,false,false
1019,589,2,795,clean_good,false,false
1020,590,0,207,clean_good,false,false
1021,590,1,602,clean_good,false,false
1022,590,2,795,clean_good,false,false
1023,591,0,207,clean_good,false,false
1024,591,1,602,clean_good,false,false
1025,591,2,795,clean_good,false,false
1026,592,0,207,clean_good,false,false
1027,592,1,602,clean_good,false,false
1028,592,2,795,clean_good,false,false
1029,593,0,207,clean_good,false,false
1030,593,1,602,clean_good,false,false
1031,593,2,795,clean_good,false,false
1032,594,0,207,clean_good,false,false
1033,594,1,602,clean_good,false,false
1034,594,2,795,clean_good,false,false
1035,595,0,207,clean_good,false,false
1036,595,1,602,clean_good,false,false
1037,595,2,795,clean_good,false,false
1038,596,0,207,clean_good,false,false
1039,596,1,602,clean_good,false,false
1040,596,2,795,clean_good,false,false
1041,597,0,207,clean_good,false,false
1042,597,1,602,clean_good,false,false
1043,597,2,795,clean_good,false,false
1044,598,0,207,clean_good,false,false
1045,598,1,602,clean_good,false,false
1046,598,2,795,clean_good,false,false
1047,599,0,207,clean_good,false,false
1048,599,1,602,clean_good,false,false
1049,599,2,795,clean_good,false,false
1050,600,0,207,clean_good,false,false
1051,600,1,602,clean_good,false,false
1052,600,2,795,clean_good,false,false
1053,601,0,207,clean_good,false,false
1054,601,1,602,clean_good,false,false
1055,601,2,795,clean_good,false,false
1056,602,0,207,clean_good,false,false
1057,602,1,602,clean_good,false,false
1058,602,2,795,clean_good,false,false
1059,603,0,207,mild_or_disputed,true,false
1060,603,1,602,clean_good,false,false
1061,603,2,795,clean_good,false,false
1062,604,0,207,clean_good,false,false
1063,604,1,602,clean_good,false,false
1064,604,2,795,clean_good,false,false
1065,605,0,207,clean_good,false,false
1066,605,1,602,clean_good,false,false
1067,605,2,795,clean_good,false,false
1068,606,0,207,clean_good,false,false
1069,606,1,602,clean_good,false,false
1070,606,2,795,clean_good,false,false
1071,607,0,207,clean_good,false,false
1072,607,1,602,clean_good,false,false
1073,607,2,795,clean_good,false,false
1074,608,0,207,clean_good,false,false
1075,608,1,602,clean_good,false,false
1076,608,2,795,clean_good,false,false
1077,609,0,207,clean_good,false,false
1078,609,1,602,clean_good,false,false
1079,609,2,795,clean_good,false,false
1080,610,0,207,mild_or_disputed,true,false
1081,610,1,602,clean_good,false,false
1082,610,2,795,clean_good,false,false
1083,611,0,207,clean_good,false,false
1084,611,1,602,clean_good,false,false
1085,611,2,795,clean_good,false,false
1086,612,0,207,clean_good,false,false
1087,612,1,602,clean_good,false,false
1088,612,2,795,clean_good,false,false
1089,613,0,207,clean_good,false,false
1090,613,1,602,clean_good,false,false
1091,613,2,795,clean_good,false,false
1092,614,0,207,clean_good,false,false
1093,614,1,602,clean_good,false,false
1094,614,2,795,clean_good,false,false
1095,615,0,207,clean_good,false,false
1096,615,1,602,clean_good,false,false
1097,615,2,795,clean_good,false,false
1098,616,0,207,clean_good,false,false
1099,616,1,602,clean_good,false,false
1100,616,2,795,clean_good,false,false
1101,617,0,207,clean_good,false,false
1102,617,1,602,clean_good,false,false
1103,617,2,795,clean_good,false,false
1104,618,0,207,clean_good,false,false
1105,618,1,602,clean_good,false,false
1106,618,2,795,clean_good,false,false
1107,619,0,207,mild_or_disputed,true,false
1108,619,1,602,clean_good,false,false
1109,619,2,795,clean_good,false,false
1110,620,0,207,clean_good,false,false
1111,620,1,602,clean_good,false,false
1112,620,2,795,clean_good,false,false
1113,621,0,207,clean_good,false,false
1114,621,1,602,clean_good,false,false
1115,621,2,795,clean_good,false,false
1116,622,0,207,clean_good,false,false
1117,622,1,602,clean_good,false,false
1118,622,2,795,clean_good,false,false
1119,623,0,207,clean_good,false,false
1120,623,1,602,clean_good,false,false
1121,623,2,795,clean_good,false,false
1122,624,0,207,clean_good,false,false
1123,624,1,602,clean_good,false,false
1124,624,2,795,clean_good,false,false
1125,625,0,207,clean_good,false,false
1126,625,1,602,clean_good,false,false
1127,625,2,795,clean_good,false,false
1128,626,0,207,clean_good,false,false
1129,626,1,602,clean_good,false,false
1130,626,2,795,clean_good,false,false
1131,627,0,207,clean_good,false,false
1132,627,1,602,clean_good,false,false
1133,627,2,795,clean_good,false,false
1134,628,0,207,clean_good,false,false
1135,628,1,602,clean_good,false,false
1136,628,2,795,clean_good,false,false
1137,629,0,207,clean_good,false,false
1138,629,1,602,clean_good,false,false
1139,629,2,795,clean_good,false,false
1140,630,0,207,clean_good,false,false
1141,630,1,602,clean_good,false,false
1142,630,2,795,clean_good,false,false
1143,631,0,207,clean_good,false,false
1144,631,1,602,clean_good,false,false
1145,631,2,795,clean_good,false,false
1146,632,0,207,clean_good,false,false
1147,632,1,602,clean_good,false,false
1148,632,2,795,clean_good,false,false
1149,633,0,207,clean_good,false,false
1150,633,1,602,clean_good,false,false
1151,633,2,795,clean_good,false,false
1152,634,0,207,clean_good,false,false
1153,634,1,602,clean_good,false,false
1154,634,2,795,clean_good,false,false
1155,635,0,207,mild_or_disputed,true,false
1156,635,1,602,clean_good,false,false
1157,635,2,795,clean_good,false,false
1158,636,0,207,clean_good,false,false
1159,636,1,602,clean_good,false,false
1160,636,2,795,clean_good,false,false
1161,637,0,207,clean_good,false,false
1162,637,1,602,clean_good,false,false
1163,637,2,795,clean_good,false,false
1164,638,0,207,clean_good,false,false
1165,638,1,602,clean_good,false,false
1166,638,2,795,clean_good,false,false
1167,639,0,207,clean_good,false,false
1168,639,1,602,clean_good,false,false
1169,639,2,795,clean_good,false,false
1170,640,0,207,clean_good,false,false
1171,640,1,602,clean_good,false,false
1172,640,2,795,clean_good,false,false
1173,641,0,207,clean_good,false,false
1174,641,1,602,clean_good,false,false
1175,641,2,795,clean_good,false,false
1176,642,0,207,clean_good,false,false
1177,642,1,602,clean_good,false,false
1178,642,2,795,clean_good,false,false
1179,643,0,207,clean_good,false,false
1180,643,1,602,clean_good,false,false
1181,643,2,795,clean_good,false,false
1182,644,0,207,clean_good,false,false
1183,644,1,602,clean_good,false,false
1184,644,2,795,clean_good,false,false
1185,645,0,207,clean_good,false,false
1186,645,1,602,clean_good,false,false
1187,645,2,795,clean_good,false,false
1188,646,0,207,clean_good,false,false
1189,646,1,602,clean_good,false,false
1190,646,2,795,clean_good,false,false
1191,647,0,207,clean_good,false,false
1192,647,1,602,clean_good,false,false
1193,647,2,795,clean_good,false,false
1194,648,0,207,clean_good,false,false
1195,648,1,602,clean_good,false,false
1196,648,2,795,clean_good,false,false
1197,649,0,207,clean_good,false,false
1198,649,1,602,clean_good,false,false
1199,649,2,795,clean_good,false,false
1200,650,0,207,clean_good,false,false
1201,650,1,602,clean_good,false,false
1202,650,2,795,clean_good,false,false
1203,651,0,207,clean_good,false,false
1204,651,1,602,clean_good,false,false
1205,651,2,795,clean_good,false,false
1206,652,0,207,clean_good,false,false
1207,652,1,602,clean_good,false,false
1208,652,2,795,clean_good,false,false
1209,653,0,207,clean_good,false,false
1210,653,1,602,clean_good,false,false
1211,653,2,795,clean_good,false,false
1212,654,0,207,clean_good,false,false
1213,654,1,602,clean_good,false,false
1214,654,2,795,clean_good,false,false
1215,655,0,207,clean_good,false,false
1216,655,1,602,clean_good,false,false
1217,655,2,795,clean_good,false,false
1218,656,0,207,clean_good,false,false
1219,656,1,602,clean_good,false,false
1220,656,2,795,clean_good,false,false
1221,657,0,207,clean_good,false,false
1222,657,1,602,clean_good,false,false
1223,657,2,795,clean_good,false,false
1224,658,0,207,clean_good,false,false
1225,658,1,602,clean_good,false,false
1226,658,2,795,clean_good,false,false
1227,659,0,207,clean_good,false,false
1228,659,1,602,clean_good,false,false
1229,659,2,795,clean_good,false,false
1230,660,0,207,clean_good,false,false
1231,660,1,602,clean_good,false,false
1232,660,2,795,clean_good,false,false
1233,661,0,207,clean_good,false,false
1234,661,1,602,clean_good,false,false
1235,661,2,795,clean_good,false,false
1236,662,0,207,clean_good,false,false
1237,662,1,602,clean_good,false,false
1238,662,2,795,clean_good,false,false
1239,663,0,207,clean_good,false,false
1240,663,1,602,clean_good,false,false
1241,663,2,795,clean_good,false,false
1242,664,0,207,clean_good,false,false
1243,664,1,602,clean_good,false,false
1244,664,2,795,clean_good,false,false
1245,665,0,207,clean_good,false,false
1246,665,1,602,clean_good,false,false
1247,665,2,795,clean_good,false,false
1248,666,0,207,clean_good,false,false
1249,666,1,602,clean_good,false,false
1250,666,2,795,clean_good,false,false
1251,667,0,207,clean_good,false,false
1252,667,1,602,clean_good,false,false
1253,667,2,795,clean_good,false,false
1254,668,0,207,clean_good,false,false
1255,668,1,602,clean_good,false,false
1256,668,2,795,clean_good,false,false
1257,669,0,207,clean_good,false,false
1258,669,1,602,clean_good,false,false
1259,669,2,795,clean_good,false,false
1260,670,0,207,clean_good,false,false
1261,670,1,602,clean_good,false,false
1262,670,2,795,clean_good,false,false
1263,671,0,207,clean_good,false,false
1264,671,1,602,clean_good,false,false
1265,671,2,795,clean_good,false,false
1266,672,0,207,clean_good,false,false
1267,672,1,602,clean_good,false,false
1268,672,2,795,clean_good,false,false
1269,673,0,207,clean_good,false,false
1270,673,1,602,clean_good,false,false
1271,673,2,795,clean_good,false,false
1272,674,0,207,clean_good,false,false
1273,674,1,602,clean_good,false,false
1274,674,2,795,clean_good,false,false
1275,675,0,207,clean_good,false,false
1276,675,1,602,clean_good,false,false
1277,675,2,795,clean_good,false,false
1278,676,0,207,clean_good,false,false
1279,676,1,602,clean_good,false,false
1280,676,2,795,clean_good,false,false
1281,677,0,207,clean_good,false,false
1282,677,1,602,clean_good,false,false
1283,677,2,795,clean_good,false,false
1284,678,0,207,clean_good,false,false
1285,678,1,602,clean_good,false,false
1286,678,2,795,clean_good,false,false
1287,679,0,207,clean_good,false,false
1288,679,1,602,clean_good,false,false
1289,679,2,795,clean_good,false,false
1290,680,0,207,clean_good,false,false
1291,680,1,602,clean_good,false,false
1292,680,2,795,clean_good,false,false
1293,681,0,207,clean_good,false,false
1294,681,1,602,clean_good,false,false
1295,681,2,795,clean_good,false,false
1296,682,0,207,clean_good,false,false
1297,682,1,602,clean_good,false,false
1298,682,2,795,clean_good,false,false
1299,683,0,207,clean_good,false,false
1300,683,1,602,clean_good,false,false
1301,683,2,795,clean_good,false,false
1302,684,0,207,mild_or_disputed,true,false
1303,684,1,602,clean_good,false,false
1304,684,2,795,clean_good,false,false
1305,685,0,207,clean_good,false,false
1306,685,1,602,clean_good,false,false
1307,685,2,795,clean_good,false,false
1308,686,0,207,clean_good,false,false
1309,686,1,602,clean_good,false,false
1310,686,2,795,clean_good,false,false
1311,687,0,207,clean_good,false,false
1312,687,1,602,clean_good,false,false
1313,687,2,795,clean_good,false,false
1314,688,0,207,clean_good,false,false
1315,688,1,602,clean_good,false,false
1316,688,2,795,clean_good,false,false
1317,689,0,207,clean_good,false,false
1318,689,1,602,clean_good,false,false
1319,689,2,795,clean_good,false,false
1320,690,0,207,clean_good,false,false
1321,690,1,602,clean_good,false,false
1322,690,2,795,clean_good,false,false
1323,691,0,207,clean_good,false,false
1324,691,1,602,clean_good,false,false
1325,691,2,795,clean_good,false,false
1326,692,0,207,clean_good,false,false
1327,692,1,602,clean_good,false,false
1328,692,2,795,clean_good,false,false
1329,693,0,207,clear_bad,true,true
1330,693,1,602,clean_good,false,false
1331,693,2,795,clean_good,false,false
1332,694,0,207,clean_good,false,false
1333,694,1,602,clean_good,false,false
1334,694,2,795,clean_good,false,false
1335,695,0,207,mild_or_disputed,false,false
1336,695,1,602,clean_good,false,false
1337,695,2,795,clean_good,false,false
1338,696,0,207,clean_good,false,false
1339,696,1,602,clean_good,false,false
1340,696,2,795,clean_good,false,false
1341,697,0,207,clean_good,false,false
1342,697,1,602,clean_good,false,false
1343,697,2,795,clean_good,false,false
1344,698,0,207,clean_good,false,false
1345,698,1,602,clean_good,false,false
1346,698,2,795,clean_good,false,false
1347,699,0,207,clean_good,false,false
1348,699,1,602,clean_good,false,false
1349,699,2,795,clean_good,false,false
1350,700,0,207,clean_good,false,false
1351,700,1,602,clean_good,false,false
1352,700,2,795,clean_good,false,false
1353,701,0,207,clean_good,false,false
1354,701,1,602,clean_good,false,false
1355,701,2,795,clean_good,false,false
1356,702,0,207,clean_good,false,false
1357,702,1,602,clean_good,false,false
1358,702,2,795,clean_good,false,false
1359,703,0,207,clean_good,false,false
1360,703,1,602,clean_good,false,false
1361,703,2,795,clean_good,false,false
1362,704,0,207,clean_good,false,false
1363,704,1,602,clean_good,false,false
1364,704,2,795,clean_good,false,false
1365,705,0,207,clean_good,false,false
1366,705,1,602,clean_good,false,false
1367,705,2,795,clean_good,false,false
1368,706,0,207,clean_good,false,false
1369,706,1,602,clean_good,false,false
1370,706,2,795,clean_good,false,false
1371,707,0,207,clean_good,false,false
1372,707,1,602,clean_good,false,false
1373,707,2,795,clean_good,false,false
1374,708,0,207,clean_good,false,false
1375,708,1,602,clean_good,false,false
1376,708,2,795,clean_good,false,false
1377,709,0,207,clean_good,false,false
1378,709,1,602,clean_good,false,false
1379,709,2,795,clean_good,false,false
1380,710,0,207,clean_good,false,false
1381,710,1,602,clean_good,false,false
1382,710,2,795,clean_good,false,false
1383,711,0,207,clean_good,false,false
1384,711,1,602,clean_good,false,false
1385,711,2,795,clean_good,false,false
1386,712,0,207,clean_good,false,false
1387,712,1,602,clean_good,false,false
1388,712,2,795,clean_good,false,false
1389,713,0,207,clean_good,false,false
1390,713,1,602,clean_good,false,false
1391,713,2,795,clean_good,false,false
1392,714,0,207,clean_good,false,false
1393,714,1,602,clean_good,false,false
1394,714,2,795,clean_good,false,false
1395,715,0,207,mild_or_disputed,true,false
1396,715,1,602,clean_good,false,false
1397,715,2,795,clean_good,false,false
1398,716,0,207,clean_good,false,false
1399,716,1,602,clean_good,false,false
1400,716,2,795,clean_good,false,false
1401,717,0,207,clean_good,false,false
1402,717,1,602,clean_good,false,false
1403,717,2,795,clean_good,false,false
1404,718,0,207,clean_good,false,false
1405,718,1,602,clean_good,false,false
1406,718,2,795,clean_good,false,false
1407,719,0,207,clean_good,false,false
1408,719,1,602,clean_good,false,false
1409,719,2,795,clean_good,false,false
1410,720,0,207,clean_good,false,false
1411,720,1,602,clean_good,false,false
1412,720,2,795,clean_good,false,false
1413,721,0,207,clean_good,false,false
1414,721,1,602,clean_good,false,false
1415,721,2,795,clean_good,false,false
1416,722,0,207,clean_good,false,false
1417,722,1,602,clean_good,false,false
1418,722,2,795,clean_good,false,false
1419,723,0,207,clean_good,false,false
1420,723,1,602,clean_good,false,false
1421,723,2,795,clean_good,false,false
1422,724,0,207,clean_good,false,false
1423,724,1,602,clean_good,false,false
1424,724,2,795,clean_good,false,false
1425,725,0,207,clean_good,false,false
1426,725,1,602,clean_good,false,false
1427,725,2,795,clean_good,false,false
1428,726,0,207,clean_good,false,false
1429,726,1,602,clean_good,false,false
1430,726,2,795,clean_good,false,false
1431,727,0,207,clean_good,false,false
1432,727,1,602,clean_good,false,false
1433,727,2,795,clean_good,false,false
1434,728,0,207,clean_good,false,false
1435,728,1,602,clean_good,false,false
1436,728,2,795,clean_good,false,false
1437,729,0,207,clean_good,false,false
1438,729,1,602,clean_good,false,false
1439,729,2,795,clean_good,false,false
1440,730,0,207,clean_good,false,false
1441,730,1,602,clean_good,false,false
1442,730,2,795,clean_good,false,false
1443,731,0,207,clean_good,false,false
1444,731,1,602,clean_good,false,false
1445,731,2,795,clean_good,false,false
1446,732,0,207,clean_good,false,false
1447,732,1,602,clean_good,false,false
1448,732,2,795,clean_good,false,false
1449,733,0,207,clean_good,false,false
1450,733,1,602,clean_good,false,false
1451,733,2,795,clean_good,false,false
1452,734,0,207,clean_good,false,false
1453,734,1,602,clean_good,false,false
1454,734,2,795,clean_good,false,false
1455,735,0,207,mild_or_disputed,false,false
1456,735,1,602,clean_good,false,false
1457,735,2,795,clean_good,false,false
1458,736,0,207,clean_good,false,false
1459,736,1,602,clean_good,false,false
1460,736,2,795,clean_good,false,false
1461,737,0,207,clean_good,false,false
1462,737,1,602,clean_good,false,false
1463,737,2,795,clean_good,false,false
1464,738,0,207,clean_good,false,false
1465,738,1,602,clean_good,false,false
1466,738,2,795,clean_good,false,false
1467,739,0,207,clean_good,false,false
1468,739,1,602,clean_good,false,false
1469,739,2,795,clean_good,false,false
1470,740,0,207,clean_good,false,false
1471,740,1,602,clean_good,false,false
1472,740,2,795,clean_good,false,false
1473,741,0,207,mild_or_disputed,true,false
1474,741,1,602,clean_good,false,false
1475,741,2,795,clean_good,false,false
1476,742,0,207,clean_good,false,false
1477,742,1,602,clean_good,false,false
1478,742,2,795,clean_good,false,false
1479,743,0,207,clean_good,false,false
1480,743,1,602,clean_good,false,false
1481,743,2,795,clean_good,false,false
1482,744,0,207,clean_good,false,false
1483,744,1,602,clean_good,false,false
1484,744,2,795,clean_good,false,false
1485,745,0,207,clean_good,false,false
1486,745,1,602,clean_good,false,false
1487,745,2,795,clean_good,false,false
1488,746,0,207,clean_good,false,false
1489,746,1,602,clean_good,false,false
1490,746,2,795,clean_good,false,false
1491,747,0,207,clean_good,false,false
1492,747,1,602,clean_good,false,false
1493,747,2,795,clean_good,false,false
1494,748,0,207,clean_good,false,false
1495,748,1,602,clean_good,false,false
1496,748,2,795,clean_good,false,false
1497,749,0,207,clean_good,false,false
1498,749,1,602,clean_good,false,false
1499,749,2,795,clean_good,false,false
1500,750,0,207,clean_good,false,false
1501,750,1,602,clean_good,false,false
1502,750,2,795,clean_good,false,false
1503,751,0,207,clean_good,false,false
1504,751,1,602,clean_good,false,false
1505,751,2,795,clean_good,false,false
1506,752,0,207,clean_good,false,false
1507,752,1,602,clean_good,false,false
1508,752,2,795,clean_good,false,false
1509,753,0,207,mild_or_disputed,true,false
1510,753,1,602,clear_bad,true,true
1511,753,2,795,clean_good,false,false
1512,754,0,207,clean_good,false,false
1513,754,1,602,clean_good,false,false
1514,754,2,795,clean_good,false,false
1515,755,0,207,clean_good,false,false
1516,755,1,602,clean_good,false,false
1517,755,2,795,clean_good,false,false
1518,756,0,207,clean_good,false,false
1519,756,1,602,clean_good,false,false
1520,756,2,795,clean_good,false,false
1521,757,0,207,clean_good,false,false
1522,757,1,602,clean_good,false,false
1523,757,2,795,clean_good,false,false
1524,758,0,207,clean_good,false,false
1525,758,1,602,clean_good,false,false
1526,758,2,795,clean_good,false,false
1527,759,0,207,clean_good,false,false
1528,759,1,602,clean_good,false,false
1529,759,2,795,clean_good,false,false
1530,760,0,207,clean_good,false,false
1531,760,1,602,clean_good,false,false
1532,760,2,795,clean_good,false,false
1533,761,0,207,clean_good,false,false
1534,761,1,602,clean_good,false,false
1535,761,2,795,clean_good,false,false
1536,762,0,207,clean_good,false,false
1537,762,1,602,clean_good,false,false
1538,762,2,795,clean_good,false,false
1539,763,0,207,clean_good,false,false
1540,763,1,602,clean_good,false,false
1541,763,2,795,clean_good,false,false
1542,764,0,207,clean_good,false,false
1543,764,1,602,clean_good,false,false
1544,764,2,795,clean_good,false,false
1545,765,0,207,clean_good,false,false
1546,765,1,602,clean_good,false,false
1547,765,2,795,clean_good,false,false
1548,766,0,207,clean_good,false,false
1549,766,1,602,clean_good,false,false
1550,766,2,795,clean_good,false,false
1551,767,0,207,clean_good,false,false
1552,767,1,602,clean_good,false,false
1553,767,2,795,clean_good,false,false
1554,768,0,207,clean_good,false,false
1555,768,1,602,clean_good,false,false
1556,768,2,795,clean_good,false,false
1557,769,0,207,clean_good,false,false
1558,769,1,602,clean_good,false,false
1559,769,2,795,clean_good,false,false
1560,770,0,207,mild_or_disputed,true,false
1561,770,1,602,clean_good,false,false
1562,770,2,795,clean_good,false,false
1563,771,0,207,clean_good,false,false
1564,771,1,602,clean_good,false,false
1565,771,2,795,clean_good,false,false
1566,772,0,207,clean_good,false,false
1567,772,1,602,clean_good,false,false
1568,772,2,795,clean_good,false,false
1569,773,0,207,clean_good,false,false
1570,773,1,602,clean_good,false,false
1571,773,2,795,clean_good,false,false
1572,774,0,207,clean_good,false,false
1573,774,1,602,clean_good,false,false
1574,774,2,795,clean_good,false,false
1575,775,0,207,clean_good,false,false
1576,775,1,602,clean_good,false,false
1577,775,2,795,clean_good,false,false
1578,776,0,207,clean_good,false,false
1579,776,1,602,clean_good,false,false
1580,776,2,795,clean_good,false,false
1581,777,0,207,clean_good,false,false
1582,777,1,602,clean_good,false,false
1583,777,2,795,clean_good,false,false
1584,778,0,207,clean_good,false,false
1585,778,1,602,clean_good,false,false
1586,778,2,795,clean_good,false,false
1587,779,0,207,clean_good,false,false
1588,779,1,602,clean_good,false,false
1589,779,2,795,clean_good,false,false
1590,780,0,207,clean_good,false,false
1591,780,1,602,clean_good,false,false
1592,780,2,795,clean_good,false,false
1593,781,0,207,clean_good,false,false
1594,781,1,602,clean_good,false,false
1595,781,2,795,clean_good,false,false
1596,782,0,207,clean_good,false,false
1597,782,1,602,clean_good,false,false
1598,782,2,795,clean_good,false,false
1599,783,0,207,clean_good,false,false
1600,783,1,602,clean_good,false,false
1601,783,2,795,clean_good,false,false
1602,784,0,207,mild_or_disputed,true,false
1603,784,1,602,clean_good,false,false
1604,784,2,795,clean_good,false,false
1605,785,0,207,clean_good,false,false
1606,785,1,602,clean_good,false,false
1607,785,2,795,clean_good,false,false
1608,786,0,207,clean_good,false,false
1609,786,1,602,clean_good,false,false
1610,786,2,795,clean_good,false,false
1611,787,0,207,clean_good,false,false
1612,787,1,602,clean_good,false,false
1613,787,2,795,clean_good,false,false
1614,788,0,207,clean_good,false,false
1615,788,1,602,clean_good,false,false
1616,788,2,795,clean_good,false,false
1617,789,0,207,clean_good,false,false
1618,789,1,602,clean_good,false,false
1619,789,2,795,clean_good,false,false
1620,790,0,207,mild_or_disputed,true,false
1621,790,1,602,clean_good,false,false
1622,790,2,795,clean_good,false,false
1623,791,0,207,mild_or_disputed,true,false
1624,791,1,602,clean_good,false,false
1625,791,2,795,clean_good,false,false
1626,792,0,207,clean_good,false,false
1627,792,1,602,clean_good,false,false
1628,792,2,795,clean_good,false,false
1629,793,0,207,clean_good,false,false
1630,793,1,602,clean_good,false,false
1631,793,2,795,clean_good,false,false
1632,794,0,207,clean_good,false,false
1633,794,1,602,clean_good,false,false
1634,794,2,795,clean_good,false,false
1635,795,0,207,clean_good,false,false
1636,795,1,602,clean_good,false,false
1637,795,2,795,clean_good,false,false
1638,796,0,207,clean_good,false,false
1639,796,1,602,clean_good,false,false
1640,796,2,795,clean_good,false,false
1641,797,0,207,clean_good,false,false
1642,797,1,602,clean_good,false,false
1643,797,2,795,clean_good,false,false
1644,798,0,207,clean_good,false,false
1645,798,1,602,clean_good,false,false
1646,798,2,795,clean_good,false,false
1647,799,0,207,clean_good,false,false
1648,799,1,602,clean_good,false,false
1649,799,2,795,clean_good,false,false
1650,800,0,207,clean_good,false,false
1651,800,1,602,clean_good,false,false
1652,800,2,795,clean_good,false,false
1653,801,0,207,clean_good,false,false
1654,801,1,602,clean_good,false,false
1655,801,2,795,clean_good,false,false
1656,802,0,207,clean_good,false,false
1657,802,1,602,clean_good,false,false
1658,802,2,795,clean_good,false,false
1659,803,0,207,clean_good,false,false
1660,803,1,602,clean_good,false,false
1661,803,2,795,clean_good,false,false
1662,804,0,207,clean_good,false,false
1663,804,1,602,clean_good,false,false
1664,804,2,795,clean_good,false,false
1665,805,0,207,clean_good,false,false
1666,805,1,602,clean_good,false,false
1667,805,2,795,clean_good,false,false
1668,806,0,207,clean_good,false,false
1669,806,1,602,clean_good,false,false
1670,806,2,795,clean_good,false,false
1671,807,0,207,clean_good,false,false
1672,807,1,602,clean_good,false,false
1673,807,2,795,clean_good,false,false
1674,808,0,207,clean_good,false,false
1675,808,1,602,clean_good,false,false
1676,808,2,795,clean_good,false,false
1677,809,0,207,clean_good,false,false
1678,809,1,602,clean_good,false,false
1679,809,2,795,clean_good,false,false
1680,810,0,207,clean_good,false,false
1681,810,1,602,clean_good,false,false
1682,810,2,795,clean_good,false,false
1683,811,0,207,clean_good,false,false
1684,811,1,602,clean_good,false,false
1685,811,2,795,clean_good,false,false
1686,812,0,207,clean_good,false,false
1687,812,1,602,clean_good,false,false
1688,812,2,795,clean_good,false,false
1689,813,0,207,clean_good,false,false
1690,813,1,602,clean_good,false,false
1691,813,2,795,clean_good,false,false
1692,814,0,207,clean_good,false,false
1693,814,1,602,clean_good,false,false
1694,814,2,795,clean_good,false,false
1695,815,0,207,clean_good,false,false
1696,815,1,602,clean_good,false,false
1697,815,2,795,clean_good,false,false
1698,816,0,207,clean_good,false,false
1699,816,1,602,clean_good,false,false
1700,816,2,795,clean_good,false,false
1701,817,0,207,clean_good,false,false
1702,817,1,602,clean_good,false,false
1703,817,2,795,clean_good,false,false
1704,818,0,207,clean_good,false,false
1705,818,1,602,clean_good,false,false
1706,818,2,795,clean_good,false,false
1707,819,0,207,clean_good,false,false
1708,819,1,602,clean_good,false,false
1709,819,2,795,clean_good,false,false
1710,820,0,207,clean_good,false,false
1711,820,1,602,clean_good,false,false
1712,820,2,795,clean_good,false,false
1713,821,0,207,clean_good,false,false
1714,821,1,602,clean_good,false,false
1715,821,2,795,clean_good,false,false
1716,822,0,207,clean_good,false,false
1717,822,1,602,clean_good,false,false
1718,822,2,795,clean_good,false,false
1719,823,0,207,clean_good,false,false
1720,823,1,602,clean_good,false,false
1721,823,2,795,clean_good,false,false
1722,824,0,207,clean_good,false,false
1723,824,1,602,clean_good,false,false
1724,824,2,795,clean_good,false,false
1725,825,0,207,clean_good,false,false
1726,825,1,602,clean_good,false,false
1727,825,2,795,clean_good,false,false
1728,826,0,207,clean_good,false,false
1729,826,1,602,clean_good,false,false
1730,826,2,795,clean_good,false,false
1731,827,0,207,clean_good,false,false
1732,827,1,602,clean_good,false,false
1733,827,2,795,clean_good,false,false
1734,828,0,207,clean_good,false,false
1735,828,1,602,clean_good,false,false
1736,828,2,795,clean_good,false,false
1737,829,0,207,clean_good,false,false
1738,829,1,602,clean_good,false,false
1739,829,2,795,clean_good,false,false
1740,830,0,207,clean_good,false,false
1741,830,1,602,clear_bad,true,false
1742,830,2,795,clean_good,false,false
1743,831,0,207,clean_good,false,false
1744,831,1,602,clean_good,false,false
1745,831,2,795,clean_good,false,false
1746,832,0,207,mild_or_disputed,true,false
1747,832,1,602,clean_good,false,false
1748,832,2,795,clean_good,false,false
1749,833,0,207,clean_good,false,false
1750,833,1,602,clean_good,false,false
1751,833,2,795,clean_good,false,false
1752,834,0,207,clean_good,false,false
1753,834,1,602,clean_good,false,false
1754,834,2,795,clean_good,false,false
1755,835,0,207,clean_good,false,false
1756,835,1,602,clean_good,false,false
1757,835,2,795,clean_good,false,false
1758,836,0,207,clean_good,false,false
1759,836,1,602,clean_good,false,false
1760,836,2,795,clean_good,false,false
1761,837,0,207,clean_good,false,false
1762,837,1,602,clean_good,false,false
1763,837,2,795,clean_good,false,false
1764,838,0,207,clean_good,false,false
1765,838,1,602,clean_good,false,false
1766,838,2,795,clean_good,false,false
1767,839,0,207,clean_good,false,false
1768,839,1,602,clean_good,false,false
1769,839,2,795,clean_good,false,false
1770,840,0,207,clean_good,false,false
1771,840,1,602,clean_good,false,false
1772,840,2,795,clean_good,false,false
1773,841,0,207,clean_good,false,false
1774,841,1,602,clean_good,false,false
1775,841,2,795,clean_good,false,false
1776,842,0,207,clean_good,false,false
1777,842,1,602,clean_good,false,false
1778,842,2,795,clean_good,false,false
1779,843,0,207,clean_good,false,false
1780,843,1,602,clean_good,false,false
1781,843,2,795,clean_good,false,false
1782,844,0,207,clean_good,false,false
1783,844,1,602,clean_good,false,false
1784,844,2,795,clean_good,false,false
1785,845,0,207,clean_good,false,false
1786,845,1,602,clean_good,false,false
1787,845,2,795,clean_good,false,false
1788,846,0,207,clean_good,false,false
1789,846,1,602,clean_good,false,false
1790,846,2,795,clean_good,false,false
1791,847,0,207,clean_good,false,false
1792,847,1,602,clean_good,false,false
1793,847,2,795,clean_good,false,false
1794,848,0,207,clean_good,false,false
1795,848,1,602,clean_good,false,false
1796,848,2,795,clean_good,false,false
1797,849,0,207,clean_good,false,false
1798,849,1,602,clean_good,false,false
1799,849,2,795,clean_good,false,false
