seed,method,kind,sigma,field_coordinate_rms,field_vector_rms,affine_gradient_norm,baseline_feature_fd,train_seconds,parameter_count,classifier_bce,classifier_accuracy,classifier_auc,real_logit_mean,fake_logit_mean,artifact_path,root
0,zero_ratio,zero_ratio,0.0,6.644987106323242,53.15989303588867,26.889780044555664,0.8673320568411071,21.316094401990995,152065,8.606978416442871,0.5704345703125,0.592843770980835,6.743964672088623,-3.224350929260254,fields/seed0/zero_ratio/sigma0.npz,/data/users/zhoushunyu/eqvae/experiments/pmf_residual_estimator_audit_5k_20260824/seed0
0,ratio,ratio,0.0,2.287544250488281,18.30035400390625,7.751575946807861,0.8673320568411071,21.63483598502353,152065,3.150548458099365,0.5732421875,0.5980668663978577,2.160933256149292,-1.1892685890197754,fields/seed0/ratio/sigma0.npz,/data/users/zhoushunyu/eqvae/experiments/pmf_residual_estimator_audit_5k_20260824/seed0
0,ratio,ratio,0.1,2.06964111328125,16.55712890625,6.103041648864746,0.8673320568411071,21.63483598502353,152065,2.8353099822998047,0.5692138671875,0.5940045118331909,1.4155651330947876,-1.412580966949463,fields/seed0/ratio/sigma0.1.npz,/data/users/zhoushunyu/eqvae/experiments/pmf_residual_estimator_audit_5k_20260824/seed0
0,ratio,ratio,0.3,1.3744367361068726,10.99549388885498,3.640792369842529,0.8673320568411071,21.63483598502353,152065,2.021951675415039,0.5531005859375,0.5755300521850586,0.8119001984596252,-0.7318487167358398,fields/seed0/ratio/sigma0.3.npz,/data/users/zhoushunyu/eqvae/experiments/pmf_residual_estimator_audit_5k_20260824/seed0
0,ratio,ratio,0.7,0.3613744676113128,2.890995740890503,0.8599104285240173,0.8673320568411071,21.63483598502353,152065,0.9156131744384766,0.536865234375,0.5527872443199158,0.1623227894306183,-0.1971622556447982,fields/seed0/ratio/sigma0.7.npz,/data/users/zhoushunyu/eqvae/experiments/pmf_residual_estimator_audit_5k_20260824/seed0
0,ratio,ratio,1.5,0.0601205788552761,0.4809646308422088,0.1436972916126251,0.8673320568411071,21.63483598502353,152065,0.7043172717094421,0.52685546875,0.5350018739700317,0.0383516326546669,-0.0061112158000469,fields/seed0/ratio/sigma1.5.npz,/data/users/zhoushunyu/eqvae/experiments/pmf_residual_estimator_audit_5k_20260824/seed0
0,sobolev_ratio_lam0.1,sobolev_ratio,0.0,0.5636310577392578,4.509048938751221,1.3229001760482788,0.8673320568411071,22.092103432049043,152065,0.9659937024116516,0.5677490234375,0.591543436050415,0.3168700933456421,-0.346576452255249,fields/seed0/sobolev_ratio_lam0.1/sigma0.npz,/data/users/zhoushunyu/eqvae/experiments/pmf_residual_estimator_audit_5k_20260824/seed0
0,sobolev_ratio_lam0.1,sobolev_ratio,0.1,0.52518230676651,4.201457977294922,1.1592844724655151,0.8673320568411071,22.092103432049043,152065,0.9458699226379396,0.56494140625,0.5881130695343018,0.1949498057365417,-0.4198014140129089,fields/seed0/sobolev_ratio_lam0.1/sigma0.1.npz,/data/users/zhoushunyu/eqvae/experiments/pmf_residual_estimator_audit_5k_20260824/seed0
0,sobolev_ratio_lam0.1,sobolev_ratio,0.3,0.3191737234592438,2.55338978767395,0.6967628598213196,0.8673320568411071,22.092103432049043,152065,0.7928262948989868,0.560302734375,0.5737839937210083,0.0764878019690513,-0.266064703464508,fields/seed0/sobolev_ratio_lam0.1/sigma0.3.npz,/data/users/zhoushunyu/eqvae/experiments/pmf_residual_estimator_audit_5k_20260824/seed0
0,sobolev_ratio_lam0.1,sobolev_ratio,0.7,0.1006323918700218,0.8050591349601746,0.2588979005813598,0.8673320568411071,22.092103432049043,152065,0.7006747722625732,0.535888671875,0.5528925657272339,0.0114952810108661,-0.0925632193684578,fields/seed0/sobolev_ratio_lam0.1/sigma0.7.npz,/data/users/zhoushunyu/eqvae/experiments/pmf_residual_estimator_audit_5k_20260824/seed0
0,sobolev_ratio_lam0.1,sobolev_ratio,1.5,0.0307167451828718,0.2457339763641357,0.0849321261048317,0.8673320568411071,22.092103432049043,152065,0.690930962562561,0.5220947265625,0.5379087328910828,0.0235772989690303,-0.0099359946325421,fields/seed0/sobolev_ratio_lam0.1/sigma1.5.npz,/data/users/zhoushunyu/eqvae/experiments/pmf_residual_estimator_audit_5k_20260824/seed0
0,shared_dsm,shared_dsm,0.1,0.1303564757108688,1.042851805686951,0.9352726340293884,0.8673320568411071,14.509496983024292,172384,,,,,,fields/seed0/shared_dsm/sigma0.1.npz,/data/users/zhoushunyu/eqvae/experiments/pmf_residual_estimator_audit_5k_20260824/seed0
0,shared_dsm,shared_dsm,0.3,0.0929272770881652,0.7434181571006775,0.6670165657997131,0.8673320568411071,14.509496983024292,172384,,,,,,fields/seed0/shared_dsm/sigma0.3.npz,/data/users/zhoushunyu/eqvae/experiments/pmf_residual_estimator_audit_5k_20260824/seed0
0,shared_dsm,shared_dsm,0.7,0.0523493029177188,0.4187944233417511,0.3546286821365356,0.8673320568411071,14.509496983024292,172384,,,,,,fields/seed0/shared_dsm/sigma0.7.npz,/data/users/zhoushunyu/eqvae/experiments/pmf_residual_estimator_audit_5k_20260824/seed0
0,shared_dsm,shared_dsm,1.5,0.0246475767344236,0.1971806138753891,0.1403873413801193,0.8673320568411071,14.509496983024292,172384,,,,,,fields/seed0/shared_dsm/sigma1.5.npz,/data/users/zhoushunyu/eqvae/experiments/pmf_residual_estimator_audit_5k_20260824/seed0
0,factorized_dsm_coupled,factorized_dsm_coupled,0.1,0.3098272681236267,2.4786181449890137,2.2769007682800293,0.8673320568411071,11.898605403024703,184704,,,,,,fields/seed0/factorized_dsm_coupled/sigma0.1.npz,/data/users/zhoushunyu/eqvae/experiments/pmf_residual_estimator_audit_5k_20260824/seed0
0,factorized_dsm_coupled,factorized_dsm_coupled,0.3,0.2007386982440948,1.6059095859527588,1.2340121269226074,0.8673320568411071,11.898605403024703,184704,,,,,,fields/seed0/factorized_dsm_coupled/sigma0.3.npz,/data/users/zhoushunyu/eqvae/experiments/pmf_residual_estimator_audit_5k_20260824/seed0
0,factorized_dsm_coupled,factorized_dsm_coupled,0.7,0.149054080247879,1.1924326419830322,0.749657928943634,0.8673320568411071,11.898605403024703,184704,,,,,,fields/seed0/factorized_dsm_coupled/sigma0.7.npz,/data/users/zhoushunyu/eqvae/experiments/pmf_residual_estimator_audit_5k_20260824/seed0
0,factorized_dsm_coupled,factorized_dsm_coupled,1.5,0.0917544811964035,0.7340359687805176,0.3262612223625183,0.8673320568411071,11.898605403024703,184704,,,,,,fields/seed0/factorized_dsm_coupled/sigma1.5.npz,/data/users/zhoushunyu/eqvae/experiments/pmf_residual_estimator_audit_5k_20260824/seed0
1,zero_ratio,zero_ratio,0.0,6.477568626403809,51.82054901123047,26.337310791015625,0.8673320568411071,24.5981650990434,152065,8.775930404663086,0.5648193359375,0.5820173025131226,6.421090126037598,-2.3405840396881104,fields/seed1/zero_ratio/sigma0.npz,/data/users/zhoushunyu/eqvae/experiments/pmf_residual_estimator_audit_5k_20260824/seed1
1,ratio,ratio,0.0,2.327025890350342,18.61620712280273,7.826356887817383,0.8673320568411071,13.641468937974423,152065,3.2318968772888184,0.56982421875,0.5994348526000977,2.429705619812012,-1.197898268699646,fields/seed1/ratio/sigma0.npz,/data/users/zhoushunyu/eqvae/experiments/pmf_residual_estimator_audit_5k_20260824/seed1
1,ratio,ratio,0.1,2.1437318325042725,17.14985466003418,6.246669292449951,0.8673320568411071,13.641468937974423,152065,2.988078117370605,0.5615234375,0.5914689302444458,1.603325366973877,-1.366936445236206,fields/seed1/ratio/sigma0.1.npz,/data/users/zhoushunyu/eqvae/experiments/pmf_residual_estimator_audit_5k_20260824/seed1
1,ratio,ratio,0.3,1.4247061014175415,11.397648811340332,3.739668130874634,0.8673320568411071,13.641468937974423,152065,2.1023082733154297,0.5533447265625,0.5745141506195068,0.9773917198181152,-0.6563135385513306,fields/seed1/ratio/sigma0.3.npz,/data/users/zhoushunyu/eqvae/experiments/pmf_residual_estimator_audit_5k_20260824/seed1
1,ratio,ratio,0.7,0.3837926089763641,3.070340871810913,0.9819282293319702,0.8673320568411071,13.641468937974423,152065,0.9425932168960572,0.5357666015625,0.5532234907150269,0.2711592018604278,-0.1223723292350769,fields/seed1/ratio/sigma0.7.npz,/data/users/zhoushunyu/eqvae/experiments/pmf_residual_estimator_audit_5k_20260824/seed1
1,ratio,ratio,1.5,0.0516027733683586,0.4128221869468689,0.1349648684263229,0.8673320568411071,13.641468937974423,152065,0.6979466676712036,0.526123046875,0.5394816398620605,0.0223579555749893,-0.0377844423055648,fields/seed1/ratio/sigma1.5.npz,/data/users/zhoushunyu/eqvae/experiments/pmf_residual_estimator_audit_5k_20260824/seed1
1,sobolev_ratio_lam0.1,sobolev_ratio,0.0,0.5469256043434143,4.3754048347473145,1.2794697284698486,0.8673320568411071,22.73713667097036,152065,0.9578907489776612,0.5638427734375,0.5883294343948364,0.3735517859458923,-0.2441970407962799,fields/seed1/sobolev_ratio_lam0.1/sigma0.npz,/data/users/zhoushunyu/eqvae/experiments/pmf_residual_estimator_audit_5k_20260824/seed1
1,sobolev_ratio_lam0.1,sobolev_ratio,0.1,0.5138330459594727,4.110664367675781,1.145792841911316,0.8673320568411071,22.73713667097036,152065,0.9365217685699464,0.5682373046875,0.5863227248191833,0.3428225815296173,-0.2394123077392578,fields/seed1/sobolev_ratio_lam0.1/sigma0.1.npz,/data/users/zhoushunyu/eqvae/experiments/pmf_residual_estimator_audit_5k_20260824/seed1
1,sobolev_ratio_lam0.1,sobolev_ratio,0.3,0.3068553209304809,2.454842567443848,0.6863101720809937,0.8673320568411071,22.73713667097036,152065,0.7845640778541565,0.56005859375,0.5810251235961914,0.1904022991657257,-0.1696642339229583,fields/seed1/sobolev_ratio_lam0.1/sigma0.3.npz,/data/users/zhoushunyu/eqvae/experiments/pmf_residual_estimator_audit_5k_20260824/seed1
1,sobolev_ratio_lam0.1,sobolev_ratio,0.7,0.1051757261157035,0.8414058089256287,0.2767076790332794,0.8673320568411071,22.73713667097036,152065,0.7020306587219238,0.5467529296875,0.5587604641914368,0.0583727844059467,-0.0638822540640831,fields/seed1/sobolev_ratio_lam0.1/sigma0.7.npz,/data/users/zhoushunyu/eqvae/experiments/pmf_residual_estimator_audit_5k_20260824/seed1
1,sobolev_ratio_lam0.1,sobolev_ratio,1.5,0.0296300239861011,0.2370401918888092,0.0980520024895668,0.8673320568411071,22.73713667097036,152065,0.6912848949432373,0.5364990234375,0.5444971919059753,-0.0178480353206396,-0.0563630126416683,fields/seed1/sobolev_ratio_lam0.1/sigma1.5.npz,/data/users/zhoushunyu/eqvae/experiments/pmf_residual_estimator_audit_5k_20260824/seed1
1,shared_dsm,shared_dsm,0.1,0.1334874480962753,1.0678995847702026,0.9781143069267272,0.8673320568411071,13.744893372058868,172384,,,,,,fields/seed1/shared_dsm/sigma0.1.npz,/data/users/zhoushunyu/eqvae/experiments/pmf_residual_estimator_audit_5k_20260824/seed1
1,shared_dsm,shared_dsm,0.3,0.0948764830827713,0.7590118646621704,0.6964855194091797,0.8673320568411071,13.744893372058868,172384,,,,,,fields/seed1/shared_dsm/sigma0.3.npz,/data/users/zhoushunyu/eqvae/experiments/pmf_residual_estimator_audit_5k_20260824/seed1
1,shared_dsm,shared_dsm,0.7,0.0542294234037399,0.4338353872299194,0.377480536699295,0.8673320568411071,13.744893372058868,172384,,,,,,fields/seed1/shared_dsm/sigma0.7.npz,/data/users/zhoushunyu/eqvae/experiments/pmf_residual_estimator_audit_5k_20260824/seed1
1,shared_dsm,shared_dsm,1.5,0.0251946058124303,0.2015568315982818,0.1467195898294448,0.8673320568411071,13.744893372058868,172384,,,,,,fields/seed1/shared_dsm/sigma1.5.npz,/data/users/zhoushunyu/eqvae/experiments/pmf_residual_estimator_audit_5k_20260824/seed1
1,factorized_dsm_coupled,factorized_dsm_coupled,0.1,0.3540250658988952,2.832200527191162,2.635396718978882,0.8673320568411071,15.04889890900813,184704,,,,,,fields/seed1/factorized_dsm_coupled/sigma0.1.npz,/data/users/zhoushunyu/eqvae/experiments/pmf_residual_estimator_audit_5k_20260824/seed1
1,factorized_dsm_coupled,factorized_dsm_coupled,0.3,0.2113201916217804,1.6905615329742432,1.252606749534607,0.8673320568411071,15.04889890900813,184704,,,,,,fields/seed1/factorized_dsm_coupled/sigma0.3.npz,/data/users/zhoushunyu/eqvae/experiments/pmf_residual_estimator_audit_5k_20260824/seed1
1,factorized_dsm_coupled,factorized_dsm_coupled,0.7,0.1513776183128357,1.2110209465026855,0.7408571839332581,0.8673320568411071,15.04889890900813,184704,,,,,,fields/seed1/factorized_dsm_coupled/sigma0.7.npz,/data/users/zhoushunyu/eqvae/experiments/pmf_residual_estimator_audit_5k_20260824/seed1
1,factorized_dsm_coupled,factorized_dsm_coupled,1.5,0.0915358439087867,0.7322867512702942,0.3230052292346954,0.8673320568411071,15.04889890900813,184704,,,,,,fields/seed1/factorized_dsm_coupled/sigma1.5.npz,/data/users/zhoushunyu/eqvae/experiments/pmf_residual_estimator_audit_5k_20260824/seed1
2,zero_ratio,zero_ratio,0.0,6.764848232269287,54.11878204345703,26.30976867675781,0.8673320568411071,16.506332419929095,152065,8.75826358795166,0.5653076171875,0.590231716632843,7.295177936553955,-2.8369858264923096,fields/seed2/zero_ratio/sigma0.npz,/data/users/zhoushunyu/eqvae/experiments/pmf_residual_estimator_audit_5k_20260824/seed2
2,ratio,ratio,0.0,2.2165114879608154,17.732091903686523,7.415798664093018,0.8673320568411071,12.374178951024078,152065,3.0335822105407715,0.5718994140625,0.600446879863739,1.5921070575714111,-1.8353475332260127,fields/seed2/ratio/sigma0.npz,/data/users/zhoushunyu/eqvae/experiments/pmf_residual_estimator_audit_5k_20260824/seed2
2,ratio,ratio,0.1,2.0050389766693115,16.040311813354492,5.793078899383545,0.8673320568411071,12.374178951024078,152065,2.742207765579224,0.5665283203125,0.5936101675033569,0.853571355342865,-1.968312740325928,fields/seed2/ratio/sigma0.1.npz,/data/users/zhoushunyu/eqvae/experiments/pmf_residual_estimator_audit_5k_20260824/seed2
2,ratio,ratio,0.3,1.459611177444458,11.676888465881348,3.76776123046875,0.8673320568411071,12.374178951024078,152065,2.101529121398926,0.5567626953125,0.576084315776825,0.4756790399551391,-1.1962448358535769,fields/seed2/ratio/sigma0.3.npz,/data/users/zhoushunyu/eqvae/experiments/pmf_residual_estimator_audit_5k_20260824/seed2
2,ratio,ratio,0.7,0.3840744495391845,3.072595834732056,0.9062488675117492,0.8673320568411071,12.374178951024078,152065,0.9201095104217528,0.539306640625,0.5538681745529175,0.2057131677865982,-0.2179790139198303,fields/seed2/ratio/sigma0.7.npz,/data/users/zhoushunyu/eqvae/experiments/pmf_residual_estimator_audit_5k_20260824/seed2
2,ratio,ratio,1.5,0.0546424873173236,0.4371399283409118,0.1298745572566986,0.8673320568411071,12.374178951024078,152065,0.6972242593765259,0.5369873046875,0.5442979335784912,0.0107865100726485,-0.0459002777934074,fields/seed2/ratio/sigma1.5.npz,/data/users/zhoushunyu/eqvae/experiments/pmf_residual_estimator_audit_5k_20260824/seed2
2,sobolev_ratio_lam0.1,sobolev_ratio,0.0,0.5589126348495483,4.471301078796387,1.3391510248184204,0.8673320568411071,25.44088918401394,152065,0.9671183824539183,0.5736083984375,0.6036350131034851,0.3461008071899414,-0.4356106519699096,fields/seed2/sobolev_ratio_lam0.1/sigma0.npz,/data/users/zhoushunyu/eqvae/experiments/pmf_residual_estimator_audit_5k_20260824/seed2
2,sobolev_ratio_lam0.1,sobolev_ratio,0.1,0.5188358426094055,4.150686740875244,1.194302678108215,0.8673320568411071,25.44088918401394,152065,0.9382955431938172,0.57470703125,0.6008349061012268,0.2797660529613495,-0.4412389993667602,fields/seed2/sobolev_ratio_lam0.1/sigma0.1.npz,/data/users/zhoushunyu/eqvae/experiments/pmf_residual_estimator_audit_5k_20260824/seed2
2,sobolev_ratio_lam0.1,sobolev_ratio,0.3,0.3232275545597076,2.585820436477661,0.73394376039505,0.8673320568411071,25.44088918401394,152065,0.7828698754310608,0.567626953125,0.592743456363678,0.2168157994747162,-0.2176384031772613,fields/seed2/sobolev_ratio_lam0.1/sigma0.3.npz,/data/users/zhoushunyu/eqvae/experiments/pmf_residual_estimator_audit_5k_20260824/seed2
2,sobolev_ratio_lam0.1,sobolev_ratio,0.7,0.1063224300742149,0.8505794405937195,0.2778640389442444,0.8673320568411071,25.44088918401394,152065,0.6957110166549683,0.5474853515625,0.5683736801147461,0.0648141056299209,-0.075481541454792,fields/seed2/sobolev_ratio_lam0.1/sigma0.7.npz,/data/users/zhoushunyu/eqvae/experiments/pmf_residual_estimator_audit_5k_20260824/seed2
2,sobolev_ratio_lam0.1,sobolev_ratio,1.5,0.0302968863397836,0.2423750907182693,0.0964203849434852,0.8673320568411071,25.44088918401394,152065,0.6895191669464111,0.53564453125,0.5524677038192749,-0.0067759635858237,-0.0486658923327922,fields/seed2/sobolev_ratio_lam0.1/sigma1.5.npz,/data/users/zhoushunyu/eqvae/experiments/pmf_residual_estimator_audit_5k_20260824/seed2
2,shared_dsm,shared_dsm,0.1,0.1151184067130088,0.9209473133087158,0.7916572690010071,0.8673320568411071,16.042478387942538,172384,,,,,,fields/seed2/shared_dsm/sigma0.1.npz,/data/users/zhoushunyu/eqvae/experiments/pmf_residual_estimator_audit_5k_20260824/seed2
2,shared_dsm,shared_dsm,0.3,0.0829996615648269,0.6639972925186157,0.5856510996818542,0.8673320568411071,16.042478387942538,172384,,,,,,fields/seed2/shared_dsm/sigma0.3.npz,/data/users/zhoushunyu/eqvae/experiments/pmf_residual_estimator_audit_5k_20260824/seed2
2,shared_dsm,shared_dsm,0.7,0.0492728427052497,0.3941827416419983,0.3248094320297241,0.8673320568411071,16.042478387942538,172384,,,,,,fields/seed2/shared_dsm/sigma0.7.npz,/data/users/zhoushunyu/eqvae/experiments/pmf_residual_estimator_audit_5k_20260824/seed2
2,shared_dsm,shared_dsm,1.5,0.0237978976219892,0.190383180975914,0.1268273741006851,0.8673320568411071,16.042478387942538,172384,,,,,,fields/seed2/shared_dsm/sigma1.5.npz,/data/users/zhoushunyu/eqvae/experiments/pmf_residual_estimator_audit_5k_20260824/seed2
2,factorized_dsm_coupled,factorized_dsm_coupled,0.1,0.317445158958435,2.5395610332489014,2.3517448902130127,0.8673320568411071,28.26835649111308,184704,,,,,,fields/seed2/factorized_dsm_coupled/sigma0.1.npz,/data/users/zhoushunyu/eqvae/experiments/pmf_residual_estimator_audit_5k_20260824/seed2
2,factorized_dsm_coupled,factorized_dsm_coupled,0.3,0.2019115537405014,1.6152924299240112,1.2438836097717283,0.8673320568411071,28.26835649111308,184704,,,,,,fields/seed2/factorized_dsm_coupled/sigma0.3.npz,/data/users/zhoushunyu/eqvae/experiments/pmf_residual_estimator_audit_5k_20260824/seed2
2,factorized_dsm_coupled,factorized_dsm_coupled,0.7,0.1501951813697815,1.201561450958252,0.7525655031204224,0.8673320568411071,28.26835649111308,184704,,,,,,fields/seed2/factorized_dsm_coupled/sigma0.7.npz,/data/users/zhoushunyu/eqvae/experiments/pmf_residual_estimator_audit_5k_20260824/seed2
2,factorized_dsm_coupled,factorized_dsm_coupled,1.5,0.091653011739254,0.733224093914032,0.3276200294494629,0.8673320568411071,28.26835649111308,184704,,,,,,fields/seed2/factorized_dsm_coupled/sigma1.5.npz,/data/users/zhoushunyu/eqvae/experiments/pmf_residual_estimator_audit_5k_20260824/seed2
